year,iso,pop,rgdpmad,xrusd,eq_tr,eq_capgain,eq_div_rtn
1924,AUS,5819,5417.4256745145212,0.44232046227806776,0.13699999451637268,7.5999997556209564E-2,6.1000004410743713E-2
1925,AUS,5943,5553.0876661618713,0.41447141948415456,0.17700000107288361,0.11399999260902405,6.3000001013278961E-2
1926,AUS,6064,5572.5593667546182,0.41257451845657517,0.14100000262260437,8.1999994814395905E-2,5.9000000357627869E-2
1927,AUS,6188,5543.7944408532639,0.41433834413409815,0.12399999797344208,6.4999997615814209E-2,5.9000000357627869E-2
1928,AUS,6304,5451.7766497461926,0.41514142634180001,0.17700000107288361,0.11500000208616257,6.1999998986721039E-2
1929,AUS,6396,5262.9768605378358,0.43658322216614742,-5.3000003099441528E-2,-0.10100000351667404,4.8000000417232513E-2
1930,AUS,6469,4708.3011284588029,0.53071281948289473,-0.29600000381469727,-0.33900001645088196,4.2999997735023499E-2
1931,AUS,6527,4353.60808947449,0.55234498893570128,0.17700000107288361,0.11300000548362732,6.4000003039836884E-2
1932,AUS,6579,4563.7634898920805,0.71698640747206532,0.24799999594688416,0.19900000095367432,4.8999994993209839E-2
1933,AUS,6631,4842.4068767908302,0.59331638302789347,0.25600001215934753,0.21100001037120819,4.5000001788139343E-2
1934,AUS,6682,5059.8623166716552,0.50029058252832348,0.23200000822544098,0.19099999964237213,4.1000001132488251E-2
1935,AUS,6732,5317.587641117053,0.51225785667163481,0.10100000351667404,6.1999998986721039E-2,3.9000000804662704E-2
1936,AUS,6783,5515.8484446410139,0.50494682263625701,0.19799999892711639,0.15399999916553497,4.3999999761581421E-2
1937,AUS,6841,5745.6512205817862,0.50773244011417729,2.4000000208616257E-2,-1.7000000923871994E-2,4.1000001132488251E-2
1938,AUS,6904,5886.3267670915411,0.5134151834605164,-4.999999888241291E-3,-5.0999999046325684E-2,4.6000000089406967E-2
1939,AUS,6971,5845.5613254913223,0.56596298602071426,5.3000003099441528E-2,2.0000000949949026E-3,5.1000002771615982E-2
1940,AUS,7042,6166.1391650099413,0.65539389172892903,3.5000000149011612E-2,-1.7000000923871994E-2,5.1999997347593307E-2
1941,AUS,7111,6788.2300660947813,0.62250996015936255,-5.4999999701976776E-2,-0.10100000351667404,4.6000000089406967E-2
1942,AUS,7173,7505.4521120869931,0.62208398133748055,0.18400000035762787,0.12399999797344208,6.0000002384185791E-2
1943,AUS,7236,7702.8325041459375,0.6198090987975704,8.8999994099140167E-2,4.5000001788139343E-2,4.4000003486871719E-2
1944,AUS,7309,7362.0270898891786,0.61957868649318459,7.9999998211860657E-2,3.5999998450279236E-2,4.3999996036291122E-2
1945,AUS,7389,6916.8980917580184,0.6211180124223602,0.14100000262260437,9.6000000834465027E-2,4.5000005513429642E-2
1946,AUS,7474,6594.9328338239229,0.62239372627123923,0.13300000131130219,9.2000000178813934E-2,4.1000001132488251E-2
1947,AUS,7578,6664.3990498812354,0.62305295950155759,0.16600000858306885,0.12700000405311584,3.9000000804662704E-2
1948,AUS,7715,6967.4597537265081,0.62034730452604414,2.4000000208616257E-2,-1.0999999940395355E-2,3.5000000149011612E-2
1949,AUS,7919,7236.7925243086256,0.89285699989285705,8.1000000238418579E-2,3.9999999105930328E-2,4.1000001132488251E-2
1950,AUS,8267.3369999999995,7411.576424185927,0.89285699989285705,0.31400001049041748,0.26700001955032349,4.700000211596489E-2
1951,AUS,8510.6,7507.343783047023,0.89928057594175104,-4.6000000089406967E-2,-8.3000004291534424E-2,3.699999675154686E-2
1952,AUS,8691.2119999999995,7417.8376962844768,0.89206066092172853,-0.13300000131130219,-0.17499999701976776,4.1999999433755875E-2
1953,AUS,8857.9240000000009,7505.2574395535557,0.89206066092172853,0.12999999523162842,7.6999999582767487E-2,5.3000003099441528E-2
1954,AUS,9064.0169999999998,7790.5855648770294,0.89928057594175104,0.18600000441074371,0.13099999725818634,5.5000003427267075E-2
1955,AUS,9277.0869999999995,8027.4120529429119,0.89405453812628921,0.10300000011920929,4.6999998390674591E-2,5.6000001728534698E-2
1956,AUS,9500.6059999999998,8108.324879486634,0.89928057594175104,7.6999999582767487E-2,1.7000000923871994E-2,5.9999998658895493E-2
1957,AUS,9712.5689999999995,8090.2385352423244,0.89245872458139808,0.16700001060962677,0.10499999672174454,6.1999998986721039E-2
1958,AUS,9915.2669999999998,8305.474779448703,0.89405453812628921,0.18899999558925629,0.1289999932050705,6.0000006109476089E-2
1959,AUS,10131.73,8628.4384432311617,0.89485458652995731,0.44299998879432678,0.38099998235702515,6.1999998986721039E-2
1960,AUS,10361.27,8790.9082214125629,0.89365504995000422,-6.1999998986721039E-2,-9.8999999463558197E-2,3.7000000476837158E-2
1961,AUS,10598.81,8653.1379831743434,0.89245872458139808,0.11600000411272049,6.5999999642372131E-2,5.000000074505806E-2
1962,AUS,10794.97,9026.7984120008514,0.89405453812628921,4.1999999433755875E-2,-1.0000000474974513E-3,4.2999997735023499E-2
1963,AUS,11001.48,9399.9145387944518,0.89605734847245155,0.26600000262260437,0.21600000560283661,5.000000074505806E-2
1964,AUS,11218.3,9848.9040767659699,0.89766606902698409,4.3999999761581421E-2,4.999999888241291E-3,3.8999997079372406E-2
1965,AUS,11439.38,10151.857827309583,0.89405453812628921,-8.1999994814395905E-2,-0.1210000067949295,3.9000000804662704E-2
1966,AUS,11655.08,10241.282709012024,0.89766606822262107,6.7000001668930054E-2,2.0999999716877937E-2,4.6000000089406967E-2
1967,AUS,11872.26,10732.746509006201,0.89206066092066083,0.42500001192092896,0.36900001764297485,5.59999980032444E-2
1968,AUS,12101.66,11148.305273821938,0.9009009009009008,0.34799998998641968,0.30700001120567322,4.1000001132488251E-2
1969,AUS,12379.38,11560.995280540616,0.89445438362652452,0.10100000351667404,6.8999998271465302E-2,3.2000001519918442E-2
1970,AUS,12660.16,12023.544726133005,0.89686098735144493,-0.13699999451637268,-0.16700001060962677,2.9999997466802597E-2
1971,AUS,12937.2,12289.521689391831,0.83963056325745644,-6.1000000685453415E-2,-9.8000004887580872E-2,3.7000004202127457E-2
1972,AUS,13177,12404.416786825528,0.78431372610534411,0.36400002241134644,0.31799998879432678,4.6000000089406967E-2
1973,AUS,13380.4,12878.090341095933,0.67204301120433008,-0.25799998641014099,-0.28700000047683716,2.8999999165534973E-2
1974,AUS,13599.1,12985.124015559853,0.75357950320541023,-0.26199999451637268,-0.30899998545646667,4.6999998390674591E-2
1975,AUS,13771.4,13169.830227863544,0.79548166478043247,0.54600000381469727,0.45400002598762512,9.2000000178813934E-2
1976,AUS,13915.5,13558.837267794905,0.92047128129602351,3.5999998450279236E-2,-1.9999999552965164E-2,5.6000001728534698E-2
1977,AUS,14074.1,13546.37241457713,0.87611705000535922,0.13199999928474426,6.5999999642372131E-2,6.5999999642372131E-2
1978,AUS,14248.6,13768.650955181562,0.8691873106207626,0.24299998581409454,0.17599999904632568,6.7000001668930054E-2
1979,AUS,14421.9,14319.541807944863,0.90456806956541658,0.38999998569488525,0.31999999284744263,7.0000000298023224E-2
1980,AUS,14615.9,14411.839161461148,0.84695519678746101,0.52300000190734863,0.45800000429153442,6.4999997615814209E-2
1981,AUS,14923.26,14660.335610315709,0.88660342307527562,-0.1080000028014183,-0.14399999380111694,3.5999998450279236E-2
1982,AUS,15162,14411.819021237303,1.0197838068731224,-0.15299999713897705,-0.19700001180171967,4.3999999761581421E-2
1983,AUS,15348,14238.923638259055,1.1086474501108647,0.63700002431869507,0.56599998474121094,7.0999994874000549E-2
1984,AUS,15510,15062.411347517731,1.2080212611741967,4.999999888241291E-3,-3.7000000476837158E-2,4.1999999433755875E-2
1985,AUS,15695,15638.35616438356,1.4686444411807902,0.42099997401237488,0.36400002241134644,5.7000007480382919E-2
1986,AUS,15900,15757.169811320753,1.5042117930204575,0.51099997758865356,0.4570000171661377,5.4000001400709152E-2
1987,AUS,16137,16293.301109252032,1.3840830449826989,-9.6000000834465027E-2,-0.1210000067949295,2.500000037252903E-2
1988,AUS,16400,16752.256097560978,1.168907071887785,0.21100001037120819,0.16099999845027924,4.9999997019767761E-2
1989,AUS,16681,17194.412804987711,1.2615112905260504,0.17899999022483826,0.11300000548362732,6.5999992191791534E-2
1990,AUS,16956,17172.682236376502,1.29315918789603,-0.15299999713897705,-0.20100000500679016,4.8000000417232513E-2
1991,AUS,17202,16743.323985517862,1.3161358252171624,0.27500000596046448,0.22200000286102295,5.299999937415123E-2
1992,AUS,17419,16988.874013415483,1.4522218995062446,-2.199999988079071E-2,-5.9999998658895493E-2,3.7999995052814484E-2
1993,AUS,17608,17478.185210321713,1.476886722788362,0.40456143021583557,0.35504370927810669,4.9517706036567688E-2
1994,AUS,17781,18145.568488327885,1.2873326799004294,-8.8101856410503387E-2,-0.12148795276880264,3.3386096358299255E-2
1995,AUS,17976,18529.558206836238,1.3422818791946309,0.20723018050193787,0.15689592063426971,5.0334271043539047E-2
1996,AUS,18195,19075.08247877645,1.2554926390529346,0.14342470467090607,9.8834820091724396E-2,4.4589877128601074E-2
1997,AUS,18415,19612.091773011129,1.5320974179240476,0.11419185996055603,7.2646372020244598E-2,4.1545480489730835E-2
1998,AUS,18621,20377.949762010507,1.6289297665917939,8.4790267050266266E-2,4.5551463961601257E-2,3.9238806813955307E-2
1999,AUS,18830,20970.894286664141,1.5295197308045272,0.19295363128185272,0.15268817543983459,4.0265455842018127E-2
2000,AUS,19053,21377.823125181403,1.8050541516245486,5.0225395709276199E-2,1.4764538966119289E-2,3.5460855811834335E-2
2001,AUS,19294,21662.025668109953,1.9584802193497843,0.10134624689817429,6.5045803785324097E-2,3.6300443112850189E-2
2002,AUS,19345,22236.935272996816,1.7661603673613564,-8.0964095890522003E-2,-0.11440816521644592,3.3444073051214218E-2
2003,AUS,19767,22666.277788514366,1.3333333333333333,0.15864193439483643,0.11107376962900162,4.7568168491125107E-2
2004,AUS,19995,23322.007883053539,1.2836970474967908,0.2756807804107666,0.22598306834697723,4.9697700887918472E-2
2005,AUS,20232,23764.613687385267,1.362954886193267,0.21087831258773804,0.16177740693092346,4.9100913107395172E-2
2006,AUS,20489,24097.573450962896,1.2637432073802604,0.24965542554855347,0.19867058098316193,5.0984840840101242E-2
2007,AUS,20750,24911.577867815489,1.1343012704174229,0.1795337051153183,0.13760785758495331,4.1925854980945587E-2
2008,AUS,21007,25218.301890654599,1.4434180138568129,-0.40384784340858459,-0.43010434508323669,2.6256483048200607E-2
2009,AUS,21388.483050847459,25255.63884313768,1.11495149960977,0.39578074216842651,0.33432623744010925,6.1454501003026962E-2
2010,AUS,21687.800521512385,25584.48835604182,0.98396142871199499,3.306250274181366E-2,-7.3320092633366585E-3,4.0394507348537445E-2
2011,AUS,22030.157105606257,25883.527952005992,0.98463962189838505,-0.11430837959051132,-0.15182900428771973,3.7520628422498703E-2
2012,AUS,22427.29074315515,26390.436830679035,0.96107640557424301,0.18840819597244263,0.13466309010982513,5.3745102137327194E-2
2013,AUS,22789.210560625816,26525.71368012829,1.12803158488438,0.19655711948871613,0.14760108292102814,4.8956040292978287E-2
2014,AUS,23123.741851368974,26813.654579488142,1.2192148256522799,5.6099474430084229E-2,1.1023916304111481E-2,4.3271824717521667E-2
2015,AUS,23461.207627118645,27043.292984052609,1.3687380235422899,2.5605125352740288E-2,-2.1253002807497978E-2,4.6881981194019318E-2
2016,AUS,23857.363102998697,27319.882367187696,1.3819789939192899,0.1193000003695488,7.2499997913837433E-2,4.6799998730421066E-2
2017,AUS,24231.999022164277,27547.339065707012,1.2820512820512799,0.12319999933242798,7.7299997210502625E-2,4.5900002121925354E-2
2018,AUS,24621.307366362453,27883.914290433742,1.4168319637291,-3.7300001829862595E-2,-7.7299997210502625E-2,3.9999999105930328E-2
2019,AUS,24999.855932203394,27986.814400679978,1.42734798743934,0.23810000717639923,0.1817999929189682,5.6299999356269836E-2
2020,AUS,25132.885919165587,27183.907814789989,1.29836406128278,4.9199998378753662E-2,1.7699999734759331E-2,3.1500000506639481E-2
1924,BEL,7707,4637.7883742052672,21.534099999999999,-3.0854078009724617E-2,-7.054465264081955E-2,3.9690576493740082E-2
1925,BEL,7779,4665.5526417277288,21.017199999999999,7.0846386253833771E-2,2.563570998609066E-2,4.5210674405097961E-2
1926,BEL,7844,4783.5951045385009,30.6251,0.63690078258514404,0.58229470252990723,5.460609495639801E-2
1927,BEL,7904,4923.2592358299589,35.930499999999995,0.63654619455337524,0.58971881866455078,4.6827353537082672E-2
1928,BEL,7968,5139.4706325301204,35.898499999999999,0.25942015647888184,0.23346744477748871,2.5952698662877083E-2
1929,BEL,8032,5054.21875,35.939,-0.30225679278373718,-0.3185960054397583,1.633920706808567E-2
1930,BEL,8076.0000000000009,4978.6182516097078,35.835999999999999,-0.28866109251976013,-0.31274354457855225,2.4082429707050323E-2
1931,BEL,8125.9999999999991,4860.4094265321191,35.897500000000001,-0.31380856037139893,-0.33808466792106628,2.427610382437706E-2
1932,BEL,8186,4607.4519912044952,35.936,2.6677500456571579E-2,-6.9924057461321354E-3,3.3669907599687576E-2
1933,BEL,8231,4680.5099015915439,27.933500000000002,-9.6824124455451965E-2,-0.12159982323646545,2.4775706231594086E-2
1934,BEL,8262,4623.7965383684341,21.471499999999999,-0.188296839594841,-0.21606427431106567,2.7767447754740715E-2
1935,BEL,8288,4894.2010135135142,27.138500000000001,0.5263822078704834,0.48425370454788208,4.2128521949052811E-2
1936,BEL,8315,4913.3206253758262,29.5565,0.26672020554542542,0.22668491303920746,4.0035303682088852E-2
1937,BEL,8346,4960.958543014618,29.627500000000001,-5.8403883129358292E-2,-9.0520106256008148E-2,3.2116223126649857E-2
1938,BEL,8374,4832.3497731072357,29.596,-8.6987420916557312E-2,-0.12960520386695862,4.2617786675691605E-2
1939,BEL,8392,5149.617731172546,29.670500000000001,-0.19987210631370544,-0.2431836873292923,4.3311577290296555E-2
1940,BEL,8346,4561.7564102564102,29.62,1.2579715251922607,1.1793669462203979,7.8604578971862793E-2
1941,BEL,8276,4358.0117206379891,31.124944419742107,0.75956571102142334,0.73360258340835571,2.5963133201003075E-2
1942,BEL,8247,3996.7979871468415,31.111111111111111,8.1868849694728851E-2,7.4013188481330872E-2,7.855663076043129E-3
1943,BEL,8242,3906.6008007765108,31.111111111111111,-8.733639121055603E-2,-9.2282019555568695E-2,4.9456311389803886E-3
1944,BEL,8291,4112.1382221686172,43.820999999999998,0.1462046355009079,0.1427634209394455,3.4412099048495293E-3
1945,BEL,8339,4332.8455450293804,43.820999999999998,-1.8135979771614075E-2,-2.9860584065318108E-2,1.1724605225026608E-2
1946,BEL,8367,4573.5031672044943,57,-9.290892630815506E-2,-0.11057457327842712,1.7665643244981766E-2
1947,BEL,8450,4800.3713609467468,48.75,-0.30969220399856567,-0.32951053977012634,1.9818345084786415E-2
1948,BEL,8557,5023.8591796190249,53.75,8.9318091049790382E-3,-3.0033325776457787E-2,3.8965135812759399E-2
1949,BEL,8614,5193.3945902019968,50.4,0.21361523866653442,0.1647457629442215,4.8869479447603226E-2
1950,BEL,8639,5462.2044734980063,51.7,0.15921634435653687,0.11517639458179474,4.4039957225322723E-2
1951,BEL,8678,5746.9211440929221,54,0.42050188779830933,0.36142182350158691,5.9080090373754501E-2
1952,BEL,8730,5668.2364678385475,51.1,-7.1121137589216232E-3,-5.3298760205507278E-2,4.6186644583940506E-2
1953,BEL,8798,5818.1520739705393,50.45,9.4325371086597443E-2,4.4864453375339508E-2,4.9460913985967636E-2
1954,BEL,8841,6029.1086221480427,49.999999999000003,0.42230522632598877,0.36934149265289307,5.2963715046644211E-2
1955,BEL,8896,6280.2229244599548,49.959999998999997,0.28379213809967041,0.21886926889419556,6.4922884106636047E-2
1956,BEL,8951,6422.455791197629,50.224999998999998,-2.480674721300602E-2,-6.3226573169231415E-2,3.8419827818870544E-2
1957,BEL,9027,6494.6355651854774,50.017499999000002,-0.1783108115196228,-0.21128565073013306,3.2974831759929657E-2
1958,BEL,9079,6441.8300514973034,49.842499998999998,0.16084563732147217,0.10901486128568649,5.1830776035785675E-2
1959,BEL,9129,6608.2810681205474,49.937499999000003,-2.7247795835137367E-2,-6.3355185091495514E-2,3.6107387393712997E-2
1960,BEL,9178,6952.0874686084635,49.699999998999999,-0.13784801959991455,-0.17695213854312897,3.9104118943214417E-2
1961,BEL,9190,7252.8311767658042,49.779999998999998,0.1671425849199295,0.12053732573986053,4.6605251729488373E-2
1962,BEL,9251,7583.0946802048084,49.751299998999997,-3.4702453762292862E-2,-6.9573849439620972E-2,3.4871399402618408E-2
1963,BEL,9328,7862.4597386648848,49.827499998999997,0.15607059001922607,0.11799203604459763,3.8078557699918747E-2
1964,BEL,9428,8340.7707910750505,49.632499998999997,3.931485116481781E-2,4.915294237434864E-3,3.4399557858705521E-2
1965,BEL,9499,8559.3928938093359,49.642499999000002,-4.5631427317857742E-2,-8.0205328762531281E-2,3.457389771938324E-2
1966,BEL,9556,8775.9523759439617,50.052499998999998,-0.19022873044013977,-0.22236190736293793,3.2133176922798157E-2
1967,BEL,9606,9071.8359231936374,49.627499999000001,0.24981649219989777,0.19813448190689087,5.1682014018297195E-2
1968,BEL,9632,9415.5248284635763,50.14,0.16184508800506592,0.11660446971654892,4.5240622013807297E-2
1969,BEL,9660,10018.205082859133,49.666299999000003,4.663727805018425E-2,5.4472326301038265E-3,4.1190043091773987E-2
1970,BEL,9651,10610.824046981676,49.674999999000001,5.1439132541418076E-2,-1.2913829414173961E-3,5.2730515599250793E-2
1971,BEL,9695,10969.55285603515,44.754999998999999,9.1173097491264343E-2,4.0951024740934372E-2,5.0222072750329971E-2
1972,BEL,9727,11502.507956453224,44.0625,0.30950459837913513,0.25562307238578796,5.3881511092185974E-2
1973,BEL,9757,12169.966318902489,41.319999998999997,6.9189965724945068E-2,3.16881462931633E-2,3.7501823157072067E-2
1974,BEL,9788,12642.969757775551,36.122499998999999,-0.24737221002578735,-0.28481653332710266,3.7444323301315308E-2
1975,BEL,9813,12440.7849062768,39.527499999,0.23179574310779572,0.1668466329574585,6.4949110150337219E-2
1976,BEL,9823,13122.311690959128,35.982499998999998,-3.5010740160942078E-2,-8.2524985074996948E-2,4.7514244914054871E-2
1977,BEL,9837,13189.944816632391,32.939999999000001,2.0513959228992462E-2,-3.859417513012886E-2,5.9108138084411621E-2
1978,BEL,9842,13553.923314038067,28.799999999000001,0.13515537977218628,6.9038964807987213E-2,6.6116407513618469E-2
1979,BEL,9855,13860.651404871303,28.047999999999998,0.10138563811779022,4.1044250130653381E-2,6.0341391712427139E-2
1980,BEL,9863,14467.441199171306,31.523,-0.11453817039728165,-0.1744636595249176,5.9925481677055359E-2
1981,BEL,9855,14278.754415167878,38.459999998999997,0.11069336533546448,2.1614216268062592E-2,8.9079149067401886E-2
1982,BEL,9858,14474.494138420865,46.919999998999998,0.28014150261878967,0.192453533411026,8.7687969207763672E-2
1983,BEL,9853,14473.919184375862,55.639999998999997,0.44913351535797119,0.36225521564483643,8.6878314614295959E-2
1984,BEL,9858,14832.628129027022,63.08,0.24650377035140991,0.18244244158267975,6.406133621931076E-2
1985,BEL,9859,14977.37923758901,50.36,0.38154616951942444,0.31331723928451538,6.8228930234909058E-2
1986,BEL,9865,15195.400433997853,40.409999999999997,0.43664881587028503,0.38765344023704529,4.8995401710271835E-2
1987,BEL,9876,15540.921156612834,33.152500000000003,-0.10943236947059631,-0.13599014282226563,2.6557769626379013E-2
1988,BEL,9928,16251.719951436666,37.344999999999999,0.52340412139892578,0.47633704543113708,4.7067068517208099E-2
1989,BEL,9948,16743.919642548975,35.76,0.14650155603885651,0.11511553078889847,3.1386032700538635E-2
1990,BEL,9987,17196.977524021222,30.982500000000002,-0.19681346416473389,-0.22109687328338623,2.4283407256007195E-2
1991,BEL,10022,17450.630666830595,31.27,0.12569156289100647,9.1051071882247925E-2,3.4640494734048843E-2
1992,BEL,10068,17645.197608509978,33.18,-1.4005719684064388E-2,-4.9032922834157944E-2,3.5027198493480682E-2
1993,BEL,10101,17406.492335973773,36.11,0.34585615992546082,0.30306580662727356,4.2790371924638748E-2
1994,BEL,10131,17901.667603485559,31.837499999999999,-2.9763035476207733E-2,-5.6431464850902557E-2,2.6668429374694824E-2
1995,BEL,10143,18269.833173485003,29.414999999999999,0.13405321538448334,0.10049295425415039,3.3560257405042648E-2
1996,BEL,10170,18487.356726099893,32.005000000000003,0.25928059220314026,0.23211164772510529,2.7168959379196167E-2
1997,BEL,10192,19138.659717503986,36.92,0.3497387170791626,0.31917494535446167,3.0563794076442719E-2
1998,BEL,10214,19474.911006427505,34.5745,0.41247206926345825,0.39022490382194519,2.2247163578867912E-2
1999,BEL,10239,20127.576531459625,40.155186143738803,-7.3025017976760864E-2,-9.0212069451808929E-2,1.7187047749757767E-2
2000,BEL,10263,20809.358686311454,43.352928533046743,2.3514015600085258E-2,5.6492779403924942E-3,1.7864737659692764E-2
2001,BEL,10310,20920.25111546414,45.773175990014749,-2.3178413510322571E-2,-4.3877977877855301E-2,2.0699566230177879E-2
2002,BEL,10355,21162.974678941075,38.466577667588446,-0.26694527268409729,-0.28330317139625549,1.6357898712158203E-2
2003,BEL,10396,21294.789764994453,31.939746634996041,0.18687132000923157,0.15067000687122345,3.6201305687427521E-2
2004,BEL,10446,21954.948068664551,29.61596064899787,0.39259117841720581,0.35929054021835327,3.3300630748271942E-2
2005,BEL,10511,22304.690386988525,34.195049588878533,0.2718643844127655,0.23781669139862061,3.4047681838274002E-2
2006,BEL,10585,22867.021804458396,30.630144267274105,0.23117119073867798,0.19885069131851196,3.2320499420166016E-2
2007,BEL,10667,23496.542128109177,27.40296175531552,-4.1535519063472748E-2,-6.3029728829860687E-2,2.1494206041097641E-2
2008,BEL,10753,23701.296142330557,28.986060214126592,-0.5605587363243103,-0.57443886995315552,1.3880158774554729E-2
2009,BEL,10840,23020.27204796463,28.002151881160611,0.52477741241455078,0.49252593517303467,3.2251469790935516E-2
2010,BEL,10951,23556.823098597495,30.190016464601108,0.11460345983505249,9.2561341822147369E-2,2.2042121738195419E-2
2011,BEL,11113.648616236162,23630.016007159629,31.17698431099776,-0.13232307136058807,-0.15265734493732452,2.033427357673645E-2
2012,BEL,11189.41660516605,23642.929689311823,30.574427770198579,0.39016497135162354,0.35322362184524536,3.6941375583410263E-2
2013,BEL,11252.05147601476,23619.124656363343,29.250888260459725,0.18959812819957733,0.15748147666454315,3.211665153503418E-2
2014,BEL,11295.491789667898,23899.980187366949,33.226175768058638,0.17930616438388824,0.15689933300018311,2.2406825795769691E-2
2015,BEL,11352.065221402216,24265.37404213519,37.053274547625605,9.957490861415863E-2,8.20111483335495E-2,1.756376214325428E-2
2016,BEL,11426.822970479707,24412.360983552786,38.269519020965753,-2.4199999868869781E-2,-4.7899998724460602E-2,2.369999885559082E-2
2017,BEL,11468.242804428046,24719.49220292041,33.636204452597369,4.1999999433755875E-2,9.7000002861022949E-3,3.229999914765358E-2
2018,BEL,11515.724077490775,25057.957375585622,35.231353711790391,-0.20669999718666077,-0.23309999704360962,2.6400001719594002E-2
2019,BEL,11573.307749077492,25378.411616464226,35.908759124087581,0.24879999458789825,0.21629999577999115,3.2499998807907104E-2
2020,BEL,11639.983579335796,23645.527045005078,32.874174883872541,-0.1031000018119812,-0.12030000239610672,1.7200000584125519E-2
1924,CHE,3896,7226.3940594934638,5.4875999999999996,0.12084880471229553,7.2200119495391846E-2,4.93742935359478E-2
1925,CHE,3910,7361.0676335884846,5.1741999999999999,0.17510651051998138,0.12309528142213821,5.3703304380178452E-2
1926,CHE,3932,7497.2436100568129,5.1779000000000002,0.21690000593662262,,
1927,CHE,3956,7962.0138537145785,5.1916000000000002,0.26099103689193726,,
1928,CHE,3988,8353.4622308967864,5.1921999999999997,0.21114370226860046,,
1929,CHE,4022,8635.8022616777707,5.1868999999999996,-6.1824049800634384E-2,,
1930,CHE,4051,8491.6692543480603,5.1593999999999998,-5.5574674159288406E-2,,
1931,CHE,4080,8437.1908611322087,5.1543999999999999,-0.30090484023094177,,
1932,CHE,4102,7862.1599219238033,5.1532999999999998,5.1598332822322845E-2,,
1933,CHE,4122,8057.2930311975442,4.0265000000000004,9.5407240092754364E-2,,
1934,CHE,4140,8086.2535716255625,3.0895999999999999,-7.2468139231204987E-2,,
1935,CHE,4155,7697.7968484306675,3.0771999999999999,-0.11325202882289886,,
1936,CHE,4168,7574.2329399664286,3.3125,0.52516728639602661,,
1937,CHE,4180,8360.3821787467041,4.3596000000000004,7.7847912907600403E-2,,
1938,CHE,4192,7966.6410424058831,4.3723000000000001,1.7958728596568108E-2,,
1939,CHE,4206,8092.2063916421903,4.4396000000000004,-0.16496822237968445,,
1940,CHE,4226,8138.7871874026669,4.4099000000000004,3.6218095570802689E-2,,
1941,CHE,4254,8046.6735150964241,4.3086000000000002,0.34660926461219788,,
1942,CHE,4286,7668.7590383229226,4.3,6.4277984201908112E-2,,
1943,CHE,4323,7642.7936316209052,4.2969999999999997,-1.5993637964129448E-2,,
1944,CHE,4364,7724.1390129064675,4.29,5.5720187723636627E-2,,
1945,CHE,4412,7475.0943742720501,4.29,0.16046442091464996,,
1946,CHE,4467,8996.9310876948603,3.6,7.5899727642536163E-2,,
1947,CHE,4524,9182.1688893644423,4.1399999999999997,9.8681747913360596E-2,,
1948,CHE,4582,9115.6529899607158,3.99,-5.2148569375276566E-2,,
1949,CHE,4640,8756.59375,4.3,0.14061886072158813,,
1950,CHE,4694,9063.6983383042189,4.29,9.6813976764678955E-2,,
1951,CHE,4749,9684.1440303221734,4.3600000000000003,0.19533558189868927,,
1952,CHE,4815,9630.1142263759084,4.28,8.3686955273151398E-2,,
1953,CHE,4878,9840.3034030340295,4.29,0.10475537180900574,,
1954,CHE,4929,10287.076486102658,4.28,0.26142799854278564,,
1955,CHE,4980,10866.867469879518,4.28,5.989021435379982E-2,,
1956,CHE,5045,11439.048562933598,4.28,2.119489386677742E-2,,
1957,CHE,5126,11705.423332032775,4.28,-0.10254386067390442,,
1958,CHE,5199,11296.787843816119,4.3079999989999997,0.22764143347740173,,
1959,CHE,5259,11870.127400646512,4.3229999990000003,0.29196068644523621,,
1960,CHE,5362,12456.732562476687,4.3049999989999996,0.44460424780845642,0.42523032426834106,1.9373929128050804E-2
1961,CHE,5512,13098.693759071119,4.3159999989999998,0.49390226602554321,0.47886624932289124,1.5036044642329216E-2
1962,CHE,5666,13353.512177903283,4.3189999989999999,-0.17714400589466095,-0.18829858303070068,1.1154585517942905E-2
1963,CHE,5789,13710.485403351184,4.3149999990000003,-1.5776043292135E-3,-1.6155758872628212E-2,1.4578153379261494E-2
1964,CHE,5887,14190.759300152878,4.3149999990000003,-6.931748241186142E-2,-8.5052631795406342E-2,1.5735149383544922E-2
1965,CHE,5943,14503.61770149756,4.3179999990000004,-6.9996528327465057E-2,-8.7896913290023804E-2,1.7900392413139343E-2
1966,CHE,5996,14727.318212141428,4.3269999989999999,-0.12094684690237045,-0.14228051900863647,2.1333681419491768E-2
1967,CHE,6063,15010.39089559624,4.3249999990000001,0.47190824151039124,0.44470587372779846,2.7202349156141281E-2
1968,CHE,6132,15373.776908023483,4.3019999990000004,0.39494341611862183,0.37377849221229553,2.1164920181035995E-2
1969,CHE,6212,16030.907920154541,4.3179999990000004,4.4843293726444244E-2,2.6970954611897469E-2,1.7872339114546776E-2
1970,CHE,6267,16903.622147758098,4.3159999989999998,-0.10649757087230682,-0.12496392428874969,1.8466351553797722E-2
1971,CHE,6343.2929999999997,17381.035370745132,3.914999999,0.15500229597091675,0.13126648962497711,2.3735800758004189E-2
1972,CHE,6401.4,17774.393101509046,3.7739999989999999,0.20729142427444458,0.1848396509885788,2.2451780736446381E-2
1973,CHE,6441.1,18203.567713589295,3.2439999990000001,-0.19998852908611298,-0.22022637724876404,2.0237850025296211E-2
1974,CHE,6460,18414.39628482972,2.539999999,-0.33138006925582886,-0.35847270488739014,2.7092626318335533E-2
1975,CHE,6403.5,17224.018115093309,2.619999999,0.46756646037101746,0.4235120415687561,4.4054411351680756E-2
1976,CHE,6333.3130000000001,17170.318283653436,2.4495,7.8855335712432861E-2,4.8721492290496826E-2,3.0133837834000587E-2
1977,CHE,6316.424,17635.294907371641,1.9999999989999999,8.0917418003082275E-2,5.0741352140903473E-2,3.0176065862178802E-2
1978,CHE,6332.5680000000002,17662.186967435646,1.619999999,-5.1180687732994556E-3,-3.4493573009967804E-2,2.9375502839684486E-2
1979,CHE,6350.84,18050.210680791832,1.579999999,0.10928911715745926,7.8272163867950439E-2,3.101695142686367E-2
1980,CHE,6385.2290000000003,18779.122878756578,1.763499999,6.066768616437912E-2,3.0722891911864281E-2,2.9944794252514839E-2
1981,CHE,6425.45,18956.182057287817,1.7984999989999999,-0.11905225366353989,-0.14962010085582733,3.0567850917577744E-2
1982,CHE,6468.1260000000002,18560.399101687257,1.9944999990000001,0.13255594670772552,9.7938142716884613E-2,3.4617796540260315E-2
1983,CHE,6501.0730000000003,18559.859272461636,2.1794999989999999,0.27294543385505676,0.24162754416465759,3.1317878514528275E-2
1984,CHE,6529.6840000000002,19037.827864258055,2.585,4.5200619846582413E-2,2.1426770836114883E-2,2.377384714782238E-2
1985,CHE,6563.77,19586.457173240375,2.0764999990000002,0.61356580257415771,0.56984204053878784,4.3723743408918381E-2
1986,CHE,6603.192,19786.339697528107,1.6234999999999999,9.7124248743057251E-2,6.5241314470767975E-2,3.1882934272289276E-2
1987,CHE,6649.942,19791.751567156523,1.278,-0.27482044696807861,-0.31036010384559631,3.55396568775177E-2
1988,CHE,6704.1120000000001,20242.651077428298,1.504,0.23610004782676697,0.19794563949108124,3.8154400885105133E-2
1989,CHE,6763.6530000000002,20935.284527458756,1.5465,0.22585652768611908,0.18095748126506805,4.4899042695760727E-2
1990,CHE,6836.6260000000002,21487.194714354879,1.2955000000000001,-0.19314707815647125,-0.21328090131282806,2.0133811980485916E-2
1991,CHE,6920.5619999999999,21039.627817962108,1.3554999999999999,0.17670057713985443,0.1440107673406601,3.2689809799194336E-2
1992,CHE,6995.4470000000001,20803.539537031877,1.456,0.17640012502670288,0.15563024580478668,2.0769873633980751E-2
1993,CHE,7058.2110000000002,20590.812989236099,1.4795,0.50810003280639648,0.47265851497650146,3.5441488027572632E-2
1994,CHE,7114.53,20685.449328983123,1.3115000000000001,-7.6199829578399658E-2,-8.3152279257774353E-2,6.9524552673101425E-3
1995,CHE,7157.1059999999998,20659.518430182437,1.1505000000000001,0.23059991002082825,0.21930202841758728,1.1297889053821564E-2
1996,CHE,7181.0240000000003,20688.712046842254,1.3464,0.18289960920810699,0.16713781654834747,1.5761794522404671E-2
1997,CHE,7193.7610000000004,21071.989681608691,1.4553,0.55188542604446411,0.53293567895889282,1.8949767574667931E-2
1998,CHE,7207.9949999999999,21603.490531624364,1.3765000000000001,0.15365493297576904,0.13988578319549561,1.3769154436886311E-2
1999,CHE,7232.8090000000002,21828.104743186803,1.5995999999999999,0.11690592765808105,0.10206537693738937,1.4840555377304554E-2
2000,CHE,7266.92,22521.381194342735,1.6365000000000001,0.11910942941904068,0.10154874622821808,1.7560685053467751E-2
2001,CHE,7311.2370000000001,22692.356869262381,1.6773,-0.22027420997619629,-0.22930490970611572,9.0306876227259636E-3
2002,CHE,7361.7569999999996,22621.667640612588,1.3868,-0.25951531529426575,-0.27219989895820618,1.268460787832737E-2
2003,CHE,7408.3190000000004,22516.4820417724,1.2369000000000001,0.22063781321048737,0.19684784114360809,2.3789970204234123E-2
2004,CHE,7450.8670000000002,22959.647174249545,1.1315999999999999,6.890685111284256E-2,5.1227964460849762E-2,1.7678886651992798E-2
2005,CHE,7489.37,23480.640366415169,1.3143,0.35608187317848206,0.32908126711845398,2.7000594884157181E-2
2006,CHE,7523.9340000000002,24262.435535186778,1.2202999999999999,0.20666758716106415,0.18462201952934265,2.2045562043786049E-2
2007,CHE,7554.6610000000001,25025.240761716359,1.1254999999999999,-5.3974642651155591E-4,-2.0300408825278282E-2,1.9760662689805031E-2
2008,CHE,7581.52,25293.204039277472,1.0637000000000001,-0.3404650092124939,-0.35913398861885071,1.8668979406356812E-2
2009,CHE,7690.3552008428815,24538.194701964352,1.0305,0.23181472718715668,0.19420038163661957,3.7614349275827408E-2
2010,CHE,7774.2281996575794,25033.238641853633,0.93959999999999999,2.9187401756644249E-2,1.1412752792239189E-3,2.8046127408742905E-2
2011,CHE,7858.1011984722772,25220.957647835698,0.94089999999999996,-7.7211074531078339E-2,-0.10536272823810577,2.8151651844382286E-2
2012,CHE,7942.9726853681022,25285.386005433727,0.91659999999999997,0.17722399532794952,0.13826759159564972,3.89564149081707E-2
2013,CHE,8026.8456841828011,25485.441732448504,0.89149999999999996,0.24600191414356232,0.21017029881477356,3.5831622779369354E-2
2014,CHE,8127.6929803766643,25778.985870990178,0.98909999999999998,0.13001148402690887,9.732528030872345E-2,3.2686207443475723E-2
2015,CHE,8225.5448123271453,25887.977990460484,0.99209999999999998,2.6751631870865822E-2,-2.4930946528911591E-3,2.9244726523756981E-2
2016,CHE,8314.4102515474806,26120.518572067667,1.016,-7.8999996185302734E-3,-4.0800001472234726E-2,3.2899998128414154E-2
2017,CHE,8407.2696430923243,26259.950440135901,0.97529999999999994,0.2004999965429306,0.16580000519752502,3.4699998795986176E-2
2018,CHE,8471.1728802844755,26828.437275195964,0.98470000000000002,-9.0599998831748962E-2,-0.11760000139474869,2.7000000700354576E-2
2019,CHE,8532.0806532332444,26968.575907835817,0.96819999999999995,0.29899999499320984,0.26019999384880066,3.880000114440918E-2
2020,CHE,8592.9884261820134,26106.34192738905,0.88060000000000005,3.9999999105930328E-2,8.0000003799796104E-3,3.2000001519918442E-2
1924,DEU,61953,3198.8292900776751,4.2011511154056205,4.1483931243419647E-2,3.5640072077512741E-2,5.2106562070548534E-3
1925,DEU,62411,3531.6784346008931,4.2004452471962033,-0.34781855344772339,-0.49252116680145264,2.0501818507909775E-2
1926,DEU,62866,3604.6361779035046,4.2023869557908888,1.3776044845581055,1.1895390748977661,8.669523149728775E-2
1927,DEU,63252,3941.0992924417787,4.1841004184100417,-7.3907963931560516E-2,-0.1153988242149353,3.3856160938739777E-2
1928,DEU,63618,4089.9942540338234,4.2016806722689068,0.11162931472063065,3.8287155330181122E-2,4.9435537308454514E-2
1929,DEU,63957,4051.4064165340828,4.1841004184100417,-0.22215013206005096,-0.26353731751441956,4.7854203730821609E-2
1930,DEU,64294,3973.3575072214367,4.2016806722689068,-0.27195248007774353,-0.31814083456993103,6.5150514245033264E-2
1931,DEU,64631,3651.5139935496691,4.2372881355932197,-0.34182441234588623,-0.378623366355896,7.898508757352829E-2
1932,DEU,64911,3361.6775214559621,4.2016806722689068,0.13711504638195038,5.7607099413871765E-2,4.9019768834114075E-2
1933,DEU,65218,3555.7877837854212,2.679528403001072,0.14418908953666687,0.10323379188776016,3.9892449975013733E-2
1934,DEU,65595,3858.2119893387944,2.488181139586962,0.1400829404592514,9.2545598745346069E-2,4.7796782106161118E-2
1935,DEU,66871,4119.8127738481562,2.4863252113376428,0.16027472913265228,0.11985631287097931,4.1319873183965683E-2
1936,DEU,67349,4450.7416591189176,2.4857071836937608,0.29890197515487671,0.24637581408023834,4.831993579864502E-2
1937,DEU,67831,4684.9228228980846,2.481389578163772,1.7761338502168655E-2,-2.3500788956880569E-2,4.1779328137636185E-2
1938,DEU,68424,4993.5966626797754,2.4509803921568629,-2.7276359498500824E-2,-7.3363438248634338E-2,4.8193696886301041E-2
1939,DEU,69314,5406.2436855930491,2.4937655860349124,0.13366943597793579,7.3381893336772919E-2,5.5892094969749451E-2
1940,DEU,69838,5402.5059067802677,2.5012506253126565,0.3376937210559845,0.27672258019447327,5.18915094435215E-2
1941,DEU,70244,5711.1497067365181,2.4893917963224896,7.4765406548976898E-2,3.5095769912004471E-2,3.7909474223852158E-2
1942,DEU,70834,5739.9271536267897,2.4893917963224896,0.1425996869802475,0.10356339812278748,3.4940578043460846E-2
1943,DEU,70411,5889.6479243300055,2.4893917963224896,4.2710248380899429E-2,9.2890718951821327E-3,3.3862803131341934E-2
1944,DEU,64247,6083.7472267945323,2.4893917963224896,3.1703047454357147E-2,1.1659626616165042E-3,3.0135074630379677E-2
1945,DEU,65884,4514.2835820895525,,-0.13434875011444092,-0.13667269051074982,3.0410331673920155E-3
1946,DEU,49260,2216.8434398095183,17.5,-9.7040928900241852E-2,-9.7040899097919464E-2,0
1947,DEU,49188,2436.0910218779313,23.5,8.5387088358402252E-2,8.5387088358402252E-2,0
1948,DEU,49311,2833.7172152463036,20.5,-0.88414692878723145,-0.88422614336013794,6.640084320679307E-4
1949,DEU,49987,3282.4638555102883,6.05,1.3681889772415161,1.3641722202301025,1.1486728908494115E-3
1950,DEU,50799,3880.8871812755187,4.1999999990000001,-8.3105437457561493E-2,-8.7644904851913452E-2,4.7943564131855965E-3
1951,DEU,51157,4205.8117177849936,4.1999999990000001,1.1774762868881226,1.1557921171188354,2.3415347561240196E-2
1952,DEU,51611,4552.6020091530445,4.1999999990000001,0.21791709959506989,0.19296425580978394,2.7534430846571922E-2
1953,DEU,52148,4905.0875974022574,4.1999999990000001,0.25189876556396484,0.22957582771778107,3.113115206360817E-2
1954,DEU,52665,5246.7996309904738,4.1997999989999997,0.89262408018112183,0.73771375417709351,4.0933743119239807E-2
1955,DEU,52229,5796.9720386510771,4.2151999990000002,0.1104106679558754,2.01889518648386E-2,5.9308454394340515E-2
1956,DEU,53931,6176.6352299219698,4.1985999989999998,-4.8883296549320221E-2,-0.12483397126197815,4.6179149299860001E-2
1957,DEU,54657,6492.2140840793054,4.2016999989999997,7.7990055084228516E-2,1.3427695259451866E-2,5.1892220973968506E-2
1958,DEU,55292,6736.7652607458804,4.1774999990000001,0.61109817028045654,0.5231393575668335,5.6748103350400925E-2
1959,DEU,56002,7176.6886296168595,4.1699999989999998,0.81961905956268311,0.73026961088180542,4.308025911450386E-2
1960,DEU,55433,7705.2332250597037,4.1709999990000002,0.37916263937950134,0.3480663001537323,2.6961324736475945E-2
1961,DEU,56185,7952.160374714721,3.9964999990000001,-6.964285671710968E-2,-9.0163923799991608E-2,2.2745901718735695E-2
1962,DEU,56837,8222.1217810351591,3.9979999990000001,-0.21530503034591675,-0.23873874545097351,2.5882884860038757E-2
1963,DEU,57389,8385.523537313431,3.975199999,0.12049345672130585,8.2840234041213989E-2,3.4650888293981552E-2
1964,DEU,57971,8822.3535574267935,3.9769999989999998,9.5102503895759583E-2,6.0109291225671768E-2,3.286338597536087E-2
1965,DEU,58619,9185.7291697886849,4.0055999990000002,-0.11891141533851624,-0.14948453009128571,3.3170104026794434E-2
1966,DEU,59148,9387.5990859690592,3.977299999,-0.1363368034362793,-0.17575758695602417,3.9563637226819992E-2
1967,DEU,59286,9396.6811138625544,3.998999999,0.37915718555450439,0.33088234066963196,4.6580880880355835E-2
1968,DEU,59500,9864.4500725415346,3.9994999990000002,0.15988108515739441,0.12154696136713028,3.3646408468484879E-2
1969,DEU,60067,10440.360485849507,3.6898999990000001,0.19145603477954865,0.15763546526432037,3.3571425825357437E-2
1970,DEU,60651,10839.145088003876,3.647999999,-0.21519063413143158,-0.24680851399898529,3.3140424638986588E-2
1971,DEU,61284,11076.768851250534,3.2684999989999999,7.2336860001087189E-2,3.3898305147886276E-2,4.1355930268764496E-2
1972,DEU,61672,11480.848986690156,3.2014999990000002,0.16431158781051636,0.13114753365516663,3.5065572708845139E-2
1973,DEU,61976,11966.464437971166,2.7029999990000002,-0.15124717354774475,-0.17874395847320557,3.038647398352623E-2
1974,DEU,62054,12063.031524512842,2.4094999989999999,2.4214988574385643E-2,-1.7647059634327888E-2,4.4205885380506516E-2
1975,DEU,61829,12040.607595161939,2.622299999,0.31156167387962341,0.26347306370735168,4.4221557676792145E-2
1976,DEU,61531,12683.847116890714,2.3624999990000002,-2.2198447957634926E-2,-5.6872032582759857E-2,3.3952604979276657E-2
1977,DEU,61400,13071.902449071224,2.1049999989999999,0.12450765818357468,9.5477387309074402E-2,4.0532663464546204E-2
1978,DEU,61326,13455.319912719066,1.827999999,0.11918660998344421,8.2568809390068054E-2,3.2477062195539474E-2
1979,DEU,61359,13993.300725607871,1.731499999,-9.3714684247970581E-2,-0.12288135290145874,3.0699152499437332E-2
1980,DEU,61566,14114.030434326825,1.9590000000000001,3.376498818397522E-2,0,3.9000000804662704E-2
1981,DEU,61682,14148.598317156628,2.2547999989999998,2.7976246550679207E-2,-9.6618356183171272E-3,3.6642514169216156E-2
1982,DEU,61638,14039.640843244217,2.376499999,0.14812473952770233,0.10731707513332367,3.4326829016208649E-2
1983,DEU,61423,14328.856704328653,2.7237999990000001,0.39329376816749573,0.36123347282409668,2.8585903346538544E-2
1984,DEU,61175,14783.183629779824,3.1480000000000001,0.10989166051149368,8.4142401814460754E-2,2.4935275316238403E-2
1985,DEU,61024,15139.761961741166,2.4613,0.66651415824890137,0.6268656849861145,2.6029851287603378E-2
1986,DEU,61066,15469.014161441866,1.9408000000000001,0.15035311877727509,0.13211008906364441,2.0377980545163155E-2
1987,DEU,61077,15701.373182413234,1.5814999999999999,-0.33508804440498352,-0.34846028685569763,1.8243113532662392E-2
1988,DEU,61449,16160.114781678136,1.7803,0.27899092435836792,0.24626865983009338,2.7417911216616631E-2
1989,DEU,62063,16558.120973976776,1.6978,0.31482028961181641,0.28742516040802002,2.3173652589321136E-2
1990,DEU,63253,15928.845099962591,1.494,-6.9788679480552673E-2,-8.6821705102920532E-2,2.1916279569268227E-2
1991,DEU,79961,16649.523501724379,1.516,0.12855538725852966,9.9621057510375977E-2,2.8934329748153687E-2
1992,DEU,80571,16890.560511864001,1.6140000000000001,-2.086845226585865E-2,-4.57892045378685E-2,2.492075227200985E-2
1993,DEU,81103,16644.680242702154,1.7262999999999999,0.46705931425094604,0.43331250548362732,3.3746808767318726E-2
1994,DEU,81384,17027.786172939646,1.5488,-7.0631936192512512E-2,-8.9143306016921997E-2,1.8511369824409485E-2
1995,DEU,81624,17298.819108314681,1.4335,6.9923765957355499E-2,4.639003798365593E-2,2.353372797369957E-2
1996,DEU,81861,17420.220809056824,1.5548,0.22141863405704498,0.19837990403175354,2.3038730025291443E-2
1997,DEU,81980,17708.525215602687,1.7921,0.40825930237770081,0.38626018166542053,2.1999150514602661E-2
1998,DEU,81993,18028.880735795392,1.673,0.15535551309585571,0.13988125324249268,1.5474260784685612E-2
1999,DEU,82046,18380.04362314571,1.9468743778618356,0.316754549741745,0.29772436618804932,1.9030185416340828E-2
2000,DEU,82157,18943.516375383148,2.101912950026867,-9.9124796688556671E-2,-0.1106850653886795,1.1560261249542236E-2
2001,DEU,82295,19156.689896255069,2.2192556450697833,-0.17913822829723358,-0.19468468427658081,1.5546455979347229E-2
2002,DEU,82434,19140.378346158221,1.8650042910269859,-0.39940106868743896,-0.40991923213005066,1.0518163442611694E-2
2003,DEU,82479,19087.572240241872,1.5485589865399843,0.37576285004615784,0.33970072865486145,3.6062151193618774E-2
2004,DEU,82462,19283.670487293424,1.4358931062330225,8.4664672613143921E-2,6.2737643718719482E-2,2.1927028894424438E-2
2005,DEU,82415,19417.057021603057,1.6579045520047471,0.28201770782470703,0.25070810317993164,3.1309604644775391E-2
2006,DEU,82322,20040.620318052523,1.485064540622627,0.24087242782115936,0.21326619386672974,2.7606219053268433E-2
2007,DEU,82212,20546.936107422782,1.3285986006385428,0.20423117280006409,0.17558208107948303,2.864907868206501E-2
2008,DEU,82056,20801.437443847575,1.4053531651936473,-0.42578661441802979,-0.44358089566230774,1.7794251441955566E-2
2009,DEU,81770.504779357143,19789.8454371839,1.3576495904484234,0.25404000282287598,0.20271843671798706,5.1321566104888916E-2
2010,DEU,81569.337328512702,20661.445435680802,1.4637254901960783,0.18457514047622681,0.15109890699386597,3.347623348236084E-2
2011,DEU,81560.193353474315,21432.681417956832,1.5115774016539145,-0.14815965294837952,-0.17389889061450958,2.5739235803484917E-2
2012,DEU,81713.608934673859,21483.780398506071,1.482363195391845,0.29262766242027283,0.24763624370098114,4.4991418719291687E-2
2013,DEU,81937.128324501013,21517.887790133365,1.4181930244362266,0.26745998859405518,0.22761362791061401,3.9846375584602356E-2
2014,DEU,82278.503392600673,21903.314593546904,1.6109299069269414,3.0944511294364929E-2,3.9868820458650589E-3,2.695762924849987E-2
2015,DEU,82993.765440047544,22037.585410165313,1.7964820428033434,0.11329784989356995,8.627425879240036E-2,2.7023598551750183E-2
2016,DEU,83666.355603981981,22347.948539301782,1.8554501470448723,5.6800000369548798E-2,2.8799999505281448E-2,2.79999990016222E-2
2017,DEU,83979.282749739985,22861.229874936176,1.6308096389560587,0.16380000114440918,0.13590000569820404,2.7899999171495438E-2
2018,DEU,84232.266059135276,23040.320451191405,1.7081484716157205,-0.16850000619888306,-0.19040000438690186,2.1900000050663948E-2
2019,DEU,84422.257540488354,23229.874967889369,1.7409916325440622,0.22769999504089355,0.19169999659061432,3.5999998450279236E-2
2020,DEU,84491.345351889482,22152.350379556461,1.5938635808002606,7.590000331401825E-2,5.000000074505806E-2,2.5899998843669891E-2
1924,DNK,3389,4528.1941575686042,5.9798999999999998,0.12003561854362488,4.9902152270078659E-2,7.013346254825592E-2
1925,DNK,3425,4378.3795620437959,4.7324000000000002,2.256849966943264E-2,-4.5666355639696121E-2,6.8234860897064209E-2
1926,DNK,3452,4597.6825028968715,3.8130999999999999,-7.2332680225372314E-2,-0.11902438849210739,4.6691711992025375E-2
1927,DNK,3475,4657.9251798561154,3.7418,0.12051218003034592,5.7585824280977249E-2,6.2926352024078369E-2
1928,DNK,3497,4785.4675436088073,3.7393000000000001,0.10877277702093124,4.5026179403066635E-2,6.3746601343154907E-2
1929,DNK,3518,5075.3553155201816,3.7481,7.3450103402137756E-2,1.4028055593371391E-2,5.9422045946121216E-2
1930,DNK,3542,5340.7876905702997,3.7362000000000002,1.0390120558440685E-2,-4.7430828213691711E-2,5.782095342874527E-2
1931,DNK,3569,5359.2406836648925,3.9906999999999999,-8.999190479516983E-2,-0.14004150032997131,5.0049584358930588E-2
1932,DNK,3603,5169.3921731890096,5.3102,-0.10433220863342285,-0.15199035406112671,4.7658141702413559E-2
1933,DNK,3633,5290.5284888521892,5.2435999999999998,0.24898320436477661,0.18634423613548279,6.2638983130455017E-2
1934,DNK,3666,5402.0703764320797,4.4444999999999997,0.23683631420135498,0.17625898122787476,6.0577336698770523E-2
1935,DNK,3695,5479.6887686062255,4.5697000000000001,8.0586545169353485E-2,2.8542304411530495E-2,5.2044238895177841E-2
1936,DNK,3722,5574.7608812466415,4.5067000000000004,0.14407640695571899,8.7215058505535126E-2,5.686134472489357E-2
1937,DNK,3749,5668.4635902907439,4.5312000000000001,-5.0987298600375652E-3,-5.5353902280330658E-2,5.0255175679922104E-2
1938,DNK,3777,5762.3907863383629,4.5819999999999999,2.8394000604748726E-2,-2.9999999329447746E-2,5.8393999934196472E-2
1939,DNK,3805,5992.951379763469,4.9149000000000003,8.1447422504425049E-2,2.0618556067347527E-2,6.0828864574432373E-2
1940,DNK,3832,5116.2839248434229,5.1791,1.5732323750853539E-2,-4.0404036641120911E-2,5.6136362254619598E-2
1941,DNK,3863,4573.7457934247996,5.1655384615384614,0.25339999794960022,0.20000000298023224,5.3399994969367981E-2
1942,DNK,3903,4628.5318985395843,4.789118756429307,0.13024911284446716,8.7719298899173737E-2,4.252982884645462E-2
1943,DNK,3949,5079.9518865535583,4.7667804323094431,0.13494193553924561,9.6774198114871979E-2,3.8167741149663925E-2
1944,DNK,3998,5543.1040520260131,4.7667804323094431,0.10178676247596741,6.6176474094390869E-2,3.5610292106866837E-2
1945,DNK,4045,5066.1359703337457,4.773840720063804,-8.3032414317131042E-2,-0.11034482717514038,2.7312414720654488E-2
1946,DNK,4101,5776.6642282370149,8.1,5.7748839259147644E-2,1.5503875911235809E-2,4.2244959622621536E-2
1947,DNK,4146,6034.8480463096957,8.15,5.2977100014686584E-2,7.6335878111422062E-3,4.5343514531850815E-2
1948,DNK,4190,6133.0167064439147,9.6,4.5700002461671829E-2,0,4.5700002461671829E-2
1949,DNK,4230,6494.3687943262412,9.3000000000000007,-2.7696968987584114E-2,-7.5757578015327454E-2,4.8060603439807892E-2
1950,DNK,4271,6943.1046593303681,9.6999999999999993,0.25552147626876831,0.19402898848056793,6.1492491513490677E-2
1951,DNK,4303.62,6936.4860280415087,8.8000000000000007,-2.8101220726966858E-2,-7.4998781085014343E-2,4.6897564083337784E-2
1952,DNK,4334,6955.2376557452699,7.8,-1.1065546423196793E-2,-6.7570760846138E-2,5.6505210697650909E-2
1953,DNK,4369.28,7291.5903764464629,7.45,9.3095853924751282E-2,2.8989790007472038E-2,6.4106062054634094E-2
1954,DNK,4406,7371.3118474807079,7.48,0.15272089838981628,8.450549840927124E-2,6.8215392529964447E-2
1955,DNK,4439,7395.3593151610721,7.11,0.16086648404598236,8.4415219724178314E-2,7.6451271772384644E-2
1956,DNK,4466.4709999999995,7438.7586978623622,7.52,0.16992928087711334,0.10778266191482544,6.2146607786417007E-2
1957,DNK,4487.8310000000001,7965.0949423006341,6.9139999989999996,0.10950013995170593,5.4056748747825623E-2,5.5443387478590012E-2
1958,DNK,4515.1319999999996,8095.2229082117647,6.9059999989999996,6.5754979848861694E-2,1.009854581207037E-2,5.565643310546875E-2
1959,DNK,4546.6360000000004,8637.1550306644294,6.9079999990000003,0.3021252453327179,0.24000118672847748,6.2124062329530716E-2
1960,DNK,4581,8811.831477843265,6.9059999989999996,0.16120368242263794,0.11290366947650909,4.8300020396709442E-2
1961,DNK,4609.817,9311.8663929609356,6.885999999,4.479999840259552E-2,0,4.479999840259552E-2
1962,DNK,4646.8990000000003,9747.3605516280859,6.9019999990000001,6.0296796262264252E-2,9.9988570436835289E-3,5.0297945737838745E-2
1963,DNK,4683.5789999999997,9731.6603392405686,6.9109999990000004,-2.9285233467817307E-3,-4.9502883106470108E-2,4.6574361622333527E-2
1964,DNK,4720.1710000000003,10559.575066242303,6.9209999990000002,0.24081949889659882,0.18750070035457611,5.3318776190280914E-2
1965,DNK,4758.1000000000004,10953.321704041527,6.8909999989999999,7.1165874600410461E-2,2.6315873488783836E-2,4.4850002974271774E-2
1966,DNK,4797.5,11159.770713913496,6.9159999990000003,9.2304125428199768E-2,4.0983628481626511E-2,5.1320493221282959E-2
1967,DNK,4838.8,11436.513185087211,7.4619999989999997,-0.1491570919752121,-0.18897825479507446,3.9821166545152664E-2
1968,DNK,4867.3,11836.747272615208,7.5009999990000003,8.2332886755466461E-2,2.9127020388841629E-2,5.3205866366624832E-2
1969,DNK,4890.6869999999999,12530.550411424816,7.4919999989999999,0.19812862575054169,0.14150972664356232,5.6618884205818176E-2
1970,DNK,4928.7569999999996,12685.551346921749,7.4889999989999998,-5.1789622753858566E-2,-9.9173113703727722E-2,4.7383498400449753E-2
1971,DNK,4963.1260000000002,12933.582584846727,7.0619999990000002,-1.1852901428937912E-2,-6.8839900195598602E-2,5.698699876666069E-2
1972,DNK,4991.5959999999995,13538.355267533672,6.8469999990000003,0.48656490445137024,0.39688488841056824,8.9680008590221405E-2
1973,DNK,5021.8609999999999,13945.427800570347,6.289999999,0.62432175874710083,0.5654604434967041,5.886131152510643E-2
1974,DNK,5045.2969999999996,13751.222177802418,5.6499999990000003,-0.22610144317150116,-0.25800713896751404,3.1905695796012878E-2
1975,DNK,5059.8609999999999,13621.125165296044,6.1774999990000001,0.16444967687129974,0.10311640799045563,6.1333272606134415E-2
1976,DNK,5072.5959999999995,14466.360025517508,5.7874999989999996,0.35681149363517761,0.30000144243240356,5.6810062378644943E-2
1977,DNK,5088.4189999999999,14655.436197372899,5.7774999989999998,7.8410111367702484E-2,2.8428483754396439E-2,4.9981627613306046E-2
1978,DNK,5104.2470000000003,14825.693192355306,5.0899999989999998,-9.3291798839345574E-4,-5.0406727939844131E-2,4.9473807215690613E-2
1979,DNK,5116.8,15313.47717323327,5.3649999990000001,2.0366918295621872E-2,-3.9383430033922195E-2,5.9750348329544067E-2
1980,DNK,5123.027,15227.325563577939,6.0149999989999996,-1.5120103023946285E-2,-7.8431837260723114E-2,6.3311733305454254E-2
1981,DNK,5121.5720000000001,15096.146261343198,7.3249999990000001,0.77524220943450928,0.66924512386322021,0.10599707067012787
1982,DNK,5117.8100000000004,15563.29758236433,8.3839999990000003,0.34867653250694275,0.27462103962898254,7.4055485427379608E-2
1983,DNK,5114.2969999999996,15966.221750516252,9.875,0.81643110513687134,0.74909108877182007,6.7340008914470673E-2
1984,DNK,5111.6189999999997,16675.929876620306,11.26,9.6399351954460144E-2,7.796613872051239E-2,1.84332225471735E-2
1985,DNK,5113.6909999999998,17384.116482595447,8.9689999999999994,6.6288977861404419E-2,3.6641046404838562E-2,2.9647933319211006E-2
1986,DNK,5120.5339999999997,17993.240548739646,7.3425000000000002,2.779509499669075E-2,7.4447132647037506E-3,2.0350381731987E-2
1987,DNK,5127.0240000000003,18023.321131322966,6.0964999999999998,-0.13870023190975189,-0.16297399997711182,2.427375502884388E-2
1988,DNK,5129.5159999999996,18224.331496382896,6.8739999999999997,0.15420204401016235,0.1213466003537178,3.2855454832315445E-2
1989,DNK,5132.5929999999998,18261.334962659228,6.6074999999999999,0.41858178377151489,0.39940986037254333,1.9171915948390961E-2
1990,DNK,5140.9539999999997,18452.426108015057,5.7759999999999998,0.11323237419128418,0.1012289822101593,1.2003395706415176E-2
1991,DNK,5154.3519999999999,18643.790196630031,5.9135,9.3940883874893188E-2,8.043544739484787E-2,1.3505442999303341E-2
1992,DNK,5171.393,18949.444926799177,6.2554999999999996,-6.9352380931377411E-2,-8.3015449345111847E-2,1.3663069345057011E-2
1993,DNK,5188.3860000000004,18870.43379545485,6.7725,3.3562153577804565E-2,2.0298276096582413E-2,1.3263876549899578E-2
1994,DNK,5205.6030000000001,19847.266405409555,6.0830000000000002,0.20573121309280396,0.19355693459510803,1.2174280360341072E-2
1995,DNK,5232.6120000000001,20350.029908592463,5.5460000000000003,1.2022796086966991E-2,-1.8514683470129967E-3,1.3874264433979988E-2
1996,DNK,5262.0749999999998,20809.660818535638,5.9444999999999997,0.31960150599479675,0.30009999871253967,1.9501499831676483E-2
1997,DNK,5283.6629999999996,21387.538183758985,6.8259999999999996,0.43762019276618958,0.41889083385467529,1.8729360774159431E-2
1998,DNK,5302.7669999999998,21770.86503846103,6.3864999999999998,-3.9034284651279449E-2,-4.9113679677248001E-2,1.0079395025968552E-2
1999,DNK,5320.134,22255.437367132006,7.3987999999999996,0.23249000310897827,0.2192007303237915,1.3289287686347961E-2
2000,DNK,5337.4160000000002,22966.1184617287,8.0205000000000002,0.16969966888427734,0.15786027908325195,1.1839384213089943E-2
2001,DNK,5355.826,23048.491083548211,8.4094999999999995,-0.12866342067718506,-0.14449559152126312,1.5832182019948959E-2
2002,DNK,5374.6930000000002,23074.607093618426,7.0822000000000003,-0.20234304666519165,-0.21374621987342834,1.1240151710808277E-2
2003,DNK,5394.1379999999999,23079.654958899842,5.9576000000000002,0.33083227276802063,0.30037224292755127,2.9762862250208855E-2
2004,DNK,5413.3919999999998,23525.718634718723,5.4676,0.24031348526477814,0.21575327217578888,2.40738894790411E-2
2005,DNK,5432.335,24016.885909203032,6.3240999999999996,0.43154194951057434,0.39564028382301331,3.5001296550035477E-2
2006,DNK,5450.6610000000001,24748.725842375054,5.6614000000000004,0.22443418204784393,0.15219047665596008,6.7981205880641937E-2
2007,DNK,5468.12,25060.287630849358,5.0753000000000004,7.1343176066875458E-2,5.4932337254285812E-2,1.6159459948539734E-2
2008,DNK,5484.723,24788.599964993653,5.2849000000000004,-0.47955363988876343,-0.48962366580963135,9.8751848563551903E-3
2009,DNK,5519.7787532870707,23275.489000110898,5.1901000000000002,0.35473018884658813,0.32143169641494751,3.2480012625455856E-2
2010,DNK,5543.81698411249,23512.631491157776,5.6132999999999997,0.32678353786468506,0.31182366609573364,1.4791189692914486E-2
2011,DNK,5569.8584008400285,23715.906279706047,5.7455999999999996,-0.16320125758647919,-0.17715081572532654,1.3717005960643291E-2
2012,DNK,5589.8902598612112,23685.473022240287,5.6590999999999996,0.26641517877578735,0.24201236665248871,2.3932607844471931E-2
2013,DNK,5611.9253047845132,23812.608841195244,5.4127000000000001,0.30648010969161987,0.27968010306358337,2.6250239461660385E-2
2014,DNK,5635.9635356099325,24091.598009098896,6.1214000000000004,0.19768305122852325,0.17564089596271515,2.1636484190821648E-2
2015,DNK,5669.0161029948849,24514.557239993457,6.83,0.33985921740531921,0.29274395108222961,4.5458510518074036E-2
2016,DNK,5716.0909716946653,25099.862459640426,7.0528000000000004,-6.0600001364946365E-2,-8.2699999213218689E-2,2.2099999710917473E-2
2017,DNK,5758.1578756391509,25621.121158169746,6.2077,0.18719999492168427,0.15680000185966492,3.0400000512599945E-2
2018,DNK,5790.2088500730451,25984.599086668273,6.5194000000000001,-7.9499997198581696E-2,-0.10149999707937241,2.199999988079071E-2
2019,DNK,5815.2486738495245,26420.26913823733,6.6759000000000004,0.2971000075340271,0.2687000036239624,2.839999832212925E-2
2020,DNK,5832.2757540175307,25801.543940408548,6.0575999999999999,0.30570000410079956,0.28549998998641968,2.0199999213218689E-2
1924,ESP,22099.313996348435,2204.4850805538699,7.51,9.1217853128910065E-2,4.0819849818944931E-2,5.2253607660531998E-2
1925,ESP,22290.779144270597,2333.94958341959,6.97,5.1016137003898621E-2,-1.2166856322437525E-3,5.4494604468345642E-2
1926,ESP,22527.927915395518,2287.1471617203001,6.72,0.17691169679164886,0.12575806677341461,5.1041532307863235E-2
1927,ESP,22781.148681272298,2480.7499917247901,5.86,0.30535408854484558,0.26351505517959595,4.4460378587245941E-2
1928,ESP,23030.966598826228,2447.9116053418002,6.03,0.24964042007923126,0.2180824875831604,3.5199690610170364E-2
1929,ESP,23279.776173108068,2615.2229271114602,6.82,2.5513540953397751E-2,-6.5926797688007355E-3,3.2419521361589432E-2
1930,ESP,23583.396096131055,2458.2182694337898,8.68,4.1283345781266689E-3,-3.0427491292357445E-2,3.5250712186098099E-2
1931,ESP,23967.305447542622,2372.6916117531,10.55,-0.24209301173686981,-0.27203309535980225,3.1862571835517883E-2
1932,ESP,24378.747728073562,2416.0402916132002,12.41,-9.4573862850666046E-2,-0.12222473323345184,2.8509056195616722E-2
1933,ESP,24792.066683373494,2312.3491519425602,7.39,0.12095972150564194,9.1560974717140198E-2,2.8320638462901115E-2
1934,ESP,25177.000709823849,2370.1193234551902,7.35,-1.7975388094782829E-2,-6.3840657472610474E-2,4.5700721442699432E-2
1935,ESP,25542.522998974571,2385.47612880933,7.3109000000000002,0.59318047761917114,0.56371665000915527,3.439229354262352E-2
1936,ESP,25874.735258569926,1801.89430161315,8.1210000000000004,-6.5904051065444946E-2,-7.239975780248642E-2,6.7613418214023113E-3
1937,ESP,26046.890423747747,1662.61568050511,16.521799999999999,8.7811507284641266E-2,8.7811507284641266E-2,0
1938,ESP,26122.962066543118,1651.59532563016,17.857099999999999,8.7811507284641266E-2,8.7811507284641266E-2,0
1939,ESP,25929.385805503072,1807.7027851758301,9.4071999999999996,8.7811507284641266E-2,8.7811507284641266E-2,0
1940,ESP,25699.592692366768,1986.87330883868,10.7277,9.7836151719093323E-2,8.7811507284641266E-2,8.4852054715156555E-3
1941,ESP,25659.869014104381,1999.6331975399501,10.9529,0.30140000581741333,0.28290000557899475,3.0447874218225479E-2
1942,ESP,25633.097978625527,2126.2227206775301,10.95,0.13562317192554474,0.10904980450868607,3.2685019075870514E-2
1943,ESP,25795.525034488917,2225.0466140338599,10.95,-7.2332359850406647E-2,-9.6921555697917938E-2,2.0053735002875328E-2
1944,ESP,26038.582771419449,2302.9939046935901,10.95,1.9766593351960182E-2,-9.8062101751565933E-3,2.8995655477046967E-2
1945,ESP,26293.767950226396,2103.54210262585,10.95,0.1719476580619812,0.13880373537540436,4.298347607254982E-2
1946,ESP,26557.638197518783,2175.8620701099499,29,0.35947513580322266,0.3234177827835083,6.3152104616165161E-2
1947,ESP,26837.639043340143,2201.5061895634199,41.5,0.43663299083709717,0.41465449333190918,4.3984398245811462E-2
1948,ESP,27249.360903158144,2179.4501750468198,37.5,-0.29067841172218323,-0.30594262480735779,7.3530068621039391E-3
1949,ESP,27709.70500092884,2152.3361599971399,47.75,-0.10405744612216949,-0.13225686550140381,2.1233545616269112E-2
1950,ESP,28000.27681294769,2170.3644151332101,51.45,6.6135615110397339E-2,2.8952684253454208E-2,3.93671914935112E-2
1951,ESP,28155.69188836003,2375.2141469482999,52,0.19546167552471161,0.1541939377784729,5.4975379258394241E-2
1952,ESP,28341.540788483868,2571.85832299801,47.7,9.6296302974224091E-2,5.4272755980491638E-2,4.6708796173334122E-2
1953,ESP,28570.961067305147,2548.2804157052001,43.25,4.1314754635095596E-2,-2.1021754946559668E-3,4.3234579265117645E-2
1954,ESP,28800.580727153188,2711.5200845181298,44,0.26042580604553223,0.20630021393299103,7.876141369342804E-2
1955,ESP,29027.268424074267,2783.4959699825099,43.85,0.37714499235153198,0.32729560136795044,8.7820358574390411E-2
1956,ESP,29255.078101007199,2988.78840378112,50.5,0.49410068988800049,0.44890153408050537,9.4887316226959229E-2
1957,ESP,29499.414283967351,3070.0499343828901,60,9.2168360948562622E-2,6.4705513417720795E-2,3.113182820379734E-2
1958,ESP,29786.416822946088,3242.8427350714901,59.6,-0.11816783249378204,-0.14992958307266235,2.2951675578951836E-2
1959,ESP,30100.212088831242,3186.6229898772699,60.75,-5.3877063095569611E-2,-8.8991552591323853E-2,2.9142796993255615E-2
1960,ESP,30436.647234372191,3156.6763018920501,61.5,2.2008666768670082E-2,-2.5432843714952469E-2,4.5059051364660263E-2
1961,ESP,30772.853374416853,3501.6513072661701,61.15,0.2837013304233551,0.22588105499744415,8.6891420185565948E-2
1962,ESP,31060.832821807886,3811.8703973949,60.3,0.25330007076263428,0.20722034573554993,6.7155696451663971E-2
1963,ESP,31326.375881879874,4160.4792536007799,60.15,8.8911883533000946E-2,5.2226878702640533E-2,4.06169593334198E-2
1964,ESP,31602.525154637326,4353.0324837378303,60.17,1.5990160405635834E-2,-1.8328186124563217E-2,3.3071890473365784E-2
1965,ESP,31949.110741517714,4650.0898547178804,60.25,9.9116384983062744E-2,6.2767550349235535E-2,4.1055094450712204E-2
1966,ESP,32368.082417715428,4939.22452194779,59.999999999000003,7.8348070383071899E-2,4.1185416281223297E-2,4.0286809206008911E-2
1967,ESP,32798.887797748968,5148.9087470315399,69.7,8.0362945795059204E-2,4.1047792881727219E-2,4.2608998715877533E-2
1968,ESP,33205.585315708377,5394.7184058790499,69.819999999999993,0.22479464113712311,0.18053607642650604,6.1681617051362991E-2
1969,ESP,33552.638648677792,5833.99900132124,70.059999998999999,0.52444398403167725,0.48316752910614014,9.0799316763877869E-2
1970,ESP,33878.186627375377,5961.90165920042,69.719999998999995,9.5257826149463654E-2,7.0156745612621307E-2,2.5101078674197197E-2
1971,ESP,34216.856,6202.1468076076599,66.019999999000007,4.0520336478948593E-2,1.0409863665699959E-2,3.0110472813248634E-2
1972,ESP,34595.885999999999,6767.92272123371,63.569999998999997,0.34751248359680176,0.31047368049621582,3.7038803100585938E-2
1973,ESP,34980.317000000003,7296.1776967167598,56.949999998999999,0.29759994149208069,0.26845434308052063,2.9145596548914909E-2
1974,ESP,35363.89,7766.8641076349904,56.111999998999998,4.1213024407625198E-2,1.9357163459062576E-2,2.1855860948562622E-2
1975,ESP,35750.033000000003,7913.2772438971597,59.773999998999997,-0.1133933886885643,-0.13784889876842499,2.4455515667796135E-2
1976,ESP,36127.525000000001,8184.0908745132001,68.287999998999993,-0.10935620218515396,-0.13618017733097076,2.6823975145816803E-2
1977,ESP,36506.811000000002,8366.1713418839699,80.911999999000003,-0.28759020566940308,-0.32245612144470215,3.4865908324718475E-2
1978,ESP,36868.1,8512.6406764435596,70.109999998999996,-0.1326136440038681,-0.18655271828174591,5.3939066827297211E-2
1979,ESP,37194.315000000002,8581.2862952627693,66.149000000000001,-7.1510925889015198E-2,-0.13455283641815186,6.3041903078556061E-2
1980,ESP,37493.072,8786.9654721937895,79.25,9.6159568056464195E-3,-8.2319505512714386E-2,9.1935470700263977E-2
1981,ESP,37764.457999999999,8717.5652410534203,97.45,0.42419999837875366,0.30644309520721436,0.1177569106221199
1982,ESP,37987.108,8812.1668319777309,125.600999999,7.2981338234967552E-6,-8.3146728575229645E-2,8.315403014421463E-2
1983,ESP,38160.262999999999,8934.4048354378301,156.699999999,0.12420602887868881,1.1484803631901741E-2,0.11272122710943222
1984,ESP,38325.243999999999,8979.8153913914794,173.4,0.46708458662033081,0.34774619340896606,0.11933838576078415
1985,ESP,38467.025000000001,9220.5007151111404,154.15,0.34464839100837708,0.2677474319934845,7.6900966465473175E-2
1986,ESP,38571.940999999999,9563.0565827882292,132.39500000000001,1.1325998306274414,1.0404654741287231,9.2134326696395874E-2
1987,ESP,38682.322,10209.3177562621,109,0.47929155826568604,0.44248870015144348,3.6802861839532852E-2
1988,ESP,38764.307000000001,10838.211998094999,113.45,0.14383281767368317,0.10877864062786102,3.5054165869951248E-2
1989,ESP,38821.377,11518.814844586501,109.72,0.12630356848239899,8.6415030062198639E-2,3.9888530969619751E-2
1990,ESP,38860.826999999997,12055,96.909000000000006,-0.11797450482845306,-0.14045259356498718,2.2478088736534119E-2
1991,ESP,38941.622000000003,12421.7957738803,96.688000000000002,5.4103400558233261E-2,2.6390852406620979E-2,2.7712550014257431E-2
1992,ESP,39147.939999999995,12553.295551473,114.623,-8.0828055739402771E-2,-0.13232117891311646,5.1493123173713684E-2
1993,ESP,39356.082000000002,12289.9591404987,142.214,0.56099998950958252,0.50700002908706665,5.4000001400709152E-2
1994,ESP,39547.353000000003,12569.629258999999,131.739,-9.2000000178813934E-2,-0.11699999868869781,2.500000037252903E-2
1995,ESP,39718.895000000004,12981.052723164399,121.40900000000001,0.15700000524520874,0.12300000339746475,3.4000001847743988E-2
1996,ESP,39884.245999999999,13275.174723627701,131.27500000000001,0.42899999022483826,0.38999998569488525,3.9000000804662704E-2
1997,ESP,40049.974000000002,13724.7489197756,151.702,0.45399999618530273,0.42199999094009399,3.1999997794628143E-2
1998,ESP,40214.066000000006,14313.4050581335,142.60699,0.39500001072883606,0.37200000882148743,2.3000001907348633E-2
1999,ESP,40369.667000000001,14934.3636609189,165.62412900656977,0.19699999690055847,0.16200000047683716,3.5000000149011612E-2
2000,ESP,40554.386999999995,15652.5359751821,178.81354110693175,-0.10400000214576721,-0.12700000405311584,2.3000000044703484E-2
2001,ESP,40766.048999999999,16181.181649542799,188.79609667536593,-3.6376893520355225E-2,-6.3937053084373474E-2,2.75601577013731E-2
2002,ESP,41423.520000000004,16368.2759640002,158.65929245732812,-0.20465430617332458,-0.23096798360347748,2.6313669979572296E-2
2003,ESP,42196.231,16555.104979874301,131.73871733966746,0.32978054881095886,0.27443650364875793,5.5344048887491226E-2
2004,ESP,42859.171999999999,16814.712129583801,122.15402687027384,0.23081998527050018,0.1869848221540451,4.3835163116455078E-2
2005,ESP,43662.612999999998,17105.212509266999,141.04094261252862,0.2578282356262207,0.20556586980819702,5.2262373268604279E-2
2006,ESP,44360.521000000001,17520.684152158999,126.33712984054668,0.40547147393226624,0.34485083818435669,6.0620639473199844E-2
2007,ESP,45236.004000000001,17802.334056216801,113.02628897493369,9.162062406539917E-2,5.6002520024776459E-2,3.5618100315332413E-2
2008,ESP,45983.168999999994,17681.9141763058,119.5559387799094,-0.3694705069065094,-0.40562480688095093,3.6154314875602722E-2
2009,ESP,46367.55,16888.132833074102,115.49770928779668,0.3560526967048645,0.27229321002960205,8.3759501576423645E-2
2010,ESP,46562.483,16840.7465287583,124.52177817691963,-0.14669620990753174,-0.19166156649589539,4.4965352863073349E-2
2011,ESP,46736.257000000005,16641.490671118201,128.59262694180384,-8.7707206606864929E-2,-0.14553715288639069,5.7829946279525757E-2
2012,ESP,46766.402999999998,16117.7703341578,126.10732150977718,5.010807141661644E-2,-3.8418933749198914E-2,8.8527008891105652E-2
2013,ESP,46591.856999999996,15935.3071380821,120.64824885795085,0.29880267381668091,0.22708864510059357,7.1714043617248535E-2
2014,ESP,46455.122544336002,16223.9740631564,137.04472448727449,9.0846426784992218E-2,3.0119173228740692E-2,6.0727257281541824E-2
2015,ESP,46410.148999999998,16886.717108242501,152.82998071093965,-3.1990598887205124E-2,-7.4180305004119873E-2,4.2189706116914749E-2
2016,ESP,46450.439000000006,17373.716839481702,157.84650412674318,2.2700000554323196E-2,-1.3199999928474426E-2,3.5900000482797623E-2
2017,ESP,46549.044999999998,17874.269500857499,138.73592929208715,9.7199998795986176E-2,6.549999862909317E-2,3.1700000166893005E-2
2018,ESP,46728.813999999998,18232.2862442142,145.31528384279477,-0.1088000014424324,-0.13680000603199005,2.79999990016222E-2
2019,ESP,47105,18469.521383469099,148.10931102011747,0.16230000555515289,0.12240000069141388,3.9900001138448715E-2
2020,ESP,47354,16390.859159074,135.59286121750469,-9.8099999129772186E-2,-0.12169999629259109,2.3599999025464058E-2
1924,FIN,3286.2,2224.0437041564792,0.42585839999999997,-3.5524006932973862E-2,-0.11560413986444473,8.5223272442817688E-2
1925,FIN,3322.1,2328.1949152542375,0.3992888,0.37820464372634888,0.26386278867721558,9.4350516796112061E-2
1926,FIN,3355.2,2391.8089248277929,0.39688530000000005,0.38301604986190796,0.28036883473396301,8.9094430208206177E-2
1927,FIN,3380.6,2557.1175771971498,0.39885229999999999,0.74019509553909302,0.64003837108612061,9.4033569097518921E-2
1928,FIN,3412.1,2707.2352767962311,0.39640949999999997,-8.1779435276985168E-2,-0.12777483463287354,5.8006800711154938E-2
1929,FIN,3435.3,2716.8177570093453,0.3996519,-0.15218403935432434,-0.20650923252105713,6.8174555897712708E-2
1930,FIN,3462.7,2665.633806900551,0.39679530000000002,-4.0487699210643768E-2,-0.10355868935585022,7.7628687024116516E-2
1931,FIN,3489.6,2580.597238204833,0.51817500000000005,8.0266788601875305E-2,-9.6793482080101967E-3,8.3357624709606171E-2
1932,FIN,3516,2549.7636311732799,0.64883000000000002,9.6401087939739227E-3,-6.7290209233760834E-2,7.7939726412296295E-2
1933,FIN,3536.6,2701.6446398184912,0.53571999999999997,0.43665409088134766,0.3437294065952301,8.1895150244235992E-2
1934,FIN,3561.6,2988.3741899126512,0.45059500000000002,0.15350878238677979,8.9395582675933838E-2,6.7265607416629791E-2
1935,FIN,3589.6,3092.6619127516774,0.46307999999999999,0.12974447011947632,6.9311678409576416E-2,5.6880354881286621E-2
1936,FIN,3612.4,3278.7758955845602,0.45672399999999996,0.45579013228416443,0.38801291584968567,5.9281744062900543E-2
1937,FIN,3640.2,3441.1795366795373,0.45922100000000005,-1.0937025770545006E-2,-5.1192816346883774E-2,4.7253187745809555E-2
1938,FIN,3672.1,3589.4436542669587,0.46421499999999999,1.9039792940020561E-2,-3.0371954664587975E-2,5.0316259264945984E-2
1939,FIN,3699.7,3407.6977753662504,0.44423499999999999,-5.5631097406148911E-2,-9.9291324615478516E-2,5.2913259714841843E-2
1940,FIN,3695.6170000000002,3220.4153596538672,0.49870099999999995,0.21878299117088318,0.18124797940254211,4.4420026242733002E-2
1941,FIN,3707.8150000000001,3322.2109670448408,0.48608000000000001,0.4565349817276001,0.41179779171943665,5.1596418023109436E-2
1942,FIN,3708.8009999999999,3327.1734088457388,0.48568799999999995,0.30703994631767273,0.27601450681686401,2.9292656108736992E-2
1943,FIN,3732.5320000000002,3696.7258801397479,0.48568799999999995,-1.5148509293794632E-2,-3.7705790251493454E-2,3.0569544062018394E-2
1944,FIN,3737.096,3684.5799196787152,0.48568799999999995,-4.0628436952829361E-2,-6.6899731755256653E-2,3.5086933523416519E-2
1945,FIN,3778.89,3449.5159659393298,1.3571069999999998,1.0561677217483521,1.0169246196746826,4.417094960808754E-2
1946,FIN,3833.0720000000001,3682.991592222806,4,-0.18748058378696442,-0.20510639250278473,2.2291038185358047E-2
1947,FIN,3885.2840000000001,3716.845037574501,4.0999999999999996,-1.9897466991096735E-3,-4.4583339244127274E-2,3.1075669452548027E-2
1948,FIN,3937.84,3957.1950408997959,5.4,-0.2529885470867157,-0.29377928376197815,2.9837217181921005E-2
1949,FIN,3987.9960000000001,4143.2576331062328,3.61,0.42893654108047485,0.33808940649032593,6.3508741557598114E-2
1950,FIN,4029.8029999999999,4253.28643767617,5,0.83632659912109375,0.75719696283340454,7.2995409369468689E-2
1951,FIN,4064.7269999999999,4571.1956118894077,4.3499999999999996,0.13682959973812103,9.1546162962913513E-2,4.7690253704786301E-2
1952,FIN,4116.2280000000001,4674.4896711893407,3.85,-0.12833622097969055,-0.17729827761650085,5.1374427974224091E-2
1953,FIN,4162.6090000000004,4651.6403343479742,3.95,0.36808499693870544,0.28785151243209839,6.873667985200882E-2
1954,FIN,4211.1909999999998,5001.5524612481795,3.54,5.4489299654960632E-2,-6.4500491134822369E-5,5.1102515310049057E-2
1955,FIN,4258.5709999999999,5196.8169260195045,3.58,0.60346198081970215,0.5295029878616333,6.4898833632469177E-2
1956,FIN,4304.8320000000003,5295.3266226031719,3.58,2.3885563015937805E-2,-1.2450885027647018E-2,5.1506102085113525E-2
1957,FIN,4343.1899999999996,5490.0555041628122,3.8,-0.15161383152008057,-0.18678401410579681,3.973071277141571E-2
1958,FIN,4376.3140000000003,5474.3336850314236,3.64,5.8645926415920258E-2,5.775979720056057E-3,5.8260239660739899E-2
1959,FIN,4413.0460000000003,5753.5212870048017,3.5,0.43154305219650269,0.36236041784286499,7.0111177861690521E-2
1960,FIN,4446.2219999999998,6230.3594003973267,3.3,0.14852936565876007,9.8407983779907227E-2,5.3653575479984283E-2
1961,FIN,4475.7870000000003,6657.9182623463239,3.2189999999999999,-7.7870381064713001E-3,-5.3585007786750793E-2,5.2995048463344574E-2
1962,FIN,4507.098,6818.9666439048651,3.2229999999999999,0.14488838613033295,8.1992276012897491E-2,5.7067412883043289E-2
1963,FIN,4539.5190000000002,6993.9948829496279,3.22,4.8010602593421936E-2,-4.3577593169175088E-4,5.2479404956102371E-2
1964,FIN,4557.567,7306.7337591985479,3.22,8.7801821529865265E-2,3.6161560565233231E-2,5.673685297369957E-2
1965,FIN,4569.8959999999997,7669.6002306883929,3.22,-5.7687744498252869E-2,-0.10834403336048126,4.8319786787033081E-2
1966,FIN,4591.8419999999996,7824.4979282315217,3.22,-6.9243580102920532E-2,-0.11641760915517807,4.8806134611368179E-2
1967,FIN,4619.6450000000004,7946.5988556897655,4.2,-1.2867141515016556E-2,-7.9931452870368958E-2,5.8567948639392853E-2
1968,FIN,4633.2920000000004,8092.9970567186338,4.2,0.40422040224075317,0.33562669157981873,7.531149685382843E-2
1969,FIN,4614.277,8877.5754062959259,4.2,0.25862604379653931,0.18387258052825928,6.7943178117275238E-2
1970,FIN,4598.3360000000002,9576.8692794466369,4.18,0.24894042313098907,0.17675133049488068,7.2189144790172577E-2
1971,FIN,4625.9120000000003,9764.6984339536393,4.1500000000000004,0.1975766122341156,0.127733513712883,6.9843105971813202E-2
1972,FIN,4653.4009999999998,10447.53954872095,4.18,0.70676529407501221,0.63461875915527344,7.214655727148056E-2
1973,FIN,4678.7610000000004,11085.105466450324,3.8450000000000002,0.4416668713092804,0.39802989363670349,4.3637070804834366E-2
1974,FIN,4702.3869999999997,11361.296080181231,3.5510000000000002,-0.17428036034107208,-0.20668637752532959,3.2406035810709E-2
1975,FIN,4720.4920000000002,11441.302752725864,3.85,3.365388885140419E-2,-2.1828699856996536E-2,5.5482562631368637E-2
1976,FIN,4730.8360000000002,11358.403813728612,3.7669999999999999,-0.13385243713855743,-0.19042567908763885,5.6573271751403809E-2
1977,FIN,4746.9669999999996,11354.528960506041,4.0179999999999998,-0.11511716991662979,-0.17728658020496368,6.2169451266527176E-2
1978,FIN,4758.0879999999997,11558.900862867087,3.9260000000000002,0.19231890141963959,0.13066211342811584,6.1656784266233444E-2
1979,FIN,4771.2920000000004,12331.547277997101,3.7109999999999999,0.26250761747360229,0.20184686779975891,6.0660786926746368E-2
1980,FIN,4787.7780000000002,12948.958423779721,3.84,4.0810827165842056E-2,-2.1902685984969139E-2,6.2713555991649628E-2
1981,FIN,4812.1499999999996,13134.056838759625,4.3570000000000002,0.23924209177494049,0.16776661574840546,7.1475483477115631E-2
1982,FIN,4841.7150000000001,13484.753154850088,5.2910000000000004,0.41609060764312744,0.34554266929626465,7.0547878742218018E-2
1983,FIN,4869.8580000000002,13766.872393702606,5.81,0.68809390068054199,0.62913155555725098,5.8962304145097733E-2
1984,FIN,4893.7479999999996,14106.716637428746,6.53,-2.8777852654457092E-2,-6.3178405165672302E-2,3.4400586038827896E-2
1985,FIN,4910.6639999999998,14522.062686169502,5.4169999999999998,0.16113744676113129,0.1177370622754097,4.3400384485721588E-2
1986,FIN,4925.6440000000002,14819.458956445556,4.7939999999999996,0.65665405988693237,0.61706751585006714,3.9586573839187622E-2
1987,FIN,4938.6019999999999,15382.232073173524,3.9460000000000002,0.311012864112854,0.28127002716064453,2.9742822051048279E-2
1988,FIN,4954.3590000000004,16087.912727707921,4.1689999999999996,0.34797030687332153,0.31837159395217896,2.9598675668239594E-2
1989,FIN,4974.3829999999998,16945.69265407891,4.0590000000000002,-0.15489974617958069,-0.16225863993167877,7.3589039966464043E-3
1990,FIN,4998.4780000000001,16866.375342680032,3.6339999999999999,-0.3055950403213501,-0.34770554304122925,4.211048036813736E-2
1991,FIN,5029.0020000000004,15767.888164442469,4.133,-0.19758999347686768,-0.21840000152587891,2.0809998735785484E-2
1992,FIN,5054.982,15136.114769968101,5.2450000000000001,8.005882054567337E-2,6.0644999146461487E-2,1.9413826987147331E-2
1993,FIN,5077.9120000000003,14942.82752697513,5.7845000000000004,0.92862170934677124,0.90846800804138184,2.0153703168034554E-2
1994,FIN,5098.7539999999999,15424.269176019063,4.7431999999999999,0.17700904607772827,0.16721899807453156,9.7900489345192909E-3
1995,FIN,5116.826,15976.987648516548,4.3586,-6.3462615013122559E-2,-7.7150002121925354E-2,1.3687455095350742E-2
1996,FIN,5132.32,16496.669146985241,4.6439000000000004,0.50784552097320557,0.46457600593566895,4.326954111456871E-2
1997,FIN,5147.3490000000002,17472.303536336211,5.4207000000000001,0.35156741738319397,0.32305800914764404,2.8509423136711121E-2
1998,FIN,5159.6459999999997,18306.525379931536,5.0960000000000001,0.72053331136703491,0.68516999483108521,3.5363283008337021E-2
1999,FIN,5171.3019999999997,18981.002694790717,5.9185048775632101,1.6703780889511108,1.6197700500488281,5.0608046352863312E-2
2000,FIN,5181.1149999999998,19950.891924312193,6.3898226759806551,-9.2940486967563629E-2,-0.10597000271081924,1.3029551133513451E-2
2001,FIN,5194.9009999999998,20360.391559578478,6.7465448768864178,-0.30624720454216003,-0.32444000244140625,1.8192922696471214E-2
2002,FIN,5206.2950000000001,20683.000708640793,5.6696195289405935,-0.32819512486457825,-0.34408000111579895,1.5884911641478539E-2
2003,FIN,5219.732,21053.137627512053,4.7076247030878866,8.5043862462043762E-2,4.44209985435009E-2,4.0622849017381668E-2
2004,FIN,5236.6109999999999,21879.093145856466,4.3651200352397037,7.5732089579105377E-2,3.2524999231100082E-2,4.3207079172134399E-2
2005,FIN,5255.58,22478.604138269035,5.0400356022717645,0.3520565927028656,0.31129699945449829,4.0759611874818802E-2
2006,FIN,5276.9549999999999,23434.467453076344,4.514601366742597,0.21827118098735809,0.17858299612998962,3.9688181132078171E-2
2007,FIN,5300.4840000000004,24651.340279395088,4.03894436519258,0.25041505694389343,0.20498399436473846,4.543105885386467E-2
2008,FIN,5326.3140000000003,24694.057867391202,4.2722785082992001,-0.51306742429733276,-0.53412002325057983,2.1052394062280655E-2
2009,FIN,5351.4269999999997,22561.739564366093,4.127259475218656,0.26212233304977417,0.19480100274085999,6.7321337759494781E-2
2010,FIN,5375.2759999999998,23290.483285665083,4.4497305792546031,0.23451858758926392,0.18676400184631348,4.775460809469223E-2
2011,FIN,5401.2669999999998,23783.247093498445,4.5952005564572227,-0.2702140212059021,-0.30107998847961426,3.0865961685776711E-2
2012,FIN,5426.674,23338.127357485879,4.5063892678490234,0.14102987945079803,8.3328999578952789E-2,5.7700898498296738E-2
2013,FIN,5451.27,23019.300328763882,4.3113117250380686,0.32243397831916809,0.26471498608589172,5.7718969881534576E-2
2014,FIN,5471.7529999999997,22831.816702445525,4.897232517914504,0.10742779821157455,5.745299905538559E-2,4.997481033205986E-2
2015,FIN,5487.308,22870.008468200183,5.4613116561036099,0.14863774180412292,0.1079540029168129,4.0683753788471222E-2
2016,FIN,5503.2969999999996,23446.339893403805,5.6405748980172659,0.10649999976158142,5.6400001049041748E-2,5.0100002437829971E-2
2017,FIN,5513.13,24124.546422643263,4.9576669724005722,0.10989999771118164,6.8400003015995026E-2,4.1500002145767212E-2
2018,FIN,5517.9189999999999,24356.518719456039,5.1927772925764213,-2.5299999862909317E-2,-6.3500002026557922E-2,3.8199998438358307E-2
2019,FIN,5525.2920000000004,24662.280810668915,5.2926206159871825,0.2046000063419342,0.15839999914169312,4.6199999749660492E-2
2020,FIN,5533.7929999999997,23921.368660457028,4.8453508271534522,0.18119999766349792,0.14139999449253082,3.9799999445676804E-2
1924,FRA,40310,4179.4635078144374,0.19095999999999999,3.4147933125495911E-2,-4.3590725399553776E-3,3.850700706243515E-2
1925,FRA,40610,4166.3782073380935,0.20977000000000001,0.15127940475940704,0.10440221428871155,4.6877190470695496E-2
1926,FRA,40870,4249.4685099094695,0.30837999999999999,0.24503205716609955,0.19546939432621002,4.9562662839889526E-2
1927,FRA,40940,4153.9705178309732,0.25484000000000001,0.2542186975479126,0.20905910432338715,4.5159608125686646E-2
1928,FRA,41050,4431.4653105968337,0.25503999999999999,0.48360869288444519,0.44573375582695007,3.7874948233366013E-2
1929,FRA,41230,4709.9979626485565,0.25536000000000003,8.9782691793516278E-4,-2.6976319029927254E-2,2.7874145656824112E-2
1930,FRA,41610,4531.5583994232147,0.25478000000000001,-0.26786229014396667,-0.29451087117195129,2.6648560538887978E-2
1931,FRA,41860,4235.2604634495938,0.25509999999999999,-0.31904923915863037,-0.35653546452522278,3.7486229091882706E-2
1932,FRA,41860,3959.1228619206881,0.25461,0.2392289936542511,0.18444402515888214,5.4784961044788361E-2
1933,FRA,41890,4239.1258295535936,0.19876000000000002,1.1746611446142197E-2,-2.7574114501476288E-2,3.9320725947618484E-2
1934,FRA,41950,4191.7309415971395,0.15223,-7.3797658085823059E-2,-0.11448942869901657,4.069177433848381E-2
1935,FRA,41940,4085.9311874105861,0.15148999999999999,7.0452746003866196E-3,-3.6233223974704742E-2,4.3278500437736511E-2
1936,FRA,41910,4243.9980672870433,0.16356000000000001,0.17633824050426483,0.13813799619674683,3.8200236856937408E-2
1937,FRA,41930,4486.6367278797989,0.24716000000000002,-5.2771586924791336E-2,-8.5555180907249451E-2,3.2783597707748413E-2
1938,FRA,41960,4466.2114632983785,0.34744999999999998,5.885542556643486E-2,1.2640709057450294E-2,4.6214718371629715E-2
1939,FRA,41900,4793.3105011933167,0.39835999999999999,0.16453315317630768,0.11462415009737015,4.9909014254808426E-2
1940,FRA,41000,4042.1678780487805,0.48015000000000002,0.47404372692108154,0.43693286180496216,3.7110865116119385E-2
1941,FRA,39600,3309.3818939393936,0.46666666666666667,0.52898800373077393,0.50691205263137817,2.2075958549976349E-2
1942,FRA,39400,2981.4608375634512,0.46666666666666667,0.53635179996490479,0.52058440446853638,1.5767363831400871E-2
1943,FRA,39000,2860.1412307692308,0.46666666666666667,-0.17693762481212616,-0.1840086430311203,7.0710182189941406E-3
1944,FRA,38900,2421.7693573264783,0.46666666666666667,-0.1168389767408371,-0.12406250089406967,7.223520427942276E-3
1945,FRA,39700,2573.141637279597,0.50179211469534057,-0.20052199065685272,-0.20431415736675262,3.7921715993434191E-3
1946,FRA,40290,3855.1917349218165,3.45,0.27320301532745361,0.26439514756202698,8.807850070297718E-3
1947,FRA,40680,4137.8978613569325,3,-0.18458309769630432,-0.19521121680736542,1.0628128424286842E-2
1948,FRA,41110,4393.3653612259795,5.2,-0.10739078372716904,-0.12396233528852463,1.6571551561355591E-2
1949,FRA,41480,4946.3447444551593,3.95,-0.15785123407840729,-0.17904016375541687,2.1188937127590179E-2
1950,FRA,42518,5185.8506985276827,3.91,-0.15076147019863129,-0.1847112774848938,3.3949811011552811E-2
1951,FRA,42862,5461.1077411226725,4.26,0.4429471492767334,0.3947320282459259,4.8215139657258987E-2
1952,FRA,43184,5564.2599110781775,4.12,0.1394517570734024,9.4531148672103882E-2,4.4920619577169418E-2
1953,FRA,43495,5683.9406828371075,3.76,0.2316017746925354,0.18327781558036804,4.832395538687706E-2
1954,FRA,43822,5915.1795901601936,3.74,1.1585566997528076,1.1191445589065552,3.9412155747413635E-2
1955,FRA,44218,6198.7878239630918,3.9,-3.6631975322961807E-2,-5.6672114878892899E-2,2.0040139555931091E-2
1956,FRA,44657,6448.4627270080837,4.03,3.150513768196106E-2,1.0728722438216209E-2,2.077641524374485E-2
1957,FRA,45152,6761.7824238128987,4.79,0.14293564856052399,0.12608504295349121,1.6850605607032776E-2
1958,FRA,45654,6855.171507425418,4.95,-8.5194863379001617E-2,-9.9408075213432312E-2,1.4213209040462971E-2
1959,FRA,46129,6978.7769082356008,4.9370600039370602,0.26738566160202026,0.2524486780166626,1.4937000349164009E-2
1960,FRA,46584,7397.5828610681774,4.9370600039370602,-7.1777172386646271E-2,-8.6253836750984192E-2,1.4476661570370197E-2
1961,FRA,47128,7718.4264131726368,4.9370600039370602,4.9007512629032135E-2,3.2421041280031204E-2,1.6586471349000931E-2
1962,FRA,48089,8067.0631537357822,4.9370600039370602,-0.1058787927031517,-0.1210610419511795,1.5182247385382652E-2
1963,FRA,48799,8362.6713662165203,4.9370600039370602,-0.18257169425487518,-0.20073093473911285,1.8159238621592522E-2
1964,FRA,49357,8819.3366695706791,4.9370600039370602,-7.9806417226791382E-2,-0.10267920792102814,2.2872786968946457E-2
1965,FRA,49802,9165.4150435725478,4.9370600039370602,-4.7821152955293655E-2,-7.4538528919219971E-2,2.6717375963926315E-2
1966,FRA,50254,9544.1357901858555,4.9370600039370602,-0.17161828279495239,-0.19720390439033508,2.5585614144802094E-2
1967,FRA,50650,9907.1865745310952,4.9370600039370602,-2.1920576691627502E-2,-5.7406183332204819E-2,3.5485606640577316E-2
1968,FRA,51034,10267.018066387114,4.9370600039370602,0.17394950985908508,0.13143084943294525,4.251866415143013E-2
1969,FRA,51470,10885.564406450359,5.5541900045541901,0.23662078380584717,0.19906547665596008,3.7555314600467682E-2
1970,FRA,51918,11410.088986478679,5.5541900045541901,-8.7622754275798798E-2,-0.12267616391181946,3.5053405910730362E-2
1971,FRA,52432,11844.961092462618,5.1157215132178298,-5.6785736232995987E-2,-9.7529135644435883E-2,4.0743399411439896E-2
1972,FRA,52894,12263.545959844218,5.1157215132178298,0.16952449083328247,0.12269343435764313,4.683106392621994E-2
1973,FRA,53333,12824.423902649391,4.7084999999999999,-3.170337900519371E-2,-7.4354581534862518E-2,4.265119880437851E-2
1974,FRA,53690,13112.534922704413,4.4444999989999996,-0.27134865522384644,-0.31864401698112488,4.7295358031988144E-2
1975,FRA,53955,12957.205078305997,4.485499999,0.31950253248214722,0.25140765309333801,6.8094901740550995E-2
1976,FRA,54159,13466.386011558559,4.9697499990000003,-0.11292722076177597,-0.16822950541973114,5.5302288383245468E-2
1977,FRA,54378,13912.703666924124,4.704999999,-0.16803032159805298,-0.22417961061000824,5.6149289011955261E-2
1978,FRA,54602,14240.210981282737,4.1799999989999996,0.62094396352767944,0.53845679759979248,8.2487143576145172E-2
1979,FRA,54836,14634.38252243052,4.0199999990000004,9.0084083378314972E-2,4.0267914533615112E-2,4.981616884469986E-2
1980,FRA,55110,14766.158591907095,4.5159999989999999,8.802468329668045E-2,3.1846396625041962E-2,5.6178286671638489E-2
1981,FRA,55399,14839.906857524504,5.7479999990000001,-0.11161229759454727,-0.17320555448532104,6.1593249440193176E-2
1982,FRA,55697,15131.64084241521,6.7249999989999996,0.10401709377765656,2.5285277515649796E-2,7.8731812536716461E-2
1983,FRA,55929,15245.114341397128,8.3474999990000001,0.58668851852416992,0.51912993192672729,6.7558586597442627E-2
1984,FRA,56246,15381.929381644917,9.5920000000000005,0.14483685791492462,0.10306257009506226,4.1774284094572067E-2
1985,FRA,56490,15530.270844397239,7.5609999999999999,0.37105792760848999,0.32880458235740662,4.2253341525793076E-2
1986,FRA,56725,15833.036579991185,6.4550000000000001,0.38241159915924072,0.35101401805877686,3.1397592276334763E-2
1987,FRA,56989,16157.890119145801,5.34,-0.23758669197559357,-0.26738318800926208,2.9796486720442772E-2
1988,FRA,57255,16789.572963059996,6.0590000000000002,0.62349998950958252,0.57394003868103027,4.9559973180294037E-2
1989,FRA,57821,17299.70080074713,5.7880000000000003,0.30861103534698486,0.27138262987136841,3.722839429974556E-2
1990,FRA,58168,17647.005226241236,5.1289999999999996,-0.21963445842266083,-0.24144463241100311,2.1810168400406837E-2
1991,FRA,58514,17724.135385347323,5.18,0.16629000008106232,0.12640999257564545,3.9880000054836273E-2
1992,FRA,58859,17879.522485037523,5.5065,4.7603942453861237E-2,1.2189167551696301E-2,3.5414773970842361E-2
1993,FRA,59169,17666.018468576247,5.8955000000000002,0.3644101619720459,0.3209693431854248,4.3440818786621094E-2
1994,FRA,59445,17978.199665246746,5.3460000000000001,-0.14312708377838135,-0.16959810256958008,2.6471024379134178E-2
1995,FRA,59712,18261.961310969225,4.9000000000000004,1.8922608345746994E-2,-1.4232485555112362E-2,3.3155091106891632E-2
1996,FRA,59981,18373.417686711593,5.2370000000000001,0.30595406889915466,0.26669695973396301,3.9257105439901352E-2
1997,FRA,60254,18690.444261468547,5.9881000000000002,0.27767926454544067,0.24541193246841431,3.2267343252897263E-2
1998,FRA,60535,19233.285870513369,5.6220999999999997,0.31296631693840027,0.28541165590286255,2.7554644271731377E-2
1999,FRA,60824,19771.392169057272,6.5295341429424649,0.55627894401550293,0.52433794736862183,3.1941033899784088E-2
2000,FRA,61137,20391.877068945985,7.0495110155830192,5.3360629826784134E-3,-1.0393979959189892E-2,1.5730042010545731E-2
2001,FRA,61479,20648.034421101213,7.4430613865879947,-0.19238355755805969,-0.20945310592651367,1.7069550231099129E-2
2002,FRA,61829,20719.525661469477,6.2549537522647087,-0.29272675514221191,-0.31129857897758484,1.857183501124382E-2
2003,FRA,62171,20789.046927320785,5.1936421219319078,0.21222859621047974,0.17447862029075623,3.7749975919723511E-2
2004,FRA,62534,21193.399751471257,4.8157771088760004,0.12997828423976898,9.2311456799507141E-2,3.7666827440261841E-2
2005,FRA,62912,21450.000682918431,5.5603712808341106,0.28433129191398621,0.25314715504646301,3.118412010371685E-2
2006,FRA,63293,21841.591885557165,4.9806909643128314,0.22560936212539673,0.19368119537830353,3.1928155571222305E-2
2007,FRA,63682,22202.17253075663,4.4559269071394576,3.0629167333245277E-2,4.0707872249186039E-3,2.6558380573987961E-2
2008,FRA,64058,22057.350451049238,4.7133505784292566,-0.40892547369003296,-0.43094703555107117,2.2021559998393059E-2
2009,FRA,64399.244033153613,21244.207306860604,4.5533597112314288,0.29031974077224731,0.23895440995693207,5.1365319639444351E-2
2010,FRA,64707.497706606577,21477.477402452558,4.90912288579554,4.1892267763614655E-2,4.0655070915818214E-3,3.7826757878065109E-2
2011,FRA,65021.93707250341,21842.236687015589,5.0696112528016082,-0.13389000296592712,-0.16951571404933929,3.5625714808702469E-2
2012,FRA,65337.407387140898,21818.118066179795,4.9716310444141278,0.20368699729442596,0.15230663120746613,5.1380373537540436E-2
2013,FRA,65669.372881628704,21841.280960321226,4.7564136030744697,0.22217300534248352,0.1798592209815979,4.231378436088562E-2
2014,FRA,66009.585966041675,21940.470687708923,5.4028251379622754,2.7084000408649445E-2,-5.4004350677132607E-3,3.2484438270330429E-2
2015,FRA,66291.03497223786,22075.007599300599,6.0251400753191877,0.11944600194692612,8.5263587534427643E-2,3.4182410687208176E-2
2016,FRA,66464.234360666276,22243.411544010611,6.2229105397969828,8.9400000870227814E-2,5.3399998694658279E-2,3.5999998450279236E-2
2017,FRA,66639.49564657599,22726.543640919506,5.469498874343369,0.1851000040769577,0.15320000052452087,3.189999982714653E-2
2018,FRA,66850.840138408283,23071.732518274752,5.7288820960698672,-7.4500001966953278E-2,-0.10029999911785126,2.5799999013543129E-2
2019,FRA,66999.296757061224,23443.588620984108,5.8390332917927692,0.28369998931884766,0.24300000071525574,4.0700003504753113E-2
2020,FRA,67139.505785788991,21525.949965130512,5.345587156710943,-8.39999970048666E-3,-2.669999934732914E-2,1.8300000578165054E-2
1924,GBR,44915,4920.9420460870533,0.22639999999999999,0.20171739161014557,0.15217390656471252,4.9543481320142746E-2
1925,GBR,45059,5144.4944628154199,0.20710000000000001,0.15123584866523743,0.10377358645200729,4.7462265938520432E-2
1926,GBR,45232,4936.1136363636369,0.20580000000000001,6.5914534032344818E-2,1.7094017937779427E-2,4.8820514231920242E-2
1927,GBR,45389,5314.9382449492168,0.20569999999999999,8.5781514644622803E-2,4.2016807943582535E-2,4.3764706701040268E-2
1928,GBR,45578,5356.9653341524427,0.20549999999999999,0.16468547284603119,0.12096773833036423,4.3717741966247559E-2
1929,GBR,45672,5503.3180504466636,0.2059,-0.14233812689781189,-0.18705035746097565,4.4712230563163757E-2
1930,GBR,45866,5440.8624689312337,0.20569999999999999,-4.8601768910884857E-2,-9.7345136106014252E-2,4.8743363469839096E-2
1931,GBR,46074,5138.415852758606,0.2205,-0.20131374895572662,-0.24509803950786591,4.3784312903881073E-2
1932,GBR,46335,5148.2532858530267,0.28520000000000001,0.34228572249412537,0.28571429848670959,5.657142773270607E-2
1933,GBR,46520,5277.4607480653476,0.23599999999999999,0.24409089982509613,0.20202021300792694,4.207070916891098E-2
1934,GBR,46666,5607.5080358290834,0.19850000000000001,0.14047059416770935,0.10084033757448196,3.963024914264679E-2
1935,GBR,46868,5799.0052914568578,0.20399999999999999,0.13990840315818787,9.9236637353897095E-2,4.0671754628419876E-2
1936,GBR,47081,6035.1685393258431,0.20119999999999999,0.19197221100330353,0.1527777761220932,3.9194446057081223E-2
1937,GBR,47289,6217.6185159339393,0.20230000000000001,-0.13043372333049774,-0.16867469251155853,3.8240965455770493E-2
1938,GBR,47494,6266.4515517749605,0.20449999999999999,-9.7898542881011963E-2,-0.14492753148078918,4.7028984874486923E-2
1939,GBR,47991,6262.4009501781584,0.22550000000000001,1.8271187320351601E-2,-3.3898305147886276E-2,5.2169494330883026E-2
1940,GBR,48226,6856.0049765686554,0.2611,-4.8894740641117096E-2,-0.10526315867900848,5.6368421763181686E-2
1941,GBR,48216,7481.6763729882196,0.248,0.22733333706855774,0.16666668653488159,6.066666916012764E-2
1942,GBR,48400,7638.8683471074364,0.24779999999999999,0.184369757771492,0.13445378839969635,4.9915965646505356E-2
1943,GBR,48789,7743.7019820041396,0.24779999999999999,0.1104000061750412,6.6666670143604279E-2,4.3733332306146622E-2
1944,GBR,49016,7405.3918720417814,0.24779999999999999,0.12449999898672104,8.3333343267440796E-2,4.1166666895151138E-2
1945,GBR,49182,7056.1345614249112,0.24809999999999999,6.4615383744239807E-2,2.5641025975346565E-2,3.8974355906248093E-2
1946,GBR,49217,6745.340106060914,0.33333333333333331,0.17731250822544098,0.13750000298023224,3.9812501519918442E-2
1947,GBR,49519,6604.410589874592,0.4,-2.5769233703613281E-2,-6.5934069454669952E-2,4.0164835751056671E-2
1948,GBR,50014,6745.6359419362561,0.33003300330033003,-3.6758825182914734E-2,-7.6470591127872467E-2,3.9711765944957733E-2
1949,GBR,50312,6955.6933534743212,0.42016806722689076,-5.7006370276212692E-2,-0.10191082954406738,4.4904459267854691E-2
1950,GBR,50127,6939.3739900652345,0.3968253968253968,0.10957446694374084,5.6737586855888367E-2,5.2836880087852478E-2
1951,GBR,50290,7123.3644859813085,0.41841004184100417,8.2295306026935577E-2,2.6845639571547508E-2,5.544966459274292E-2
1952,GBR,50430,7090.7198096371212,0.37735849056603776,-1.4117643004283309E-3,-5.8823529630899429E-2,5.7411763817071915E-2
1953,GBR,50593,7345.7988259245349,0.37174721189591081,0.24430555105209351,0.1805555522441864,6.3749998807907104E-2
1954,GBR,50765,7619.2061459667093,0.37313432835820892,0.48616468906402588,0.42352944612503052,6.263529509305954E-2
1955,GBR,50946,7868.1348879205434,0.36900369003690037,0.10862810164690018,5.7851240038871765E-2,5.0776861608028412E-2
1956,GBR,51184,7928.7472647702407,0.35898908686063652,-9.1640621423721313E-2,-0.140625,4.898437112569809E-2
1957,GBR,51430,8017.0134162939921,0.34972371838487926,-9.4772735610604286E-3,-6.8181820213794708E-2,5.8704547584056854E-2
1958,GBR,51652,7965.8096491907381,0.35682426417727892,0.47742438316345215,0.40975609421730042,6.766829639673233E-2
1959,GBR,51956,8239.7990607437059,0.35714285727040812,0.54862284660339355,0.49480968713760376,5.3813144564628601E-2
1960,GBR,52372,8645.2302757198504,0.35665882029982837,1.8391203135251999E-2,-2.5462962687015533E-2,4.3854169547557831E-2
1961,GBR,52807,8856.6667297896111,0.35611267417688569,1.8128266558051109E-2,-2.850356325507164E-2,4.66318279504776E-2
1962,GBR,53292,8865.3831719582668,0.35682426417727892,3.7897310685366392E-3,-4.4009778648614883E-2,4.779951274394989E-2
1963,GBR,53625,9149.1841491841496,0.35757705798382927,0.19808183610439301,0.1508951336145401,4.7186702489852905E-2
1964,GBR,53991,9567.9650312089052,0.35841009295667181,-5.4099999368190765E-2,-0.10000000149011612,4.5899998396635056E-2
1965,GBR,54350,9751.5363385464589,0.35678607119908168,0.11174321174621582,5.6790124624967575E-2,5.4953087121248245E-2
1966,GBR,54643,9885.3101037644337,0.35839724763758773,-3.8406543433666229E-2,-9.1121494770050049E-2,5.271495133638382E-2
1967,GBR,54959,10048.890991466365,0.41557578041623067,0.34190231561660767,0.28534704446792603,5.6555271148681641E-2
1968,GBR,55214,10409.950374904916,0.41939271951828244,0.4819520115852356,0.43599998950958252,4.5952003449201584E-2
1969,GBR,55461,10551.684967815221,0.41654517449766532,-0.11873120069503784,-0.15181058645248413,3.3079389482736588E-2
1970,GBR,55632,10767.471958584987,0.41776329549139968,-3.4857142716646194E-2,-7.5533658266067505E-2,4.0676519274711609E-2
1971,GBR,55907,10941.474233995743,0.39177277194584631,0.46601599454879761,0.41918295621871948,4.6833038330078125E-2
1972,GBR,56079,11293.924642022861,0.42587624054592066,0.16374468803405762,0.12765957415103912,3.6085106432437897E-2
1973,GBR,56210,12025.280199252802,0.43044077153514154,-0.28000888228416443,-0.31298556923866272,3.2976694405078888E-2
1974,GBR,56224,11858.903671030164,0.4258037046735379,-0.50195151567459106,-0.5541195273399353,5.2168015390634537E-2
1975,GBR,56215,11847.087076403095,0.49419322979698205,1.4960688352584839,1.3659420013427734,0.13012680411338806
1976,GBR,56206,12114.952140340889,0.58740601538263981,2.32649315148592E-2,-3.8284838199615479E-2,6.1549771577119827E-2
1977,GBR,56179,12383.613093860695,0.52465897194368261,0.48560190200805664,0.41082802414894104,7.4773885309696198E-2
1978,GBR,56167,12827.834849644809,0.49152125853601442,8.6659140884876251E-2,2.7088036760687828E-2,5.9571105986833572E-2
1979,GBR,56228,13167.283204097603,0.44964028797196054,0.11481428891420364,4.285714402794838E-2,7.1957141160964966E-2
1980,GBR,56314,12931.49128103136,0.41928721191584367,0.34833088517189026,0.27081137895584106,7.7519491314888E-2
1981,GBR,56382.6,12747.426302481243,0.5241090149497426,0.13627363741397858,7.2968490421772003E-2,6.3305139541625977E-2
1982,GBR,56339.7,12954.64740105841,0.61938680744464958,0.28492039442062378,0.2202472984790802,6.4673103392124176E-2
1983,GBR,56382.62,13404.466833690942,0.6893699163721011,0.28779226541519165,0.23115895688533783,5.6633312255144119E-2
1984,GBR,56462.23,13720.057238973992,0.86467790822713175,0.31574073433876038,0.2602880597114563,5.5452674627304077E-2
1985,GBR,56620.24,14164.54610577419,0.69228106659209487,0.20136570930480957,0.15183673799037933,4.9528982490301132E-2
1986,GBR,56796.26,14741.815746318507,0.67819599864360802,0.27217575907707214,0.22324591875076294,4.8929836601018906E-2
1987,GBR,56981.62,15393.437392618882,0.53433075073470482,8.6508691310882568E-2,4.1714947670698166E-2,4.4793743640184402E-2
1988,GBR,57159.6,16109.99642527258,0.55263885051119088,0.11483954638242722,6.4794212579727173E-2,5.0045326352119446E-2
1989,GBR,57324.47,16413.722920989137,0.62285892245406416,0.35468164086341858,0.30007836222648621,5.4603289812803268E-2
1990,GBR,57493.31,16429.911584495658,0.51867219917012453,-9.6107877790927887E-2,-0.14323021471500397,4.712233692407608E-2
1991,GBR,57665.65,16155.292279578831,0.53455925589351583,0.20805393159389496,0.15052755177021027,5.7526379823684692E-2
1992,GBR,57866.35,16133.494698974384,0.66137566137566139,0.19888730347156525,0.14835949242115021,5.0527818500995636E-2
1993,GBR,58026.92,16458.296159635553,0.67512827437213063,0.27548074722290039,0.2335403710603714,4.1940376162528992E-2
1994,GBR,58212.52,17117.941687196901,0.64,-5.9496473520994186E-2,-9.5669686794281006E-2,3.6173213273286819E-2
1995,GBR,58426.01,17585.527396276437,0.64516129032258063,0.23020999133586884,0.1851734071969986,4.5036587864160538E-2
1996,GBR,58618.66,18044.003183377976,0.58892815076560656,0.15809932351112366,0.11677852272987366,4.1320804506540298E-2
1997,GBR,58808.27,19115.072462085736,0.60466803724755114,0.23567114770412445,0.19735576212406158,3.8315385580062866E-2
1998,GBR,59035.65,19724.085413065444,0.60114217012323412,0.13673961162567139,0.10901425778865814,2.7725357562303543E-2
1999,GBR,59293.32,20269.481542579528,0.61865874783469432,0.23799023032188416,0.21252715587615967,2.5463070720434189E-2
2000,GBR,59522.47,21045.720019775421,0.67015145422865574,-5.9402957558631897E-2,-7.9650640487670898E-2,2.02476866543293E-2
2001,GBR,59723.24,21567.35402910252,0.68946497517926097,-0.13219822943210602,-0.15418930351734161,2.1991077810525894E-2
2002,GBR,59912.43,22008.006231145475,0.62042437026926422,-0.22260260581970215,-0.24961641430854797,2.7013808488845825E-2
2003,GBR,60094.65,22762.765048987072,0.56031826077211855,0.20175731182098389,0.1656230092048645,3.613431379199028E-2
2004,GBR,60270.71,23306.559580957412,0.51775913844879362,0.12595011293888092,9.2095166444778442E-2,3.3854950219392776E-2
2005,GBR,60441.46,23810.431674391606,0.58075381845635632,0.21643610298633575,0.18100592494010925,3.5430178046226501E-2
2006,GBR,60609.15,24285.282650144403,0.50942435048395307,0.16431647539138794,0.1315028965473175,3.2813582569360733E-2
2007,GBR,60776.24,25002.119099661428,0.49915144254766897,5.0815116614103317E-2,2.0208850502967834E-2,3.0606264248490334E-2
2008,GBR,60943.91,24602.13363468245,0.68596515297022909,-0.29751068353652954,-0.32776141166687012,3.0250737443566322E-2
2009,GBR,61067.494656956638,23489.355012713811,0.61747452917567103,0.2895195484161377,0.24953445792198181,3.9985105395317078E-2
2010,GBR,61556.92913172931,23777.155757682725,0.638773554774832,0.14157930016517639,0.10940650105476379,3.2172787934541702E-2
2011,GBR,62071.865202381916,23967.740310562956,0.64678869413362705,-3.4272618591785431E-2,-6.6930070519447327E-2,3.2657448202371597E-2
2012,GBR,62483.814058904012,24150.282061037648,0.63371356147021496,0.12145595997571945,8.2486450672149658E-2,3.8969509303569794E-2
2013,GBR,62877.12713382153,24523.878339890951,0.60723828030118998,0.20538218319416046,0.16687528789043427,3.8506884127855301E-2
2014,GBR,63358.714963708066,25034.193108199277,0.64069707842132195,1.1954274028539658E-2,-2.1320817992091179E-2,3.3275093883275986E-2
2015,GBR,63861.881067031471,25423.86029158919,0.67480936635400501,1.0998629964888096E-2,-2.5073645636439323E-2,3.6072276532649994E-2
2016,GBR,64389.567935624051,25649.813255197038,0.81287595512924704,0.15410000085830688,0.10840000212192535,4.5700002461671829E-2
2017,GBR,64774.053535044659,25941.298227075255,0.74011027643118799,0.14069999754428864,9.6900001168251038E-2,4.3800000101327896E-2
2018,GBR,65162.462456908361,26109.672726731733,0.78768067425465704,-9.5499999821186066E-2,-0.13210000097751617,3.6600001156330109E-2
2019,GBR,65516.542307395197,26341.025966169807,0.76210799070228297,0.18379999697208405,0.12909999489784241,5.469999834895134E-2
2020,GBR,65795.098200852997,23646.774125758013,0.74515648286140101,-9.4400003552436829E-2,-0.12139999866485596,2.7000000700354576E-2
1924,ITA,38810,2456.9802709350438,22.946000000000002,0.77609986066818237,0.7203325629234314,5.5767282843589783E-2
1925,ITA,39165,2602.3414303206473,25.140999999999998,-5.036471039056778E-2,-7.9964853823184967E-2,2.9600139707326889E-2
1926,ITA,39502,2600.2277396485993,25.710999999999999,-0.39038866758346558,-0.42359119653701782,3.3202517777681351E-2
1927,ITA,39848,2530.7029046318808,19.395,0.32327574491500854,0.24689312279224396,7.6382651925086975E-2
1928,ITA,40186,2666.1997376179233,19.021999999999998,0.23578710854053497,0.18338871002197266,5.2398402243852615E-2
1929,ITA,40469,2777.9896372640164,19.108000000000001,-0.11079128086566925,-0.15047726035118103,3.9685968309640884E-2
1930,ITA,40791,2630.9822559678087,19.093,-0.14342430233955383,-0.18770654499530792,4.4282246381044388E-2
1931,ITA,41132,2578.9047463431216,19.207000000000001,-0.27317246794700623,-0.31407648324966431,4.0904011577367783E-2
1932,ITA,41431,2615.1748999404454,19.510999999999999,-1.5621870756149292E-2,-7.7105574309825897E-2,6.1483699828386307E-2
1933,ITA,41753,2565.0613929580454,14.904,0.35110485553741455,0.28920307755470276,6.1901755630970001E-2
1934,ITA,42093,2538.0526408295664,11.68,0.18434560298919678,0.13359920680522919,5.0746407359838486E-2
1935,ITA,42429,2654.1079246971908,12.125,0.11863307654857635,7.2119615972042084E-2,4.651346430182457E-2
1936,ITA,42750,2540.3044045713227,13.714,0.35734307765960693,0.30598852038383484,5.1354546099901199E-2
1937,ITA,43068,2772.2738078992493,19.009,0.12190339714288712,8.4798991680145264E-2,3.710440918803215E-2
1938,ITA,43419,2830.1222032345058,19.010000000000002,-1.621580682694912E-2,-5.6166764348745346E-2,3.9950955659151077E-2
1939,ITA,43865,2980.8249609026107,19.245999999999999,0.41631916165351868,0.36060607433319092,5.5713072419166565E-2
1940,ITA,44341,2897.0929201440881,19.838999999999999,0.18024140596389771,0.14031180739402771,3.9929609745740891E-2
1941,ITA,44734,2822.2565675610986,19.7227,0.28954550623893738,0.2584635317325592,3.108195960521698E-2
1942,ITA,45004,2648.2949673764751,225.53,0.1954246461391449,0.16864976286888123,2.6774885132908821E-2
1943,ITA,45177,2233.8644616401498,269.17899999999997,1.0191632509231567,0.98671984672546387,3.2443434000015259E-2
1944,ITA,45290,1797.1882761802203,574.71299999999997,1.5152757167816162,1.4962121248245239,1.9063537940382957E-2
1945,ITA,45442,1608.6346377973978,588.58199999999999,-0.46599438786506653,-0.46871373057365417,2.7193387504667044E-3
1946,ITA,45725,2161.6798950684206,675,1.6019675731658936,1.5920698642730713,9.8978010937571526E-3
1947,ITA,46040,2555.5513234371533,585,-0.26268690824508667,-0.26620429754257202,3.5173965152353048E-3
1948,ITA,46381,2735.2585615479629,660,0.27505666017532349,0.25156787037849426,2.3488784208893776E-2
1949,ITA,46733,2948.3669822507031,665,0.10102730989456177,6.6624321043491364E-2,3.4402988851070404E-2
1950,ITA,47105,3171.7020703267281,700,9.7951099276542664E-2,5.1478859037160873E-2,4.6472243964672089E-2
1951,ITA,47418,3450.7099711975006,690,0.13667988777160645,7.9164303839206696E-2,5.7515587657690048E-2
1952,ITA,47666,3590.6027168740502,634,0.41880148649215698,0.3508659303188324,6.7935548722743988E-2
1953,ITA,47957,3829.8209343635153,629,8.1796079874038696E-2,3.2072864472866058E-2,4.9723215401172638E-2
1954,ITA,48299,3947.2123425229397,638.5,0.34935715794563293,0.29227486252784729,5.708225816488266E-2
1955,ITA,48633,4189.7355158701175,635.5,7.4802234768867493E-2,3.2119780778884888E-2,4.2682453989982605E-2
1956,ITA,48921,4368.0079081532494,624.96999999800005,4.602910578250885E-2,4.2631174437701702E-3,4.1765991598367691E-2
1957,ITA,49182,4590.9740407483787,624.89,3.6572244018316269E-2,-5.3267627954483032E-3,4.1899006813764572E-2
1958,ITA,49476,4822.8831424414157,624,0.29206728935241699,0.24297085404396057,4.9096427857875824E-2
1959,ITA,49832,5130.8140344975873,620.60000000100001,0.6040031909942627,0.56493842601776123,3.9064779877662659E-2
1960,ITA,50197.599999999999,5456.1900480206577,620.60000000100001,0.23027563095092773,0.20346525311470032,2.6810381561517715E-2
1961,ITA,50523.199999999997,5852.6749230675687,620.60000000100001,5.3755387663841248E-2,3.0466916039586067E-2,2.328847348690033E-2
1962,ITA,50843.199999999997,6203.0070713051336,620.60000000100001,-0.13782739639282227,-0.16483029723167419,2.7002912014722824E-2
1963,ITA,51198.3,6531.85997605379,622.38000000199997,-0.11273371428251266,-0.14285674691200256,3.0123034492135048E-2
1964,ITA,51600.2,6727.9389542287427,624.79999999699999,-0.22266444563865662,-0.25546208024024963,3.2797615975141525E-2
1965,ITA,51987.1,6963.9393207073153,624.70000000200002,0.25352564454078674,0.19946256279945374,5.4063089191913605E-2
1966,ITA,52331.6,7366.0233115000683,624.45000000200002,9.0485010296106339E-3,-2.5266323238611221E-2,3.4314822405576706E-2
1967,ITA,52667.1,7872.3137602709467,623.85999999900002,4.6925187110900879E-2,6.6319536417722702E-3,4.0293231606483459E-2
1968,ITA,52986.6,8382.4052863768284,623.5,5.510016530752182E-2,1.5699299052357674E-2,3.9400864392518997E-2
1969,ITA,53317,8879.3740468347569,625.5,0.18874378502368927,0.14910209178924561,3.9641682058572769E-2
1970,ITA,53661.1,9366.5963497348221,623,-0.16629339754581451,-0.19468419253826141,2.8390800580382347E-2
1971,ITA,54005.5,9489.2475777009713,594,-0.13208214938640594,-0.15790288150310516,2.5820735841989517E-2
1972,ITA,54365.56,9795.126255935349,582.5,0.13676495850086212,0.10917110741138458,2.7593845501542091E-2
1973,ITA,54796.84,10413.549673699683,607.92000000099995,0.19722919166088104,0.17406794428825378,2.3161251097917557E-2
1974,ITA,55226.26,10913.877946399141,649.42999999899996,-0.27806997299194336,-0.29299274086952209,1.4922747388482094E-2
1975,ITA,55571.89,10618.982479498884,683.54999999699999,-1.9697628915309906E-2,-5.1951292902231216E-2,3.225366398692131E-2
1976,ITA,55838.54,11307.663544811339,875,-7.5363926589488983E-2,-9.8962992429733276E-2,2.3599067702889442E-2
1977,ITA,56059.25,11541.917805039184,871.54999999699999,-0.2516883909702301,-0.27545714378356934,2.376876212656498E-2
1978,ITA,56240.14,11869.490233584993,829.75,0.31606817245483398,0.2614094614982605,5.4658729583024979E-2
1979,ITA,56367.71,12532.28816899758,804,9.9377058446407318E-2,6.162106990814209E-2,3.7755992263555527E-2
1980,ITA,56451.25,12927.017997410425,930.5,0.83846849203109741,0.79985547065734863,3.8613010197877884E-2
1981,ITA,56502.49,13018.322193490614,1200,8.2849420607089996E-2,6.6472634673118591E-2,1.6376785933971405E-2
1982,ITA,56535.64,13064.013264836063,1370,-8.7821312248706818E-2,-0.11189184337854385,2.4070532992482185E-2
1983,ITA,56630.13,13208.597189546079,1659.5,0.3255695104598999,0.27574878931045532,4.9820706248283386E-2
1984,ITA,56696.959999999999,13634.094930693087,1935.8799999949999,0.20127017796039581,0.15626125037670135,4.5008927583694458E-2
1985,ITA,56731.21,14009.772723763488,1678.5,0.99938255548477173,0.94523859024047852,5.4143920540809631E-2
1986,ITA,56733.83,14408.105278189445,1358.13,0.7331879734992981,0.70322138071060181,2.9966626316308975E-2
1987,ITA,56729.7,14867.919366683249,1169.25,-0.28499266505241394,-0.30179664492607117,1.6804005950689316E-2
1988,ITA,56734.03,15484.703010161711,1305.77,0.2798401415348053,0.24406628310680389,3.5773862153291702E-2
1989,ITA,56737.53,15996.877351064415,1270.5,0.12505295872688293,9.6282489597797394E-2,2.8770461678504944E-2
1990,ITA,56742.89,16313.127512539457,1130.1500000000001,-0.28006994724273682,-0.30113843083381653,2.1068485453724861E-2
1991,ITA,56747.46,16562.948030450341,1151.06,4.9912281334400177E-2,1.6789384186267853E-2,3.3122900873422623E-2
1992,ITA,56840.85,16634.007458221156,1470.86,-1.8592800945043564E-2,-3.8140300661325455E-2,1.9547499716281891E-2
1993,ITA,57026.75,16440.838346795361,1703.97,0.51399129629135132,0.48095095157623291,3.3040337264537811E-2
1994,ITA,57179.46,16761.739574123065,1629.74,9.4709873199462891E-2,7.5136840343475342E-2,1.9573034718632698E-2
1995,ITA,57274.53,17216.59526877699,1584.72,-2.8183530084788799E-3,-1.9833881407976151E-2,1.7015527933835983E-2
1996,ITA,57367.03,17378.120436215133,1530.5699,7.9130463302135468E-2,5.452980101108551E-2,2.4600660428404808E-2
1997,ITA,57479.47,17675.654931837438,1759.1899000000001,0.59717220067977905,0.56118643283843994,3.5985808819532394E-2
1998,ITA,57550.32,17908.539585609931,1653.1,0.45185515284538269,0.43145838379859924,2.0396774634718895E-2
1999,ITA,57603.63,18140.516420937671,1927.4039418674101,0.23054578900337219,0.20817525684833527,2.2370535880327225E-2
2000,ITA,57719.34,18761.371602685209,2080.8919935518538,8.8582433760166168E-2,6.7666128277778625E-2,2.0916307345032692E-2
2001,ITA,57844.92,19062.439916661428,2197.0611596505164,-0.22175303101539612,-0.23870967328548431,1.6956653445959091E-2
2002,ITA,57927,19100.471045688388,1846.3526270620771,-0.18565772473812103,-0.21610169112682343,3.044397383928299E-2
2003,ITA,57998.35,19006.708489859055,1533.0720506730008,0.17215919494628906,0.13640698790550232,3.5752195864915848E-2
2004,ITA,58057.48,19210.519703975657,1421.5329270978636,0.2637886106967926,0.20509234070777893,5.8696266263723373E-2
2005,ITA,58103.03,19283.733171442167,1641.3240654403662,0.20897156000137329,0.15451590716838837,5.4455649107694626E-2
2006,ITA,58133.51,19629.60635333147,1470.2126044039483,0.22232277691364288,0.17234791815280914,4.9974862486124039E-2
2007,ITA,58147.73,19841.538671196064,1315.3114598193049,-4.1954591870307922E-2,-7.8480146825313568E-2,3.6525554955005646E-2
2008,ITA,58145.32,19460.495847314502,1391.2984120140827,-0.46840116381645203,-0.49906924366950989,3.0668079853057861E-2
2009,ITA,58558.23632622623,18278.625580046355,1344.0719144800769,0.2256501317024231,0.17521367967128754,5.0436463207006454E-2
2010,ITA,58823.330578624445,18520.425122909404,1449.0869630294867,-7.4591457843780518E-2,-0.11130435019731522,3.67128886282444E-2
2011,ITA,59077.584545608617,18551.197642275638,1496.460313780045,-0.21318712830543518,-0.24550791084766388,3.2320789992809296E-2
2012,ITA,59232.30498288192,17951.283874349927,1467.5382749734729,0.13067872822284698,8.3942465484142303E-2,4.673626646399498E-2
2013,ITA,59401.80762753803,17570.474942178338,1404.0098615038794,0.2284296452999115,0.18512073159217834,4.3308913707733154E-2
2014,ITA,59469.805781498915,17549.695961443445,1594.8192076435216,3.4662496298551559E-2,6.4243758097290993E-3,2.8238119557499886E-2
2015,ITA,59419.546276397399,17701.075746228515,1778.5156608799487,0.17594458162784576,0.14371694624423981,3.2227642834186554E-2
2016,ITA,59290.448331920939,17969.303621967574,1836.8940328242102,-4.6300001442432404E-2,-8.0700002610683441E-2,3.4400001168251038E-2
2017,ITA,59194.856724178826,18298.508376973208,1614.5001250729601,0.17990000545978546,0.1437000036239624,3.6199998110532761E-2
2018,ITA,59067.729740686744,18510.573909341612,1691.0655021834059,-0.1242000013589859,-0.15139999985694885,2.7200000360608101E-2
2019,ITA,58948.48660113215,18601.359196772417,1723.5802029553136,0.28169998526573181,0.22920000553131104,5.2499998360872269E-2
2020,ITA,58775.042034507285,17000.999643522366,1577.9235596120932,-4.179999977350235E-2,-6.3299998641014099E-2,2.1500000730156898E-2
1924,JPN,58686,1836.3172136455032,2.4300000000000002,7.4289828538894653E-2,-1.7846032977104187E-2,6.2091775238513947E-2
1925,JPN,59522,1885.1617553173614,2.44,0.122518390417099,4.5243524014949799E-2,6.3759855926036835E-2
1926,JPN,60490,1871.5777814514795,2.12,0.16275745630264282,9.0480417013168335E-2,5.9060417115688324E-2
1927,JPN,61430,1869.7665472895978,2.11,-6.5347835421562195E-2,-0.11886780709028244,4.8321288079023361E-2
1928,JPN,62361,1992.3718670322799,2.15,0.10608211159706116,3.355739638209343E-2,5.2680425345897675E-2
1929,JPN,63244,2025.7346783884636,2.17,-0.10819262266159058,-0.16595055162906647,5.0801951438188553E-2
1930,JPN,64203,1850.3913212778218,2.02,-0.27407503128051758,-0.32488423585891724,4.5961882919073105E-2
1931,JPN,65205,1837.3409401119545,2.0499999999999998,0.12479005753993988,5.3608279675245285E-2,5.8401506394147873E-2
1932,JPN,66189,1961.5832842315185,3.56,0.13486121594905853,7.3256306350231171E-2,5.2643217146396637E-2
1933,JPN,67182,2122.435622637016,3.9,0.33765870332717896,0.27998265624046326,4.9804128706455231E-2
1934,JPN,68090,2098.341636069908,3.37,5.9989787638187408E-2,5.2823219448328018E-3,4.3739840388298035E-2
1935,JPN,69238,2120.4684855137352,3.48,9.3329541385173798E-2,3.5261709243059158E-2,5.003419890999794E-2
1936,JPN,70171,2244.4213991534966,3.45,8.1843011081218719E-2,-9.2740422114729881E-3,5.2429217845201492E-2
1937,JPN,71278,2315.1162911417268,3.47,0.17716388404369354,0.10328774154186249,5.4767198860645294E-2
1938,JPN,71879,2449.2747673172967,3.52,-2.3710934445261955E-2,-0.10243625938892365,4.9527566879987717E-2
1939,JPN,72364,2816.0567685589517,3.85,7.5086347758769989E-2,5.9569845907390118E-3,5.659513920545578E-2
1940,JPN,72967,2874.2901722696556,4.2699999999999996,9.5591045916080475E-2,2.3696824908256531E-2,5.4921332746744156E-2
1941,JPN,74005,2872.7038848726434,4.2699999999999996,-0.17919501662254333,-0.2288583517074585,4.9663327634334564E-2
1942,JPN,75029,2818.2169960948431,4.29,0.24850156903266907,0.1877998560667038,6.0701724141836166E-2
1943,JPN,76005,2821.6226432471553,4.29,0.23009781539440155,0.18003462255001068,5.0063196569681168E-2
1944,JPN,77178,2658.9726606027621,4.29,7.2212010622024536E-2,3.0806846916675568E-2,4.1405163705348969E-2
1945,JPN,76224,1346.1258396305625,6.9,3.8293447345495224E-2,2.0872864872217178E-2,1.7420582473278046E-2
1946,JPN,77199,1444.2164794880762,180,,,
1947,JPN,78119,1540.9444565342619,238,,,
1948,JPN,80155,1725.2858836005241,310,0.47509792447090149,0.46232315897941589,1.2774779461324215E-2
1949,JPN,81971,1799.8258774444621,595,1.1306854486465454,1.1100000143051147,2.0685456693172455E-2
1950,JPN,83805,1920.7207207207207,425,-0.27819731831550598,-0.31731909513473511,3.4078978002071381E-2
1951,JPN,85164,2125.6085093759507,435,0.42148053646087646,0.26846221089363098,0.13387703895568848
1952,JPN,86459,2336.4246820965195,415,0.81019347906112671,0.63150686025619507,0.13818863034248352
1953,JPN,87655,2474.3436961037883,435,0.5697740912437439,0.45591938495635986,9.7692199051380157E-2
1954,JPN,88754,2581.8698745064607,424,-7.893805205821991E-2,-0.15513263642787933,6.8434253334999084E-2
1955,JPN,89815,2770.7491371714273,401,0.21122434735298157,0.12525597214698792,8.0343276262283325E-2
1956,JPN,90766,2947.8701055396045,402,0.46458828449249268,0.36032757163047791,8.2299821078777313E-2
1957,JPN,91563,3135.873352523834,400,0.1763453483581543,9.6766993403434753E-2,7.4799507856369019E-2
1958,JPN,92389,3288.895321608994,391,0.12526765465736389,5.1026631146669388E-2,6.4638137817382813E-2
1959,JPN,93297,3553.9357364985972,402,0.53749704360961914,0.46015471220016479,6.0304392129182816E-2
1960,JPN,94092,3986.4328857788614,380,0.3631729781627655,0.28957477211952209,4.7327391803264618E-2
1961,JPN,94943,4426.2842242052848,373,0.20459005236625671,0.15151515603065491,3.9045512676239014E-2
1962,JPN,95832,4776.5168283411522,398.5,-2.0123757421970367E-2,-7.1278795599937439E-2,3.7509702146053314E-2
1963,JPN,96812,5128.6442560700671,381,0.10704467445611954,5.7065322995185852E-2,4.3363433331251144E-2
1964,JPN,97826,5667.6904578194726,380,-8.8919438421726227E-2,-0.13669753074645996,4.356035590171814E-2
1965,JPN,98883,5933.7476120909278,386,4.9558817408978939E-3,-4.7485742717981339E-2,5.0406854599714279E-2
1966,JPN,99790,6505.5315792792226,384,0.25859126448631287,0.20854644477367401,4.8307467252016068E-2
1967,JPN,100825,7152.2936227134069,386,5.6218501180410385E-2,1.0717779397964478E-2,4.3878313153982162E-2
1968,JPN,101961,7983.3134093113858,373,0.13842448592185974,8.9483998715877533E-2,4.6577747911214828E-2
1969,JPN,103172,8874.0888973851779,376,0.3406941294670105,0.29198893904685974,4.2923718690872192E-2
1970,JPN,104345,9713.9514330029106,380,9.3579836189746857E-2,7.8773483633995056E-2,3.6689136177301407E-2
1971,JPN,105697,10040.324215724026,314.79999999799998,0.12732847034931183,8.8306702673435211E-2,3.7164915353059769E-2
1972,JPN,107188,10733.599560840017,301.99999999900001,0.61180037260055542,0.56160920858383179,3.4839756786823273E-2
1973,JPN,108707,11433.802064833166,279.99999999900001,0.30897682905197144,0.277488112449646,2.5357851758599281E-2
1974,JPN,110162,11144.520200748892,300.949999999,-0.12447168678045273,-0.14697538316249847,2.0730745047330856E-2
1975,JPN,111573,11343.781059229359,305.14999999899999,5.088333785533905E-2,1.2158310040831566E-2,2.2930210456252098E-2
1976,JPN,112775,11668.967903931694,292.79999999799998,0.14641252160072327,0.12611387670040131,2.0298648625612259E-2
1977,JPN,113872,12063.854975732371,239.99999999900001,0.10224128514528275,8.4020398557186127E-2,1.8220890313386917E-2
1978,JPN,114913,12584.878299706463,194.599999999,0.13753899931907654,0.12098530679941177,1.6553699970245361E-2
1979,JPN,115890,13163.097132670082,239.699999999,0.10140237957239151,8.6096823215484619E-2,1.5305557288229465E-2
1980,JPN,116807,13427.729937687376,202.99999999900001,6.3830263912677765E-2,4.8377186059951782E-2,1.5453075058758259E-2
1981,JPN,117648,13754.451708405097,219.89999999899999,0.17547585070133209,0.15862429141998291,1.685154065489769E-2
1982,JPN,118455,14078.37040258014,234.99999999900001,6.0991011559963226E-3,-9.5009561628103256E-3,1.5600057318806648E-2
1983,JPN,119270,14306.872890504885,232.199999999,0.22308273613452911,0.20736284554004669,1.5719886869192123E-2
1984,JPN,120035,14772.586962917898,251.1,0.27473002672195435,0.26199355721473694,1.273645181208849E-2
1985,JPN,120754,15331.250840808323,200.5,0.21526658535003662,0.20429998636245728,1.0966608300805092E-2
1986,JPN,121492,15679.381063001287,159.1,0.31692242622375488,0.30731379985809326,9.608609601855278E-3
1987,JPN,122091,16251.293857282653,123.5,0.47516527771949768,0.46656146645545959,8.603803813457489E-3
1988,JPN,122613,17184.637844274261,125.85,9.6630990505218506E-2,9.1104671359062195E-2,5.5263219401240349E-3
1989,JPN,123108,17942.5136567634,143.44999999999999,0.2069246917963028,0.20154163241386414,5.3830584511160851E-3
1990,JPN,123537,18789.071163874261,134.4,-0.13175012171268463,-0.13593912124633789,4.1889981366693974E-3
1991,JPN,123946,19347.1030845286,125.2,-0.15509459376335144,-0.16026367247104645,5.1690801046788692E-3
1992,JPN,124329,19440.299298858994,124.75,-0.26120001077651978,-0.26762348413467407,6.423464510589838E-3
1993,JPN,124668,19417.435610722492,111.85,0.12972959876060486,0.12090430408716202,8.8253021240234375E-3
1994,JPN,125014,19536.819448437403,99.74,6.5417341887950897E-2,5.7958606630563736E-2,7.458733394742012E-3
1995,JPN,125341,19871.714456558704,102.83,-0.1368192583322525,-0.14406570792198181,7.2464598342776299E-3
1996,JPN,125645,20343.360449417913,116,0.16980524361133575,0.16145771741867065,8.3475355058908463E-3
1997,JPN,125956,20617.43761502919,129.94999999999999,-0.12792748212814331,-0.13589026033878326,7.9627688974142075E-3
1998,JPN,126246,20154.49399706678,115.6,-0.14892786741256714,-0.15865534543991089,9.7274864092469215E-3
1999,JPN,126494,20070.399088282407,102.2,0.20516772568225861,0.19335705041885376,1.1810678988695145E-2
2000,JPN,126729,20480.951264994896,114.9,0.12054871767759323,0.11039787530899048,1.0150840505957603E-2
2001,JPN,126972,20499.907952727041,131.80000000000001,-0.21789491176605225,-0.22677624225616455,8.8813230395317078E-3
2002,JPN,127187,20516.849232535595,119.9,-0.16842016577720642,-0.17910955846309662,1.0689386166632175E-2
2003,JPN,127358,20832.997849900727,107.1,-4.5521926134824753E-2,-5.760018527507782E-2,1.2078255414962769E-2
2004,JPN,127480,21301.178248739659,104.12,0.25290080904960632,0.23916079103946686,1.3740020804107189E-2
2005,JPN,127537,21575.023474075475,117.97,0.15390020608901978,0.14151470363140106,1.2385500594973564E-2
2006,JPN,127515,21938.170592300474,118.95,0.27168712019920349,0.25844159722328186,1.3245530426502228E-2
2007,JPN,127433,22410.065610134494,114,2.6862125843763351E-2,1.4254465699195862E-2,1.2607661075890064E-2
2008,JPN,127288,22175.1244681219,90.75,-0.27346742153167725,-0.28725448250770569,1.3787062838673592E-2
2009,JPN,127147.44610468941,20963.200296560124,92.06,-0.24992184340953827,-0.26639747619628906,1.647561602294445E-2
2010,JPN,127190.31005857847,21934.903391345688,81.45,3.7754405289888382E-2,1.8259106203913689E-2,1.9495299085974693E-2
2011,JPN,127426.56022303669,21869.046776618248,77.72,-4.8242203891277313E-2,-6.7208722233772278E-2,1.8966522067785263E-2
2012,JPN,127148.44294082638,22218.193228700202,86.55,-4.3643102049827576E-2,-6.4060688018798828E-2,2.0417587831616402E-2
2013,JPN,126930.13582683333,22702.703762553305,105.3,0.72168129682540894,0.69368696212768555,2.7994364500045776E-2
2014,JPN,126717.809729662,22808.117851537882,120.64,0.10385403782129288,8.6553886532783508E-2,1.730014942586422E-2
2015,JPN,126576.25899821446,23189.978822702771,120.5,0.11165733635425568,9.5424629747867584E-2,1.6232704743742943E-2
2016,JPN,126558.31594774927,23367.994774838386,116.8,5.2000000141561031E-3,-1.6499999910593033E-2,2.1700000390410423E-2
2017,JPN,126344.993014441,23799.611471881875,112.9,0.21940000355243683,0.1940000057220459,2.5399999693036079E-2
2018,JPN,126094.78714406541,23980.041355502879,110.83,-0.15170000493526459,-0.16990000009536743,1.8200000748038292E-2
2019,JPN,125821.65404253986,24035.728455888438,109.12,0.18479999899864197,0.15600000321865082,2.8800001367926598E-2
2020,JPN,125450.83099959277,23001.358814399202,103.63,7.8299999237060547E-2,5.429999902844429E-2,2.4000000208616257E-2
1924,NLD,7264,4895.4949063876657,2.6171000000000002,1.8492687493562698E-2,,
1925,NLD,7366,5030.9767852294326,2.4900000000000002,0.14880780875682831,,
1926,NLD,7471,5357.7593360995852,2.4939,0.13335184752941132,,
1927,NLD,7576,5504.1981256599793,2.4933999999999998,0.15111285448074341,,
1928,NLD,7679,5719.5989061075661,2.4861,8.4593981504440308E-2,,
1929,NLD,7782,5688.7907992803903,2.4899,5.0753623247146606E-2,,
1930,NLD,7884,5602.5304414003049,2.4860000000000002,-0.20957300066947937,,
1931,NLD,7999,5185.0493811726465,2.4857,-0.24899999797344208,,
1932,NLD,8123,5035.2388280192044,2.4817,-0.3043571412563324,,
1933,NLD,8237,4956.4623042369785,1.9335,0.17043477296829224,,
1934,NLD,8341,4804.9070854813572,1.4841,0.10269230604171753,,
1935,NLD,8434,4929.4557742470952,1.4767999999999999,5.1999997347593307E-2,,
1936,NLD,8516,5189.6788398309072,1.5508999999999999,0.23799999058246613,,
1937,NLD,8599,5432.6968252122342,1.8167,0.60675758123397827,,
1938,NLD,8685,5249.6010362694306,1.8179000000000001,-4.5923076570034027E-2,,
1939,NLD,8782,5543.9768845365525,1.8749,-2.7499999850988388E-2,,
1940,NLD,8879,4831.3599504448694,1.8823000000000001,1.3007243871688843,,
1941,NLD,8966,4531.2000892259648,1.88,-0.27701365947723389,,
1942,NLD,9042,4106.728599867286,1.8791946308724834,0.107944056391716,,
1943,NLD,9103,3980.5185103811932,1.8791946308724834,0.2109404057264328,,
1944,NLD,9175,2649.1738419618523,1.8791946308724834,6.3428573310375214E-2,,
1945,NLD,9262,2686.2594472036276,2.65,-8.3593219518661499E-2,,
1946,NLD,9424,4456.6282894736842,6.5,-0.1048627495765686,,
1947,NLD,9630,5048.0789200415365,5.85,0.2147907018661499,,
1948,NLD,9800,5490.2040816326526,5.0999999999999996,0.13199999928474426,,
1949,NLD,9956,5880.4740859783051,4.1500000000000004,-2.8246913105249405E-2,,
1950,NLD,10113.530000000001,5996.1277603747931,4.1100000000000003,2.5154361501336098E-2,-2.6845639571547508E-2,4.700000211596489E-2
1951,NLD,10264.31,6031.9684389921549,4.2300000000000004,3.892810270190239E-2,-1.3071895577013493E-2,5.7999998331069946E-2
1952,NLD,10381.99,6083.8059146282967,3.94,-4.7337748110294342E-2,-9.9337749183177948E-2,6.0499999672174454E-2
1953,NLD,10493.18,6542.5327526897463,3.82,0.22624242305755615,0.17424242198467255,5.0999999046325684E-2
1954,NLD,10615.38,6906.8653218255031,3.76,0.72941935062408447,0.67741936445236206,3.8499999791383743E-2
1955,NLD,10750.84,7325.8448035977081,3.83,0.22892306745052338,0.17692308127880096,4.0000002831220627E-2
1956,NLD,10889.35,7498.5185067503098,3.829999999,0.11082352697849274,5.8823529630899429E-2,4.5000001788139343E-2
1957,NLD,11026.38,7613.557410440033,3.7909999989999998,-7.7629625797271729E-2,-0.12962962687015533,5.2000001072883606E-2
1958,NLD,11186.88,7482.0716241130785,3.7749999989999998,0.40306380391120911,0.35106384754180908,3.8000002503395081E-2
1959,NLD,11347.64,7736.675444116614,3.7699999989999999,0.32759055495262146,0.27559053897857666,3.099999763071537E-2
1960,NLD,11486,8286.6097858262237,3.7699999989999999,7.4633747339248657E-2,2.2633746266365051E-2,3.0999999493360519E-2
1961,NLD,11638.71,8201.5081908111333,3.599999999,5.4012075066566467E-2,2.0120725966989994E-3,3.5000000149011612E-2
1962,NLD,11805.69,8639.3094041355835,3.599999999,-5.241766944527626E-2,-0.10441766679286957,3.3500000834465027E-2
1963,NLD,11965.97,8832.2163041412623,3.599999999,0.13271749019622803,8.0717489123344421E-2,3.5500001162290573E-2
1964,NLD,12127.12,9437.1953110054164,3.591999999,0.17242947220802307,0.1369294673204422,4.050000011920929E-2
1965,NLD,12292,9797.8359908883813,3.6109999990000001,-7.0813871920108795E-2,-0.11131386458873749,4.9999997019767761E-2
1966,NLD,12454.8,9936.2494781128553,3.6139999989999998,-0.14301848411560059,-0.19301848113536835,4.050000011920929E-2
1967,NLD,12596.82,10341.259088998797,3.595999999,0.3305763304233551,0.29007634520530701,3.6499999463558197E-2
1968,NLD,12724.68,10894.340761417969,3.6059999989999998,0.34616470336914063,0.30966469645500183,4.3000001460313797E-2
1969,NLD,12873,11462.130039617805,3.623999999,-3.0795181170105934E-2,-7.3795177042484283E-2,4.8499997705221176E-2
1970,NLD,13032.33,11966.773413973782,3.5969999989999999,-4.4182926416397095E-2,-9.2682927846908569E-2,5.3999997675418854E-2
1971,NLD,13193.78,12319.369375378208,3.2580999990000001,-5.3526882082223892E-2,-0.10752688348293304,4.1500002145767212E-2
1972,NLD,13329.87,12597.193341812534,3.2264999990000001,0.30856826901435852,0.26706826686859131,5.4499994963407516E-2
1973,NLD,13438.4,13081.24089735656,2.8244999989999999,-0.1372591108083725,-0.19175910949707031,7.6499998569488525E-2
1974,NLD,13540.58,13497.423744795646,2.5064999989999999,-0.19212745130062103,-0.26862746477127075,5.6499995291233063E-2
1975,NLD,13653.44,13373.627946309201,2.6884999989999998,0.47473058104515076,0.4182305634021759,5.9999998658895493E-2
1976,NLD,13769.91,13884.909802988588,2.4569999990000002,5.4328922182321548E-2,-5.6710774078965187E-3,6.4499996602535248E-2
1977,NLD,13852.99,14176.868255652265,2.2799999990000002,9.3017108738422394E-2,2.8517110273241997E-2,6.7000001668930054E-2
1978,NLD,13936.75,14424.018677519885,1.968999999,5.7757854461669922E-2,-9.242144413292408E-3,6.8000003695487976E-2
1979,NLD,14030,14647.25379226603,1.9054999990000001,0.11091044545173645,4.2910445481538773E-2,7.3499999940395355E-2
1980,NLD,14143.9,14704.500547621197,2.1294999990000001,0.18620124459266663,0.11270125210285187,7.1229822933673859E-2
1981,NLD,14246.05,14525.079901101,2.4684999990000001,-5.940594244748354E-3,-7.7170416712760925E-2,9.2952229082584381E-2
1982,NLD,14310.4,14291.493299174495,2.6244999990000002,0.24103586375713348,0.14808362722396851,8.7685748934745789E-2
1983,NLD,14362.38,14483.253159765085,3.0644999990000001,0.6051364541053772,0.51745069026947021,5.9000000357627869E-2
1984,NLD,14420.02,14899.699875631257,3.5495000000000001,0.28100001811981201,0.22200000286102295,5.9305649250745773E-2
1985,NLD,14491.38,15282.878511225295,2.7719999990000002,0.33099138736724854,0.27168574929237366,4.6752117574214935E-2
1986,NLD,14571.88,15617.070555436416,2.1920000000000002,9.5014669001102448E-2,4.8262547701597214E-2,3.1048126518726349E-2
1987,NLD,14665.28,15737.035465676136,1.7775000000000001,-0.17889662086963654,-0.20994473993778229,6.3983194530010223E-2
1988,NLD,14761.34,16043.531010296558,1.9995000000000001,0.35225048661231995,0.28826728463172913,5.1803387701511383E-2
1989,NLD,14848.91,16695.235548313423,1.9155,0.27496382594108582,0.22316044569015503,3.8828141987323761E-2
1990,NLD,14951.51,17262.069182310013,1.69,-0.13129019737243652,-0.17011834681034088,5.0027325749397278E-2
1991,NLD,15066.22,17547.904318795754,1.7103999999999999,0.18728223443031311,0.13725490868091583,4.4754218310117722E-2
1992,NLD,15174.24,17719.668459283264,1.8141,7.9236976802349091E-2,3.4482758492231369E-2,5.4285891354084015E-2
1993,NLD,15274.94,17823.663952240058,1.9409000000000001,0.47246772050857544,0.41818180680274963,3.2824695110321045E-2
1994,NLD,15382.2,18222.904742868472,1.7351000000000001,2.28531863540411E-2,-9.9715106189250946E-3,4.1674584150314331E-2
1995,NLD,15459.05,18696.697349290367,1.6044,0.19814939796924591,0.15647481381893158,4.3090827763080597E-2
1996,NLD,15527.81,19247.868211938017,1.7436,0.40327700972557068,0.36018699407577515,4.3090011924505234E-2
1997,NLD,15604.46,19972.661248209955,2.0171999999999999,0.44899299740791321,0.41504698991775513,3.3946000039577484E-2
1998,NLD,15699.26,20630.887383207628,1.8888,0.2228810042142868,0.1872979998588562,3.5583000630140305E-2
1999,NLD,15801.95,21456.949280373661,2.1936193509854669,0.30649200081825256,0.27004200220108032,3.6449994891881943E-2
2000,NLD,15907.85,22148.200835821048,2.3683073616335304,-2.1279999986290932E-2,-3.8690000772476196E-2,1.7409969121217728E-2
2001,NLD,16017.45,22410.665063147906,2.5005219562010668,-0.19217999279499054,-0.21070000529289246,1.85200534760952E-2
2002,NLD,16122.83,22290.725277232385,2.1013731286354536,-0.32824999094009399,-0.34731999039649963,1.9069895148277283E-2
2003,NLD,16223.25,22267.407976643492,1.7448218527315915,9.1921001672744751E-2,5.1288001239299774E-2,4.0633015334606171E-2
2004,NLD,16318.2,22695.82597212556,1.6178768078702004,9.7350530326366425E-2,5.6454267352819443E-2,4.0896259248256683E-2
2005,NLD,16407.490000000002,23113.736269809979,1.8680257692633722,0.30317884683609009,0.25275173783302307,5.0427094101905823E-2
2006,NLD,16491.46,23867.010778434298,1.6732801822323462,0.20137311518192291,0.1644040048122406,3.6969095468521118E-2
2007,NLD,16570.61,24756.362436510313,1.4969839005502334,8.1647619605064392E-2,4.8092205077409744E-2,3.3555414527654648E-2
2008,NLD,16645.310000000001,25112.311527597074,1.5834662642810944,-0.49461978673934937,-0.51501059532165527,2.0390795543789864E-2
2009,NLD,16727.496535202681,24073.41548408792,1.5297167846730519,0.44534933567047119,0.36896035075187683,7.6388992369174957E-2
2010,NLD,16817.800259067353,24302.617958514162,1.6492366412213741,9.2556312680244446E-2,7.0819899439811707E-2,2.173641137778759E-2
2011,NLD,16899.986794270033,24563.926563916441,1.7031532575933226,-9.2845775187015533E-2,-0.12386636435985565,3.1020587310194969E-2
2012,NLD,16975.07078939347,24202.269173236706,1.670236471123238,0.12577289342880249,8.2175806164741516E-2,4.3597083538770676E-2
2013,NLD,17025.803218530928,24100.634782114583,1.5979334348488146,0.18546512722969055,0.14930056035518646,3.6164563149213791E-2
2014,NLD,17075.520999085635,24371.63199531745,1.8150976031628363,9.6252903342247009E-2,6.5989010035991669E-2,3.0263889580965042E-2
2015,NLD,17148.575697043572,24743.873982589954,2.0241664370349959,8.1132151186466217E-2,4.9807127565145493E-2,3.1325023621320724E-2
2016,NLD,17227.718286498006,25169.442484773514,2.0906081016981308,7.7500000596046448E-2,4.3699998408555984E-2,3.3800002187490463E-2
2017,NLD,17332.227090521174,25746.85031827206,1.8374968731760204,0.1632000058889389,0.13379999995231628,2.9400000348687172E-2
2018,NLD,17432.677300213341,26201.964780269784,1.9246375545851526,-9.2600002884864807E-2,-0.11749999970197678,2.4900000542402267E-2
2019,NLD,17535.156807071005,26558.088681144454,1.9616432259213097,0.33379998803138733,0.28830000758171082,4.5500002801418304E-2
2020,NLD,17663.0025284974,25358.151648829913,1.7958683073914103,0.16329999268054962,0.14669999480247498,1.6599999740719795E-2
1924,NOR,2729,2715.12,6.65,0.20681867003440857,0.1363961398601532,6.9717556238174438E-2
1925,NOR,2747,2863.16,4.93,-3.7153415381908417E-2,-8.521067351102829E-2,4.8092953860759735E-2
1926,NOR,2763,2889.27,3.9649999999999999,-4.403366893529892E-2,-9.1013535857200623E-2,4.6786069869995117E-2
1927,NOR,2775,2985.57,3.758,2.6901686564087868E-2,-2.4568904191255569E-2,5.0354115664958954E-2
1928,NOR,2785,3105.9,3.75,0.10436251759529114,3.6761730909347534E-2,6.8012751638889313E-2
1929,NOR,2795,3387.39,3.73,8.3056457340717316E-2,-4.3590331915766001E-4,8.3396285772323608E-2
1930,NOR,2807,3627.1,3.74,-5.8778095990419388E-2,-0.13148370385169983,6.9709859788417816E-2
1931,NOR,2824,3323.46,5.4329999999999998,-0.12324565649032593,-0.16666671633720398,4.3650791049003601E-2
1932,NOR,2842,3466.56,5.95,2.9523812234401703E-2,-1.3333329930901527E-2,4.8436366021633148E-2
1933,NOR,2858,3533.55,3.92,0.22137600183486938,0.14864872395992279,7.1790546178817749E-2
1934,NOR,2874,3638.02,4.0449999999999999,0.1166360080242157,5.8823514729738235E-2,5.5966384708881378E-2
1935,NOR,2889,3799.63,4.0579999999999998,0.31999999284744263,0.24999998509883881,7.4695117771625519E-2
1936,NOR,2904,4035.13,4.0730000000000004,0.35317069292068481,0.27999997138977051,7.6799996197223663E-2
1937,NOR,2919,4193.04,4.0010000000000003,0.12493059039115906,3.9930585771799088E-2,6.9601647555828094E-2
1938,NOR,2936,4262.21,4.2779999999999996,1.714663952589035E-2,-3.0884856358170509E-2,5.2315067499876022E-2
1939,NOR,2954,4440.63,4.4000000000000004,3.7782493978738785E-2,-2.2394496947526932E-2,5.7806238532066345E-2
1940,NOR,2973,4038.09,4.393432336331311,0.15718065202236176,0.11718065291643143,4.392334446310997E-2
1941,NOR,2990,4112.47,4.3878724516466283,0.21721936762332916,0.18217663466930389,3.2749488949775696E-2
1942,NOR,3009,3927.7,4.3805541035023525,0.2305046021938324,0.202801913022995,2.918040007352829E-2
1943,NOR,3032,3820.18,4.3805541035023525,6.4932219684123993E-2,4.6589028090238571E-2,1.7729101702570915E-2
1944,NOR,3060,3587.54,4.3805541035023525,-2.2723192349076271E-2,-4.2395323514938354E-2,1.8435170873999596E-2
1945,NOR,3091,3979.86,4.7179371692376986,-0.10638986527919769,-0.12617596983909607,1.8797378987073898E-2
1946,NOR,3127,4335.37,7,-2.6080334559082985E-2,-5.5731497704982758E-2,2.9544593766331673E-2
1947,NOR,3165,4864.26,8,9.0979792177677155E-2,5.9691451489925385E-2,3.5555437207221985E-2
1948,NOR,3201,5143.8900000000003,9.25,0.1096983402967453,7.5487814843654633E-2,3.0229927971959114E-2
1949,NOR,3234,5227.2,9.1999999999999993,-4.0500286966562271E-2,-6.9148935377597809E-2,2.8191490098834038E-2
1950,NOR,3265.1260000000002,5429.51,9.6999999999999993,0.18171428143978119,0.1485714316368103,3.5624139010906219E-2
1951,NOR,3295.8710000000001,5670.28,8.8000000000000007,0.1237768679857254,8.9552268385887146E-2,3.2584737986326218E-2
1952,NOR,3327.7280000000001,5813.92,7.79,-2.0789096131920815E-2,-5.0228346139192581E-2,2.8358113020658493E-2
1953,NOR,3360.8879999999999,5985.19,7.79,-1.151568628847599E-2,-4.3269243091344833E-2,3.2538559287786484E-2
1954,NOR,3394.2460000000001,6225.5,7.93,0.29333731532096863,0.25628149509429932,4.1685700416564941E-2
1955,NOR,3427.4090000000001,6301.38,7.64,8.7909087538719177E-2,5.1999997347593307E-2,3.3376708626747131E-2
1956,NOR,3459.9920000000002,6575.16,7.52,0.17781993746757507,0.14448660612106323,3.2983466982841492E-2
1957,NOR,3491.9380000000001,6711.49,7.45,-0.11735989898443222,-0.14617934823036194,2.4022748693823814E-2
1958,NOR,3522.9929999999999,6652.33,7.1499999990000003,-3.4460250288248062E-2,-6.2256861478090286E-2,3.2173611223697662E-2
1959,NOR,3552.8510000000001,6874.48,7.1549999990000002,0.13141898810863495,9.5435731112957001E-2,3.7236157804727554E-2
1960,NOR,3581.239,7203.72,7.1474999989999999,0.10148824751377106,6.4334094524383545E-2,3.6917861551046371E-2
1961,NOR,3609.8,7594.66,7.1349999989999997,8.8076531887054443E-2,5.3390182554721832E-2,3.3339623361825943E-2
1962,NOR,3638.9189999999999,7746.04,7.1499999990000003,-0.19030952453613281,-0.21960245072841644,2.6013253256678581E-2
1963,NOR,3666.54,7981.69,7.1624999989999996,0.10737397521734238,7.3657490313053131E-2,4.0724940598011017E-2
1964,NOR,3694.3389999999999,8315.9500000000007,7.1599999990000001,2.9817616567015648E-2,-8.113417774438858E-3,3.5626944154500961E-2
1965,NOR,3723.1529999999998,8689.7900000000009,7.1499999990000003,-2.9921719804406166E-2,-6.5023757517337799E-2,3.3643495291471481E-2
1966,NOR,3753.6280000000002,8945.2199999999993,7.1549999990000002,-8.5722178220748901E-2,-0.12170543521642685,3.4648314118385315E-2
1967,NOR,3786.0189999999998,9422.75,7.1499999990000003,-3.3898569643497467E-2,-7.4265539646148682E-2,4.1992075741291046E-2
1968,NOR,3818.9830000000002,9551.2000000000007,7.1499999990000003,0.14181335270404816,0.10160717368125916,4.3396644294261932E-2
1969,NOR,3850.9769999999999,9899.2900000000009,7.1499999990000003,0.21763259172439575,0.17470331490039825,4.4181320816278458E-2
1970,NOR,3877.386,10027.200000000001,7.1399999989999996,0.36287239193916321,0.31596672534942627,4.6905677765607834E-2
1971,NOR,3903.0390000000002,10472.4,6.7099999989999999,-0.18755298852920532,-0.21770781278610229,3.0154826119542122E-2
1972,NOR,3933.0039999999999,10921.9,6.6399999989999996,0.16951382160186768,0.13393321633338928,3.5580605268478394E-2
1973,NOR,3960.6129999999998,11324.4,5.727499999,0.43881869316101074,0.40916058421134949,2.9658138751983643E-2
1974,NOR,3985.2579999999998,11726.2,5.204999999,-0.32542476058006287,-0.34192848205566406,1.6503714025020599E-2
1975,NOR,4007.3130000000001,12271.3,5.5849999989999999,-0.11795850098133087,-0.14710745215415955,2.914896048605442E-2
1976,NOR,4026.152,12930,5.1849999990000004,0.12048246711492538,8.0483414232730865E-2,3.9999049156904221E-2
1977,NOR,4043.2049999999999,13424.9,5.1394999989999999,-0.21684470772743225,-0.25532814860343933,3.8483425974845886E-2
1978,NOR,4058.6709999999998,13840.2,5.0224999989999999,9.4714447855949402E-2,2.8619967401027679E-2,6.6094480454921722E-2
1979,NOR,4072.5169999999998,14411.3,4.9259999990000001,0.61349797248840332,0.55550974607467651,5.7988278567790985E-2
1980,NOR,4085.62,15076,5.1799999989999996,-4.6890038996934891E-2,-8.0403849482536316E-2,3.3513814210891724E-2
1981,NOR,4099.7020000000002,15169.4,5.807499999,0.20941348373889923,0.14569091796875,6.3722565770149231E-2
1982,NOR,4114.7870000000003,15145.3,7.0539999990000002,-0.12114652991294861,-0.16952425241470337,4.8377718776464462E-2
1983,NOR,4128.4319999999998,15635.8,7.7221799999999998,0.92803835868835449,0.853354811668396,7.4683494865894318E-2
1984,NOR,4140.0950000000003,16512.7,9.0869999999999997,0.32283604145050049,0.28100261092185974,4.1833430528640747E-2
1985,NOR,4152.4189999999999,17319.7,7.5824999999999996,0.3579067587852478,0.32435309886932373,3.3553663641214371E-2
1986,NOR,4166.5959999999995,17882.099999999999,7.4,-6.6226184368133545E-2,-8.6680896580219269E-2,2.0454715937376022E-2
1987,NOR,4186.1469999999999,18164.3,6.2324999999999999,-0.10823144018650055,-0.12877529859542847,2.0543862134218216E-2
1988,NOR,4208.7290000000003,18059.099999999999,6.57,0.33755502104759216,0.31366050243377686,2.3894509300589561E-2
1989,NOR,4226.1419999999998,18156.7,6.6150000000000002,0.59780663251876831,0.57031559944152832,2.7491027489304543E-2
1990,NOR,4242.0060000000003,18466,5.9074999999999998,-7.7999994158744812E-2,-9.1713100671768188E-2,1.3713108375668526E-2
1991,NOR,4261.7330000000002,18951.362474863494,5.9729999999999999,-0.11708487570285797,-0.13102610409259796,1.3941224664449692E-2
1992,NOR,4286.357,19506.317714797638,6.9245000000000001,-4.7744039446115494E-2,-6.7453399300575256E-2,1.9709361717104912E-2
1993,NOR,4311.9639999999999,19930.841195187342,7.5179999999999998,0.5936322808265686,0.5625683069229126,3.10639888048172E-2
1994,NOR,4336.6379999999999,20818.4862012987,6.7619999999999996,0.1140637993812561,8.5437603294849396E-2,2.8626201674342155E-2
1995,NOR,4359.1009999999997,21578.254685600237,6.319,0.16798806190490723,0.13576379418373108,3.2224267721176147E-2
1996,NOR,4381.277,22563.885439871454,6.4424999999999999,0.33442699909210205,0.30008989572525024,3.4337110817432404E-2
1997,NOR,4405.6719999999996,23649.020466807546,7.3156999999999996,0.36776447296142578,0.34034019708633423,2.742425724864006E-2
1998,NOR,4432.7179999999998,24135.280369615044,7.6,-0.26890257000923157,-0.28855681419372559,1.9654221832752228E-2
1999,NOR,4463.3770000000004,24455.056481859039,8.0395000000000003,0.47664692997932434,0.44859939813613892,2.8047528117895126E-2
2000,NOR,4492.3999999999996,25087.599056183779,8.8484999999999996,4.273340106010437E-2,1.587199978530407E-2,2.6861401274800301E-2
2001,NOR,4515.1949999999997,25457.663004961025,9.0115999999999996,-0.14612595736980438,-0.16232806444168091,1.6202114522457123E-2
2002,NOR,4535.5910000000003,25723.892591702512,6.9657,-0.31086254119873047,-0.32731714844703674,1.6454596072435379E-2
2003,NOR,4555.3999999999996,25863.90437722264,6.68,0.48398575186729431,0.42485374212265015,5.913202092051506E-2
2004,NOR,4574.5600000000004,26775.762040502254,6.04,0.3844534158706665,0.31955260038375854,6.4900815486907959E-2
2005,NOR,4593.0410000000002,27358.448870464876,6.77,0.40477398037910461,0.34227466583251953,6.2499295920133591E-2
2006,NOR,4610.82,27921.174541621665,6.26,0.32435116171836853,0.28385290503501892,4.049823060631752E-2
2007,NOR,4627.9260000000004,28555.954822134299,5.41,0.11461077630519867,8.0536700785160065E-2,3.4074068069458008E-2
2008,NOR,4644.4570000000003,28464.308014279377,7,-0.54061490297317505,-0.55668556690216064,1.6070708632469177E-2
2009,NOR,4698.7894821391274,27893.199071352246,5.78,0.64781796932220459,0.60115683078765869,4.6661168336868286E-2
2010,NOR,4761.8539703363285,27987.201447294981,5.86,0.18347463011741638,0.14222510159015656,4.1249524801969528E-2
2011,NOR,4824.9184585335288,27890.55417976372,5.99,-0.1245565339922905,-0.13354180753231049,8.9852716773748398E-3
2012,NOR,4887.9829467307291,28274.281190331203,5.57,0.15363034605979919,6.3896976411342621E-2,8.9733362197875977E-2
2013,NOR,4944.2558746605391,28240.638910650112,6.08,0.23592065274715424,0.18757951259613037,4.8341140151023865E-2
2014,NOR,5002.4692483810322,28460.930608223927,7.43,4.9520824104547501E-2,0,4.9520824104547501E-2
2015,NOR,5050.0101702527681,28747.705414729848,8.81,5.9405595064163208E-2,2.2462427616119385E-2,3.6943171173334122E-2
2016,NOR,5095.610646333821,28797.222936360176,8.6199999999999992,0.18199999630451202,0.12890000641345978,5.3100001066923141E-2
2017,NOR,5132.4791163567998,29253.923872424271,8.2100000000000009,0.18600000441074371,0.1363999992609024,4.960000142455101E-2
2018,NOR,5165.4666947984133,29394.289527980112,8.69,-1.9999999494757503E-4,-3.840000182390213E-2,3.8199998438358307E-2
2019,NOR,5197.4840503446849,29462.860135706836,8.7799999999999994,0.14720000326633453,0.10119999945163727,4.6000000089406967E-2
2020,NOR,5224.6502914142484,29086.336859818988,8.5299999999999994,3.4600000828504562E-2,-2.4000001139938831E-3,3.7000000476837158E-2
1924,PRT,6300,1401.27,29.542100000000001,-9.8014935851097107E-2,-0.13710065186023712,3.7721116095781326E-2
1925,PRT,6378,1446.06,19.842500000000001,1.4110464602708817E-2,-2.1365659311413765E-2,3.8362227380275726E-2
1926,PRT,6457,1419.08,19.5107,6.9190524518489838E-2,1.811409555375576E-2,5.5217664688825607E-2
1927,PRT,6538,1647.6,19.884699999999999,0.34619387984275818,0.29520216584205627,5.673748254776001E-2
1928,PRT,6619,1470.31,22.383900000000001,0.24935969710350037,0.19709047675132751,5.4056663066148758E-2
1929,PRT,6701,1610.06,22.3644,-0.12906178832054138,-0.16611467301845551,3.6814469844102859E-2
1930,PRT,6784,1570.75,22.251899999999999,-0.18364742398262024,-0.20981848239898682,2.6953136548399925E-2
1931,PRT,6869,1631.1,23.5655,-0.27711933851242065,-0.31072321534156799,3.2949399203062057E-2
1932,PRT,6954,1642.51,31.289100000000001,9.6459865570068359E-2,5.9165786951780319E-2,3.7743221968412399E-2
1933,PRT,7040,1732.1,25.533000000000001,0.18616919219493866,0.14770063757896423,3.8002908229827881E-2
1934,PRT,7127,1783.92,21.697199999999999,0.27381584048271179,0.24087007343769073,3.3540010452270508E-2
1935,PRT,7216,1668.65,22.434100000000001,6.1398644000291824E-2,2.4192096665501595E-2,3.7145085632801056E-2
1936,PRT,7305,1522.79,22.158200000000001,9.4775915145874023E-2,6.1350960284471512E-2,3.3525507897138596E-2
1937,PRT,7396,1757.3,22.325399999999998,2.7834644541144371E-2,-4.3300008401274681E-3,2.9605589807033539E-2
1938,PRT,7488,1747.33,22.590199999999999,4.2423568665981293E-2,9.7033949568867683E-3,3.5372223705053329E-2
1939,PRT,7581,1748.98,24.767800000000001,-7.8372567892074585E-2,-0.11029954254627228,3.3248104155063629E-2
1940,PRT,7675,1615.11,26.946899999999999,-1.2486075982451439E-2,-4.360642284154892E-2,3.3571872860193253E-2
1941,PRT,7757,1746.94,24.985600000000002,0.28817051649093628,0.2564079761505127,3.4064684063196182E-2
1942,PRT,7826,1708.28,24.829560000000001,0.74643814563751221,0.71983301639556885,3.1906548887491226E-2
1943,PRT,7896,1806.36,24.829560000000001,2.1539501845836639E-2,5.1467623561620712E-3,1.5816818922758102E-2
1944,PRT,7967,1892.68,24.829560000000001,0.13804632425308228,0.12082773447036743,1.8764832988381386E-2
1945,PRT,8038,1803.56,24.85962,7.1215160191059113E-2,5.5346202105283737E-2,1.6425793990492821E-2
1946,PRT,8109.9999999999991,1927.87,25.3,-5.8892063796520233E-2,-7.389552891254425E-2,1.4915757812559605E-2
1947,PRT,8183,2070.5100000000002,24.95,-5.1245622336864471E-2,-6.4912527799606323E-2,1.3511259108781815E-2
1948,PRT,8256,2046.27,25.8,-9.1548703610897064E-2,-0.10791564732789993,1.7638470977544785E-2
1949,PRT,8329,2056.5500000000002,28.6,-0.10967759788036346,-0.13331256806850433,2.3230524733662605E-2
1950,PRT,8442.75,2086.41,29.1,8.2822656258940697E-3,-1.6441905871033669E-2,2.3706203326582909E-2
1951,PRT,8490.25,2167.66,29.1,0.17748551070690155,0.15375904738903046,2.1588776260614395E-2
1952,PRT,8526.0499999999993,2161.38,29,0.15275737643241882,0.12273690849542618,3.1700696796178818E-2
1953,PRT,8578.9500000000007,2297.9499999999998,29,0.12199395895004272,9.4177715480327606E-2,2.8201926499605179E-2
1954,PRT,8632.1,2393.39,28.75,0.30218052864074707,0.27690714597702026,2.8450118377804756E-2
1955,PRT,8692.6,2474.75,28.8,-2.6607322506606579E-3,-2.2833921015262604E-2,1.8593586981296539E-2
1956,PRT,8756,2564.0700000000002,28.899999998999998,-9.0583954006433487E-3,-2.8405914083123207E-2,1.937486045062542E-2
1957,PRT,8817.65,2658.87,28.749999999,-3.4293632954359055E-2,-5.5217135697603226E-2,2.072053961455822E-2
1958,PRT,8888.5499999999993,2672.31,28.749999999,-4.9438666552305222E-2,-7.0080503821372986E-2,2.0558977499604225E-2
1959,PRT,8961.5499999999993,2794.05,28.879999998999999,0.11209318041801453,7.9019039869308472E-2,3.3720936626195908E-2
1960,PRT,9036.7000000000007,2955.84,28.829999999000002,8.0533087253570557E-2,5.3044509142637253E-2,2.6751179248094559E-2
1961,PRT,9031.2000000000007,3119.19,28.799999999000001,-2.3868823423981667E-2,-5.112394317984581E-2,2.6279076933860779E-2
1962,PRT,9019.7999999999993,3330.45,28.849999999000001,-6.3577152788639069E-2,-8.7368384003639221E-2,2.3574424907565117E-2
1963,PRT,9081.6,3504.12,28.889999999,0.16056579351425171,0.12784972786903381,3.4456156194210052E-2
1964,PRT,9122.5,3718.39,28.949999998999999,0.19378666579723358,0.16604238748550415,2.8053602203726768E-2
1965,PRT,9128.85,3992.4,28.829999999000002,9.5009498298168182E-2,7.5832769274711609E-2,1.8353806808590889E-2
1966,PRT,9108.7999999999993,4164,28.979999999,0.14293165504932404,0.12119995057582855,2.0888727158308029E-2
1967,PRT,9103,4481.16,28.859999998999999,-4.3985724449157715E-2,-6.7530371248722076E-2,2.2946741431951523E-2
1968,PRT,9115.0499999999993,4873.37,28.769999998999999,5.3540345281362534E-2,3.0013196170330048E-2,2.4468317627906799E-2
1969,PRT,9097.2000000000007,4986.59,28.649999998999998,0.31890401244163513,0.29551476240158081,2.5144381448626518E-2
1970,PRT,9044.2000000000007,5472.9,28.749999999,9.9046811461448669E-2,8.6356446146965027E-2,1.8904142081737518E-2
1971,PRT,8990.4500000000007,5870.79,27.559999998999999,0.19487176835536957,0.17833793163299561,1.8583714962005615E-2
1972,PRT,8970.4500000000007,6355.42,26.999999999,0.46551668643951416,0.45480868220329285,1.3544043526053429E-2
1973,PRT,8975.9500000000007,7062.98,25.844999998999999,0.73811483383178711,0.73586839437484741,2.2909177932888269E-3
1974,PRT,9098.2999999999993,7047.69,24.595999999,-0.23353105783462524,-0.23391525447368622,3.9158161962404847E-4
1975,PRT,9411.09,6517.2,27.471999999000001,-0.44303065538406372,-0.44303065538406372,0
1976,PRT,9621.9699999999993,6814.2,31.548999998999999,-0.44303065538406372,-0.44303065538406372,0
1977,PRT,9662.6,7165.67,39.854999999,-0.44080108404159546,-0.44303065538406372,2.726689213886857E-3
1978,PRT,9698.7800000000007,7340,46.009999999000001,-0.22109752893447876,-0.22897762060165405,7.687645498663187E-3
1979,PRT,9724.56,7733.31,49.780999999000002,0.40605059266090393,0.39694333076477051,7.0293187163770199E-3
1980,PRT,9777.7999999999993,8044.24,53.039999999000003,1.0705386400222778,1.0629178285598755,1.547892764210701E-2
1981,PRT,9850.0789999999997,8114.45,65.248999999000006,-0.3110315203666687,-0.32422211766242981,1.3909416273236275E-2
1982,PRT,9859.65,8279.6,89.063999999999993,-0.15459665656089783,-0.17618194222450256,1.8826816231012344E-2
1983,PRT,9872.2430000000004,8254.66,131.449999999,-3.6583174020051956E-2,-6.2606237828731537E-2,2.1197337657213211E-2
1984,PRT,9885.3870000000006,8088.81,169.28,7.049272209405899E-2,4.4803466647863388E-2,2.7900483459234238E-2
1985,PRT,9897.1919999999991,8305.99,157.48699999900001,1.368821382522583,1.3216111660003662,4.4179260730743408E-2
1986,PRT,9907.4110000000001,8641.01,146.11699999999999,0.92671477794647217,0.90331894159317017,1.1738433502614498E-2
1987,PRT,9915.2890000000007,9185.11,129.86500000000001,1.1187698841094971,1.1022293567657471,8.5258977487683296E-3
1988,PRT,9920.6110000000008,9867.74,146.37100000000001,-0.27715000510215759,,
1989,PRT,9923.1470000000008,10371.9,149.84100000000001,0.31688454747200012,,
1990,PRT,9922.6890000000003,10826.4,133.6,-0.32945340871810913,,
1991,PRT,9919.009,11303.5,134.184,-2.2982923313975334E-2,,
1992,PRT,9927.68,11416.7,146.75800000000001,-0.11211775988340378,,
1993,PRT,9967.8320000000003,11138.4,176.81200000000001,0.53246283531188965,,
1994,PRT,10027.688,11178.7,159.09299999999999,8.4156312048435211E-2,,
1995,PRT,10065.543,11613.6,149.41299000000001,-4.5937277376651764E-2,,
1996,PRT,10099.918,12000.976245356398,156.38498999999999,0.32568445801734924,,
1997,PRT,10156.415000000001,12460.150328560654,183.32599999999999,0.65247434377670288,,
1998,PRT,10224.828,13012.744466167165,171.82899,0.26244589686393738,,
1999,PRT,10283.380999999999,13465.664985637017,199.56400557435796,0.12566483020782471,,
2000,PRT,10335.597,13922.217384573705,215.45620634067703,-8.214876800775528E-2,,
2001,PRT,10386.753000000001,14127.25924856187,227.48439804833768,-0.19035845994949341,,
2002,PRT,10433.867,14170.938491662249,191.17192714789741,-0.20652548968791962,,
2003,PRT,10479.955,13980.069580418247,158.73475851148061,0.17396891117095947,,
2004,PRT,10524.145,14138.59741641843,147.18596285147933,0.1799686998128891,,
2005,PRT,10566.212,14191.465057007197,169.94320589980504,0.17187163233757019,0.13916920125484467,3.2702438533306122E-2
2006,PRT,10605.87,14343.162795697099,152.22627182991647,0.33271774649620056,0.29249635338783264,4.0221415460109711E-2
2007,PRT,10642.835999999999,14631.417929800693,136.18775898376461,0.1831146776676178,0.15014411509037018,3.297056257724762E-2
2008,PRT,10676.91,14583.489043178224,144.05547172522807,-0.49717742204666138,-0.51281124353408813,1.5633808448910713E-2
2009,PRT,10708,14118.34417888815,139.16562543384691,0.39963060617446899,0.34854492545127869,5.1085669547319412E-2
2010,PRT,10713.066237698715,14279.047520578404,150.03891632989072,-6.211366131901741E-2,-0.10091836750507355,3.8804702460765839E-2
2011,PRT,10697.867524602574,14038.770273377344,154.94396784913829,-0.20372962951660156,-0.23304629325866699,2.9316676780581474E-2
2012,PRT,10654.29788039364,13524.00842097281,151.94937092617857,7.6929464936256409E-2,2.8249936178326607E-2,4.8679530620574951E-2
2013,PRT,10595.529523088568,13472.899062170522,145.37161917192373,0.15601195394992828,0.11812454462051392,3.7887416779994965E-2
2014,PRT,10538.787660862981,13653.006812250058,165.12807841199239,-0.21121133863925934,-0.23124395310878754,2.0032621920108795E-2
2015,PRT,10495.218016654049,13955.367646941673,184.14806650133187,0.18604880571365356,0.14294628798961639,4.3102521449327469E-2
2016,PRT,10462.794095382285,14282.143266913396,190.1925813490181,-1.6875230357982218E-5,-3.3570991945452988E-4,3.1883470364846289E-4
2017,PRT,10436.449659348977,14819.093863819422,167.16584674393405,1.7832271987572312E-3,1.3630116591230035E-3,4.202155105303973E-4
2018,PRT,10420.237698713096,15265.784553742387,175.09344978165936,-6.5279251430183649E-4,-9.8782381974160671E-4,3.3503127633593976E-4
2019,PRT,10422.26419379258,15671.519676503131,178.46003204557587,2.1239686757326126E-3,1.6368621727451682E-3,4.8710659029893577E-4
2020,PRT,10446.582134746404,14315.341283515143,163.37869774264522,1.2909887591376901E-3,9.095861460082233E-4,3.8140258402563632E-4
1924,SWE,6021,3366.4987589377129,3.7108999999999979,0.17915590107440948,0.10810811072587967,5.3743239492177963E-2
1925,SWE,6045,3442.9600497439019,3.7346000000000004,0.15266618132591248,8.6303941905498505E-2,6.0181237757205963E-2
1926,SWE,6064,3610.6160753463641,3.7415000000000007,0.15716095268726349,8.9810021221637726E-2,6.1792232096195221E-2
1927,SWE,6081,3728.0402402292457,3.7058695652173905,0.2639649510383606,0.19809825718402863,5.3435180336236954E-2
1928,SWE,6097,3834.6593461361126,3.7361875000000007,0.21837086975574493,0.16402116417884827,5.622221902012825E-2
1929,SWE,6113,4062.7275577546834,3.7095652173913058,-2.0625889301300049E-2,-5.9090908616781235E-2,4.8550907522439957E-2
1930,SWE,6131,4237.6909805987007,3.7291012000000006,-7.4800290167331696E-2,-0.11714976280927658,4.5466788113117218E-2
1931,SWE,6152,4129.2241545291618,5.3670833333333334,-0.34497645497322083,-0.37346100807189941,3.4459643065929413E-2
1932,SWE,6176,3967.8842645856289,5.5777999999999999,-0.21989215910434723,-0.27074235677719116,4.0109168738126755E-2
1933,SWE,6201,4033.4330682244999,3.7927272727272725,0.190476194024086,0.11676646023988724,6.5665870904922485E-2
1934,SWE,6222,4294.0836982946585,3.9286956521739138,0.29612904787063599,0.24128687381744385,5.8588739484548569E-2
1935,SWE,6242,4491.7283879943034,3.94,0.10154305398464203,5.3995680063962936E-2,5.0170194357633591E-2
1936,SWE,6259,4640.3749723323299,3.9609090909090896,0.39945775270462036,0.33401638269424438,5.736270546913147E-2
1937,SWE,6276,4754.856293995751,3.8876470588235286,-6.1349696479737759E-3,-4.6082951128482819E-2,4.7695852816104889E-2
1938,SWE,6297,4900.8699561739977,4.1626086956521746,8.8369071483612061E-2,4.0257647633552551E-2,4.8684056848287582E-2
1939,SWE,6326,5251.155897057577,4.2,-0.19761194288730621,-0.23684209585189819,4.891841858625412E-2
1940,SWE,6356,4854.6376797032663,4.2009999999999996,0.115699402987957,5.2738338708877563E-2,5.9163890779018402E-2
1941,SWE,6389,4711.6729608546084,4.1970000000000001,0.24374791979789734,0.16763006150722504,5.9315606951713562E-2
1942,SWE,6432,4740.520133373182,4.1900000000000004,0.14584450423717499,9.7359731793403625E-2,5.1575906574726105E-2
1943,SWE,6490,4880.2853614554197,4.1900000000000004,0.11792232841253281,6.6165417432785034E-2,4.7977447509765625E-2
1944,SWE,6560,5011.0804642124767,4.1900000000000004,0.15341146290302277,0.10437235981225967,4.483751580119133E-2
1945,SWE,6635,5145.1157240879484,4.1900000000000004,0.10070767253637314,5.7471264153718948E-2,4.1981611400842667E-2
1946,SWE,6719,5645.5180376192766,3.9,0.14259809255599976,9.7826093435287476E-2,4.4022828340530396E-2
1947,SWE,6803,6091.2616597596088,4.45,-3.505987673997879E-2,-6.9306932389736176E-2,4.02059406042099E-2
1948,SWE,6883,6161.8995331163142,5.2,-4.5005980879068375E-2,-8.8652484118938446E-2,4.4747158885002136E-2
1949,SWE,6955,6353.2054016770389,6.5,0.14169406890869141,8.9494161307811737E-2,4.8809338361024857E-2
1950,SWE,7014,6739.2262058366041,6.12,0.28483268618583679,0.2321428507566452,4.4480357319116592E-2
1951,SWE,7070,6948.8450874685241,6.21,0.23161488771438599,0.18067632615566254,4.6872850507497787E-2
1952,SWE,7125,6996.1135042044052,5.76,-0.11040817946195602,-0.14566284418106079,4.4681832194328308E-2
1953,SWE,7171,7144.570282759717,5.56,0.18324403464794159,0.13218390941619873,5.1061499863862991E-2
1954,SWE,7213,7402.103558748955,5.48,0.38267743587493896,0.32487308979034424,4.7562945634126663E-2
1955,SWE,7262,7565.5534885898433,5.22,-2.6318924501538277E-2,-6.3856959342956543E-2,4.0066923946142197E-2
1956,SWE,7315,7797.0620202199725,5.32,2.586839348077774E-2,-1.6371076926589012E-2,4.652564600110054E-2
1957,SWE,7364,8092.425106602569,5.28,8.4470942616462708E-2,4.0221914649009705E-2,4.9722608178853989E-2
1958,SWE,7409,8082.8544203510792,5.17,0.22361476719379425,0.17200000584125519,4.7934804111719131E-2
1959,SWE,7446,8287.9301661910358,5.180999999,0.48297393321990967,0.43060293793678284,4.2059727013111115E-2
1960,SWE,7480,8687.5033420672698,5.1799999989999996,3.7926752120256424E-2,4.3737576343119144E-3,3.1637772917747498E-2
1961,SWE,7520,9136.968085106384,5.1849999990000004,2.4545429274439812E-2,-6.3341245986521244E-3,3.4281473606824875E-2
1962,SWE,7562,9468.7757468997934,5.1879999989999996,-5.0706472247838974E-2,-8.3266936242580414E-2,3.6302629858255386E-2
1963,SWE,7604,9916.8500051944084,5.1999999990000001,0.28252911567687988,0.23859192430973053,4.1121251881122589E-2
1964,SWE,7661,10515.379143362463,5.1479999989999996,0.1993495374917984,0.16245612502098083,3.4641191363334656E-2
1965,SWE,7734,10815.182606334491,5.1799999989999996,0.10509373992681503,7.1234531700611115E-2,3.4172382205724716E-2
1966,SWE,7808,10935.60285867978,5.1799999989999996,-0.20086149871349335,-0.22710622847080231,3.5012088716030121E-2
1967,SWE,7868,11219.215219250806,5.164999999,8.1647083163261414E-2,3.9372950792312622E-2,4.6252094209194183E-2
1968,SWE,7912,11561.230602789103,5.1799999989999996,0.39471855759620667,0.34093299508094788,4.5323539525270462E-2
1969,SWE,7968,12055.190624521523,5.1699999989999998,5.5658869445323944E-2,2.3018572479486465E-2,3.6624062806367874E-2
1970,SWE,8043,12716.342567265132,5.1699999989999998,-0.19097819924354553,-0.22654052078723907,3.8363590836524963E-2
1971,SWE,8098,12748.430849323257,4.8649999990000001,0.26898017525672913,0.21752065420150757,5.0161845982074738E-2
1972,SWE,8122,13001.751968964418,4.7429999990000002,0.14547640085220337,0.10290524363517761,4.135894775390625E-2
1973,SWE,8137,13493.560712666082,4.5874999990000003,3.3522453159093857E-2,-3.9389464072883129E-3,3.8945987820625305E-2
1974,SWE,8161,13884.586351917023,4.0804999989999997,1.5281724743545055E-2,-2.3232823237776756E-2,4.5224320143461227E-2
1975,SWE,8193,14183.339294018848,4.3854999990000003,0.34351393580436707,0.29352226853370667,5.0576724112033844E-2
1976,SWE,8222,14281.631317719717,4.126499999,4.8544581979513168E-2,1.1541471816599369E-2,4.3698593974113464E-2
1977,SWE,8252,14003.6235177207,4.6694999990000001,-0.12464790046215057,-0.15683621168136597,4.2073871940374374E-2
1978,SWE,8276,14207.361723003753,4.2954999989999996,0.2137739360332489,0.16261467337608337,4.7550942748785019E-2
1979,SWE,8294,14721.017830358393,4.1464999990000004,3.7303511053323746E-2,-1.2625765055418015E-2,4.6702802181243896E-2
1980,SWE,8310,14936.580000890444,4.3727999989999997,0.28443795442581177,0.22237762808799744,5.7940695434808731E-2
1981,SWE,8320,14916.549385913571,5.5709999989999996,0.63419651985168457,0.57420724630355835,5.5412095040082932E-2
1982,SWE,8325,15057.547752262391,7.2944999990000001,0.40286567807197571,0.35126155614852905,4.0672972798347473E-2
1983,SWE,8329,15314.508412144029,8.0009999989999994,0.6938130259513855,0.66121101379394531,3.322422131896019E-2
1984,SWE,8337,15908.311777355313,8.9894999999999996,-9.3822076916694641E-2,-0.11207734048366547,2.2286858409643173E-2
1985,SWE,8350,16188.546660380023,7.6154999999999999,0.28714501857757568,0.25656387209892273,2.6387840509414673E-2
1986,SWE,8370,16505.229560344796,6.819,0.53614026308059692,0.50574189424514771,2.7253927662968636E-2
1987,SWE,8398,16948.844610159831,5.8479999999999999,-5.962241068482399E-2,-7.8689426183700562E-2,2.2203585132956505E-2
1988,SWE,8436,17232.275478372576,6.157,0.55416560173034668,0.51879745721817017,2.9009031131863594E-2
1989,SWE,8493,17524.055039243372,6.2270000000000003,0.27077710628509521,0.24481523036956787,2.3775970563292503E-2
1990,SWE,8559,17608.9024069798,5.6980000000000004,-0.29340368509292603,-0.31061899662017822,2.3507891222834587E-2
1991,SWE,8617,17276.292063667857,5.5294999999999996,8.5845164954662323E-2,5.4708458483219147E-2,3.670385479927063E-2
1992,SWE,8668,16969.002863903235,7.0430000000000001,2.5579186156392097E-2,-5.4566399194300175E-3,3.2720476388931274E-2
1993,SWE,8719,16524.277933878264,8.3034999999999997,0.56643486022949219,0.53713822364807129,2.2288504987955093E-2
1994,SWE,8781,17066.26514891598,7.4615,6.5454035997390747E-2,4.8463474959135056E-2,1.6985109075903893E-2
1995,SWE,8827,17645.717619839848,6.6581999999999999,0.20632621645927429,0.18011908233165741,2.372039295732975E-2
1996,SWE,8841,17901.289102958424,6.8710000000000004,0.42630001902580261,0.37999516725540161,3.7397868931293488E-2
1997,SWE,8846,18374.993537597693,7.8769999999999998,0.27918389439582825,0.24950028955936432,2.6239505037665367E-2
1998,SWE,8851,19136.770051265463,8.0609999999999999,0.13088507950305939,0.1054922416806221,2.6974013075232506E-2
1999,SWE,8858,20012.530037183817,8.5250000000000004,0.69757193326950073,0.65742772817611694,2.6353102177381516E-2
2000,SWE,8872,20871.246597494053,9.5350000000000001,-0.10803400725126266,-0.12258454412221909,1.8074756488204002E-2
2001,SWE,8940,21096.053432245481,10.6675,-0.14842203259468079,-0.16546985507011414,1.7858946695923805E-2
2002,SWE,8954,21585.525419413058,8.8249999999999993,-0.35903021693229675,-0.37222471833229065,1.8582148477435112E-2
2003,SWE,8970,22049.978205881405,7.1891999999999996,0.35493656992912292,0.29818814992904663,5.6748427450656891E-2
2004,SWE,8986,22942.612169500579,6.6146000000000003,0.21351516246795654,0.17634032666683197,3.717484325170517E-2
2005,SWE,9002,23627.367728791112,7.9584000000000001,0.37001007795333862,0.32616785168647766,4.384220764040947E-2
2006,SWE,9017,24602.147150810728,6.8643999999999998,0.25795787572860718,0.23624178767204285,2.1716095507144928E-2
2007,SWE,9031,25376.74189937206,6.4135999999999997,-2.822384424507618E-2,-6.0432076454162598E-2,3.2208234071731567E-2
2008,SWE,9045,25181.203906078124,7.8106,-0.39268901944160461,-0.41956570744514465,2.6876676827669144E-2
2009,SWE,9128.0623379429544,23877.515135794431,7.1165000000000003,0.52242743968963623,0.46655568480491638,5.5871766060590744E-2
2010,SWE,9201.3526361279164,25306.371128249099,6.7096999999999998,0.26483967900276184,0.23051753640174866,3.4322161227464676E-2
2011,SWE,9266.8253025064805,25800.011929043547,6.8876999999999997,-0.13710713386535645,-0.16687469184398651,2.9767561703920364E-2
2012,SWE,9338.1611927398426,25452.197907316786,6.5045000000000002,0.16564112901687622,0.12017977982759476,4.5461345463991165E-2
2013,SWE,9425.1323465859969,25516.931727101863,6.4238,0.27765005826950073,0.23178461194038391,4.586545005440712E-2
2014,SWE,9524.8071521175443,25919.684045336504,7.7366000000000001,0.15673729777336121,0.11856205761432648,3.8175251334905624E-2
2015,SWE,9626.4363656006917,26798.295589838988,8.4407999999999994,0.10191266238689423,6.5922468900680542E-2,3.5990193486213684E-2
2016,SWE,9767.1537381158178,26958.728545811493,9.0622000000000007,9.6699997782707214E-2,5.6899998337030411E-2,3.9799999445676804E-2
2017,SWE,9889.3042350907526,27309.236336439488,8.2080000000000002,0.10840000212192535,7.4799999594688416E-2,3.359999880194664E-2
2018,SWE,9996.796672428698,27542.55215390215,8.9562000000000008,-4.0399998426437378E-2,-7.5300000607967377E-2,3.48999984562397E-2
2019,SWE,10092.562662057047,27824.678855439721,9.2993000000000006,0.33849999308586121,0.29269999265670776,4.5800000429153442E-2
2020,SWE,10142.400064822821,26912.147706397565,8.1771999999999991,0.1656000018119812,0.14990000426769257,1.5700001269578934E-2
1924,USA,114558,6232.5506730215266,1,0.25263157486915588,0.18830409646034241,6.4327485859394073E-2
1925,USA,116284,6282.4188710398676,1,0.28543305397033691,0.2263779491186142,5.9055119752883911E-2
1926,USA,117857,6602.4422138693508,1,0.13804173469543457,8.2664526998996735E-2,5.5377207696437836E-2
1927,USA,119502,6576.4989456243411,1,0.35137137770652771,0.29429206252098083,5.7079315185546875E-2
1928,USA,120971,6569.345446429309,1,0.37457045912742615,0.3258877694606781,4.8682700842618942E-2
1929,USA,122245,6898.7221563254125,1,-3.3693302422761917E-2,-7.5593955814838409E-2,4.1900645941495895E-2
1930,USA,123668,6212.7127066015455,1,-0.22943925857543945,-0.27523365616798401,4.5794393867254257E-2
1931,USA,124633,5691.3665963268159,1,-0.40296581387519836,-0.45583495497703552,5.2869115024805069E-2
1932,USA,125436,4908.365780158806,1,-0.13270142674446106,-0.19194312393665314,5.9241708368062973E-2
1933,USA,126180,4776.9154778887305,1,0.52639299631118774,0.46187683939933777,6.4516134560108185E-2
1934,USA,126978,5113.6075934413839,1,-2.6078233495354652E-2,-7.121364027261734E-2,4.5135404914617538E-2
1935,USA,127859,5466.8379464879281,1,0.45896327495574951,0.40820735692977905,5.0755936652421951E-2
1936,USA,128681,6203.8837823765753,1,0.36349692940711975,0.30828219652175903,5.5214721709489822E-2
1937,USA,129464,6430.1214777853302,1,-0.30715122818946838,-0.35404452681541443,4.6893320977687836E-2
1938,USA,130476,6126.4656718476963,1,0.19782213866710663,0.15154264867305756,4.6279489994049072E-2
1939,USA,131539,6560.752658907244,1,2.364066056907177E-2,-2.5216706097126007E-2,4.8857364803552628E-2
1940,USA,132637,7009.637212844078,1,-9.4583675265312195E-2,-0.14874696731567383,5.4163295775651932E-2
1941,USA,133922,8205.6830991173974,1,-0.10066476464271545,-0.16809116303920746,6.7426398396492004E-2
1942,USA,135386,9741.1051881287585,1,0.15410959720611572,8.6757995188236237E-2,6.7351594567298889E-2
1943,USA,137272,11518.171571769917,1,0.26995798945426941,0.20588235557079315,6.407562643289566E-2
1944,USA,138937,12333.449664236308,1,0.19686411321163177,0.1411149799823761,5.5749129503965378E-2
1945,USA,140474,11708.647557555134,1,0.37328243255615234,0.32290077209472656,5.0381679087877274E-2
1946,USA,141940,9196.5429688600834,1,-8.597806841135025E-2,-0.12694749236106873,4.0969416499137878E-2
1947,USA,144688,8885.9943810129371,1,4.8909448087215424E-2,-6.6093858331441879E-3,5.5518835783004761E-2
1948,USA,147203,9064.5622507693461,1,7.2521626949310303E-2,1.0645376518368721E-2,6.1876248568296432E-2
1949,USA,149770,8943.7443212926482,1,0.16392362117767334,8.8874265551567078E-2,7.5049377977848053E-2
1950,USA,152271,9561.3478600652797,1,0.28295043110847473,0.19407497346401215,8.8875450193881989E-2
1951,USA,154878,10116.246335825619,1,0.25670886039733887,0.18531644344329834,7.1392402052879333E-2
1952,USA,157553,10315.544610385077,1,0.17257581651210785,0.11234515160322189,6.0230672359466553E-2
1953,USA,160184,10612.608000799082,1,9.2165898531675339E-3,-4.6466976404190063E-2,5.5683568120002747E-2
1954,USA,163026,10359.108363083189,1,0.47039872407913208,0.40837696194648743,6.2021750956773758E-2
1955,USA,165931,10896.854716719601,1,0.34429511427879333,0.29739776253700256,4.6897340565919876E-2
1956,USA,168903,10914.282161950941,1,6.1935201287269592E-2,2.3583864793181419E-2,3.8351334631443024E-2
1957,USA,171984,10919.986742952833,1,-9.3023255467414856E-2,-0.13156761229038239,3.8544356822967529E-2
1958,USA,174882,10630.528013174597,1,0.36969998478889465,0.32630795240402222,4.3392017483711243E-2
1959,USA,177830,11230.16926277906,1,0.13834361732006073,0.10413160920143127,3.4212004393339157E-2
1960,USA,180671,11328.475516269904,1,-5.2488995715975761E-3,-3.8266170769929886E-2,3.3017270267009735E-2
1961,USA,183691,11401.734434457867,1,0.29859155416488647,0.26302817463874817,3.5563379526138306E-2
1962,USA,186538,11904.984507178162,1,-9.7156397998332977E-2,-0.12684693932533264,2.9690548777580261E-2
1963,USA,189242,12242.340495238901,1,0.22046615183353424,0.18406768143177032,3.6398466676473618E-2
1964,USA,191889,12772.566431634954,1,0.16570042073726654,0.13199406862258911,3.3706352114677429E-2
1965,USA,194303,13418.701718450051,1,0.12494045495986938,9.25440713763237E-2,3.2396379858255386E-2
1966,USA,196560,14133.526658526658,1,-8.2088738679885864E-2,-0.11337621510028839,3.1287472695112228E-2
1967,USA,198712,14330.030395748621,1,0.20767244696617126,0.17176933586597443,3.5903111100196838E-2
1968,USA,200706,14862.938825944417,1,0.14973767101764679,0.11752361059188843,3.2214060425758362E-2
1969,USA,202677,15179.408615679135,1,-0.11483567953109741,-0.14450705051422119,2.9671361669898033E-2
1970,USA,205052,15029.846087821626,1,2.2829547524452209E-2,-1.1634287424385548E-2,3.4463834017515182E-2
1971,USA,207661,15304.298833194485,1,0.13536924123764038,0.10127706825733185,3.4092169255018234E-2
1972,USA,209896,15943.867439112702,1,0.21659776568412781,0.18483412265777588,3.1763635575771332E-2
1973,USA,211909,16689.343067071241,1,-0.16459573805332184,-0.19336169958114624,2.8765959665179253E-2
1974,USA,213854,16491.269744779151,1,-0.2543785572052002,-0.29236125946044922,3.7982694804668427E-2
1975,USA,215973,16283.632676306759,1,0.37736693024635315,0.32249888777732849,5.4868046194314957E-2
1976,USA,218035,16975.086568670169,1,0.22604283690452576,0.18038332462310791,4.5659523457288742E-2
1977,USA,220239,17566.502753826528,1,-5.9312321245670319E-2,-0.10391595214605331,4.4603627175092697E-2
1978,USA,222585,18372.972123009189,1,7.8448086977005005E-2,2.4408441036939621E-2,5.4039649665355682E-2
1979,USA,225055,18789.393703761303,1,0.18041826784610748,0.12163145840167999,5.878680944442749E-2
1980,USA,227726.5,18577.36665413365,1,0.29554730653762817,0.23840445280075073,5.714285746216774E-2
1981,USA,229966.2,18855.55486999598,1,-2.299625426530838E-2,-7.265917956829071E-2,4.9662921577692032E-2
1982,USA,232187.8,18325.120263083551,1,0.18150241672992706,0.12600968778133392,5.549272894859314E-2
1983,USA,234307.20000000001,18920.156391092147,1,0.23020085692405701,0.17934001982212067,5.0860829651355743E-2
1984,USA,236348.3,20122.667101821073,1,4.6411190181970596E-2,6.0827250126749277E-4,4.5802917331457138E-2
1985,USA,238466.3,20717.322960076497,1,0.30820667743682861,0.26018235087394714,4.8024315387010574E-2
1986,USA,240650.8,21236.085463351239,1,0.23917028307914734,0.19922816753387451,3.9942111819982529E-2
1987,USA,242803.5,21787.693674127881,1,4.8672566190361977E-3,-3.0571198090910912E-2,3.5438455641269684E-2
1988,USA,245021.4,22499.441620233243,1,0.18775933980941772,0.14730291068553925,4.0456429123878479E-2
1989,USA,247341.7,23059.278193599523,1,0.30075949430465698,0.26075947284698486,3.9999999105930328E-2
1990,USA,250131.9,23200.560312401587,1,-2.2260470315814018E-2,-5.6942053139209747E-2,3.468158096075058E-2
1991,USA,253492.5,22832.790045888927,1,0.21888972818851471,0.18177945911884308,3.7110265344381332E-2
1992,USA,256894.2,23284.981879676943,1,0.15320068597793579,0.12130961567163467,3.1891070306301117E-2
1993,USA,260255.4,23640.112579572778,1,9.8452851176261902E-2,6.9575794041156769E-2,2.8877055272459984E-2
1994,USA,263435.7,24312.788958487981,1,5.1722289063036442E-3,-2.3092605173587799E-2,2.8264833614230156E-2
1995,USA,266557.09999999998,24637.329856251428,1,0.3804345428943634,0.35013949871063232,3.0295040458440781E-2
1996,USA,269667.40000000002,25263.10164908837,1,0.23362676799297333,0.20938217639923096,2.4244595319032669E-2
1997,USA,272911.8,26074.239422588977,1,0.31566765904426575,0.29481333494186401,2.085435576736927E-2
1998,USA,276115.3,26893.450858320128,1,0.2534160315990448,0.23658260703086853,1.6833443194627762E-2
1999,USA,279294.7,27869.812027671189,1,0.2145456075668335,0.20052099227905273,1.4024620875716209E-2
2000,USA,282158,28701.934318309348,1,-5.7031664997339249E-2,-6.8419799208641052E-2,1.1388134211301804E-2
2001,USA,284915,28726.094319273969,1,-0.12792558968067169,-0.13975189626216888,1.1826316826045513E-2
2002,USA,287501,28976.930192684358,1,-0.20060615241527557,-0.21464195847511292,1.4035792089998722E-2
2003,USA,289986,29458.922506871182,1,0.22114592790603638,0.20180608332157135,1.9339842721819878E-2
2004,USA,292806,30199.800860551808,1,0.12771135568618774,0.10972201079130173,1.7989339306950569E-2
2005,USA,295583,30841.645496424466,1,7.094670832157135E-2,5.241784080862999E-2,1.8528863787651062E-2
2006,USA,298442,31357.539587735886,1,0.14201273024082184,0.12229908257722855,1.9713643938302994E-2
2007,USA,301280,31654.926754922406,1,6.3914656639099121E-2,4.4337131083011627E-2,1.9577527418732643E-2
2008,USA,304228,31251.266490333088,1,-0.38754883408546448,-0.40674141049385071,1.9192546606063843E-2
2009,USA,306879.72903471405,29898.64421649179,1,0.2908405065536499,0.26530379056930542,2.5536715984344482E-2
2010,USA,309238.92922636669,30491.34438076369,1,0.13858318328857422,0.118112713098526,2.0470468327403069E-2
2011,USA,311442.38027290808,30745.458205621639,1,2.2730018943548203E-2,1.4417694183066487E-3,2.1288249641656876E-2
2012,USA,313661.80559074285,31224.222253421813,1,0.16907955706119537,0.14394524693489075,2.5134317576885223E-2
2013,USA,315822.3257831831,31581.707325592328,1,0.29563590884208679,0.27103474736213684,2.4601172655820847E-2
2014,USA,318106.64657814766,32072.18365577019,1,0.15816636383533478,0.13634955883026123,2.1816814318299294E-2
2015,USA,320409.93682027317,32703.493039904108,1,2.1029368042945862E-2,-9.2490277893375605E-5,2.1121857687830925E-2
2016,USA,322701.24635892856,33012.767870838506,1,3.6493316292762756E-2,1.4867558144032955E-2,2.1625759080052376E-2
2017,USA,324756.93539600546,33543.679861697616,1,0.19302545487880707,0.17036323249340057,2.2662220522761345E-2
2018,USA,326497.13257503661,34338.77075550321,1,0.14207513630390167,0.12109320610761642,2.0981932058930397E-2
2019,USA,328018.6819157385,34961.835051325332,1,8.1636525690555573E-2,6.114409863948822E-2,2.0492425188422203E-2
2020,USA,329239.71527773212,33646.261755272411,1,0.12535415589809418,0.10506433248519897,2.0289821550250053E-2
