KEY,FREQ,CURRENCY,CURRENCY_DENOM,EXR_TYPE,EXR_SUFFIX,TIME_PERIOD,OBS_VALUE,OBS_STATUS,OBS_CONF,OBS_PRE_BREAK,OBS_COM,TIME_FORMAT,BREAKS,COLLECTION,COMPILING_ORG,DISS_ORG,DOM_SER_IDS,PUBL_ECB,PUBL_MU,PUBL_PUBLIC,UNIT_INDEX_BASE,COMPILATION,COVERAGE,DECIMALS,NAT_TITLE,SOURCE_AGENCY,SOURCE_PUB,TITLE,TITLE_COMPL,UNIT,UNIT_MULT
EXR.M.AUD.EUR.SP00.A,M,AUD,EUR,SP00,A,2020-12,1.6166454545455,A,F,,,P1M,,A,,,,,,,99Q1=100,,,4,,4F0,,Australian dollar/Euro ECB reference exchange rate,"ECB reference exchange rate, Australian dollar/Euro, 2.15 pm (C.E.T.)",AUD,0
EXR.M.AUD.EUR.SP00.A,M,AUD,EUR,SP00,A,2021-01,1.576415,A,F,,,P1M,,A,,,,,,,99Q1=100,,,4,,4F0,,Australian dollar/Euro ECB reference exchange rate,"ECB reference exchange rate, Australian dollar/Euro, 2.15 pm (C.E.T.)",AUD,0
EXR.M.AUD.EUR.SP00.A,M,AUD,EUR,SP00,A,2021-02,1.560485,A,F,,,P1M,,A,,,,,,,99Q1=100,,,4,,4F0,,Australian dollar/Euro ECB reference exchange rate,"ECB reference exchange rate, Australian dollar/Euro, 2.15 pm (C.E.T.)",AUD,0
EXR.M.AUD.EUR.SP00.A,M,AUD,EUR,SP00,A,2021-03,1.5444130434783,A,F,,,P1M,,A,,,,,,,99Q1=100,,,4,,4F0,,Australian dollar/Euro ECB reference exchange rate,"ECB reference exchange rate, Australian dollar/Euro, 2.15 pm (C.E.T.)",AUD,0
EXR.M.AUD.EUR.SP00.A,M,AUD,EUR,SP00,A,2021-04,1.55442,A,F,,,P1M,,A,,,,,,,99Q1=100,,,4,,4F0,,Australian dollar/Euro ECB reference exchange rate,"ECB reference exchange rate, Australian dollar/Euro, 2.15 pm (C.E.T.)",AUD,0
EXR.M.AUD.EUR.SP00.A,M,AUD,EUR,SP00,A,2021-05,1.5653095238095,A,F,,,P1M,,A,,,,,,,99Q1=100,,,4,,4F0,,Australian dollar/Euro ECB reference exchange rate,"ECB reference exchange rate, Australian dollar/Euro, 2.15 pm (C.E.T.)",AUD,0
EXR.M.AUD.EUR.SP00.A,M,AUD,EUR,SP00,A,2021-06,1.5761,A,F,,,P1M,,A,,,,,,,99Q1=100,,,4,,4F0,,Australian dollar/Euro ECB reference exchange rate,"ECB reference exchange rate, Australian dollar/Euro, 2.15 pm (C.E.T.)",AUD,0
EXR.M.AUD.EUR.SP00.A,M,AUD,EUR,SP00,A,2021-07,1.59255,A,F,,,P1M,,A,,,,,,,99Q1=100,,,4,,4F0,,Australian dollar/Euro ECB reference exchange rate,"ECB reference exchange rate, Australian dollar/Euro, 2.15 pm (C.E.T.)",AUD,0
EXR.M.AUD.EUR.SP00.A,M,AUD,EUR,SP00,A,2021-08,1.6117909090909,A,F,,,P1M,,A,,,,,,,99Q1=100,,,4,,4F0,,Australian dollar/Euro ECB reference exchange rate,"ECB reference exchange rate, Australian dollar/Euro, 2.15 pm (C.E.T.)",AUD,0
EXR.M.AUD.EUR.SP00.A,M,AUD,EUR,SP00,A,2021-09,1.6086636363636,A,F,,,P1M,,A,,,,,,,99Q1=100,,,4,,4F0,,Australian dollar/Euro ECB reference exchange rate,"ECB reference exchange rate, Australian dollar/Euro, 2.15 pm (C.E.T.)",AUD,0
EXR.M.AUD.EUR.SP00.A,M,AUD,EUR,SP00,A,2021-10,1.566919047619,A,F,,,P1M,,A,,,,,,,99Q1=100,,,4,,4F0,,Australian dollar/Euro ECB reference exchange rate,"ECB reference exchange rate, Australian dollar/Euro, 2.15 pm (C.E.T.)",AUD,0
EXR.M.AUD.EUR.SP00.A,M,AUD,EUR,SP00,A,2021-11,1.5615272727273,A,F,,,P1M,,A,,,,,,,99Q1=100,,,4,,4F0,,Australian dollar/Euro ECB reference exchange rate,"ECB reference exchange rate, Australian dollar/Euro, 2.15 pm (C.E.T.)",AUD,0
EXR.M.AUD.EUR.SP00.A,M,AUD,EUR,SP00,A,2021-12,1.5781043478261,A,F,,,P1M,,A,,,,,,,99Q1=100,,,4,,4F0,,Australian dollar/Euro ECB reference exchange rate,"ECB reference exchange rate, Australian dollar/Euro, 2.15 pm (C.E.T.)",AUD,0
EXR.M.AUD.EUR.SP00.A,M,AUD,EUR,SP00,A,2022-01,1.5769761904762,A,F,,,P1M,,A,,,,,,,99Q1=100,,,4,,4F0,,Australian dollar/Euro ECB reference exchange rate,"ECB reference exchange rate, Australian dollar/Euro, 2.15 pm (C.E.T.)",AUD,0
EXR.M.AUD.EUR.SP00.A,M,AUD,EUR,SP00,A,2022-02,1.582495,A,F,,,P1M,,A,,,,,,,99Q1=100,,,4,,4F0,,Australian dollar/Euro ECB reference exchange rate,"ECB reference exchange rate, Australian dollar/Euro, 2.15 pm (C.E.T.)",AUD,0
EXR.M.AUD.EUR.SP00.A,M,AUD,EUR,SP00,A,2022-03,1.4946304347826,A,F,,,P1M,,A,,,,,,,99Q1=100,,,4,,4F0,,Australian dollar/Euro ECB reference exchange rate,"ECB reference exchange rate, Australian dollar/Euro, 2.15 pm (C.E.T.)",AUD,0
EXR.M.AUD.EUR.SP00.A,M,AUD,EUR,SP00,A,2022-04,1.4663368421053,A,F,,,P1M,,A,,,,,,,99Q1=100,,,4,,4F0,,Australian dollar/Euro ECB reference exchange rate,"ECB reference exchange rate, Australian dollar/Euro, 2.15 pm (C.E.T.)",AUD,0
EXR.M.AUD.EUR.SP00.A,M,AUD,EUR,SP00,A,2022-05,1.4995272727273,A,F,,,P1M,,A,,,,,,,99Q1=100,,,4,,4F0,,Australian dollar/Euro ECB reference exchange rate,"ECB reference exchange rate, Australian dollar/Euro, 2.15 pm (C.E.T.)",AUD,0
EXR.M.AUD.EUR.SP00.A,M,AUD,EUR,SP00,A,2022-06,1.5043818181818,A,F,,,P1M,,A,,,,,,,99Q1=100,,,4,,4F0,,Australian dollar/Euro ECB reference exchange rate,"ECB reference exchange rate, Australian dollar/Euro, 2.15 pm (C.E.T.)",AUD,0
EXR.M.AUD.EUR.SP00.A,M,AUD,EUR,SP00,A,2022-07,1.4856476190476,A,F,,,P1M,,A,,,,,,,99Q1=100,,,4,,4F0,,Australian dollar/Euro ECB reference exchange rate,"ECB reference exchange rate, Australian dollar/Euro, 2.15 pm (C.E.T.)",AUD,0
EXR.M.AUD.EUR.SP00.A,M,AUD,EUR,SP00,A,2022-08,1.4549869565217,A,F,,,P1M,,A,,,,,,,99Q1=100,,,4,,4F0,,Australian dollar/Euro ECB reference exchange rate,"ECB reference exchange rate, Australian dollar/Euro, 2.15 pm (C.E.T.)",AUD,0
EXR.M.AUD.EUR.SP00.A,M,AUD,EUR,SP00,A,2022-09,1.4819590909091,A,F,,,P1M,,A,,,,,,,99Q1=100,,,4,,4F0,,Australian dollar/Euro ECB reference exchange rate,"ECB reference exchange rate, Australian dollar/Euro, 2.15 pm (C.E.T.)",AUD,0
EXR.M.AUD.EUR.SP00.A,M,AUD,EUR,SP00,A,2022-10,1.5473714285714,A,F,,,P1M,,A,,,,,,,99Q1=100,,,4,,4F0,,Australian dollar/Euro ECB reference exchange rate,"ECB reference exchange rate, Australian dollar/Euro, 2.15 pm (C.E.T.)",AUD,0
EXR.M.AUD.EUR.SP00.A,M,AUD,EUR,SP00,A,2022-11,1.5454727272727,A,F,,,P1M,,A,,,,,,,99Q1=100,,,4,,4F0,,Australian dollar/Euro ECB reference exchange rate,"ECB reference exchange rate, Australian dollar/Euro, 2.15 pm (C.E.T.)",AUD,0
EXR.M.AUD.EUR.SP00.A,M,AUD,EUR,SP00,A,2022-12,1.568519047619,A,F,,,P1M,,A,,,,,,,99Q1=100,,,4,,4F0,,Australian dollar/Euro ECB reference exchange rate,"ECB reference exchange rate, Australian dollar/Euro, 2.15 pm (C.E.T.)",AUD,0
EXR.M.AUD.EUR.SP00.A,M,AUD,EUR,SP00,A,2023-01,1.5522636363636,A,F,,,P1M,,A,,,,,,,99Q1=100,,,4,,4F0,,Australian dollar/Euro ECB reference exchange rate,"ECB reference exchange rate, Australian dollar/Euro, 2.15 pm (C.E.T.)",AUD,0
EXR.M.AUD.EUR.SP00.A,M,AUD,EUR,SP00,A,2023-02,1.55138,A,F,,,P1M,,A,,,,,,,99Q1=100,,,4,,4F0,,Australian dollar/Euro ECB reference exchange rate,"ECB reference exchange rate, Australian dollar/Euro, 2.15 pm (C.E.T.)",AUD,0
EXR.M.AUD.EUR.SP00.A,M,AUD,EUR,SP00,A,2023-03,1.6034260869565,A,F,,,P1M,,A,,,,,,,99Q1=100,,,4,,4F0,,Australian dollar/Euro ECB reference exchange rate,"ECB reference exchange rate, Australian dollar/Euro, 2.15 pm (C.E.T.)",AUD,0
EXR.M.AUD.EUR.SP00.A,M,AUD,EUR,SP00,A,2023-04,1.6388722222222,A,F,,,P1M,,A,,,,,,,99Q1=100,,,4,,4F0,,Australian dollar/Euro ECB reference exchange rate,"ECB reference exchange rate, Australian dollar/Euro, 2.15 pm (C.E.T.)",AUD,0
EXR.M.AUD.EUR.SP00.A,M,AUD,EUR,SP00,A,2023-05,1.6346045454545,A,F,,,P1M,,A,,,,,,,99Q1=100,,,4,,4F0,,Australian dollar/Euro ECB reference exchange rate,"ECB reference exchange rate, Australian dollar/Euro, 2.15 pm (C.E.T.)",AUD,0
EXR.M.AUD.EUR.SP00.A,M,AUD,EUR,SP00,A,2023-06,1.6157136363636,A,F,,,P1M,,A,,,,,,,99Q1=100,,,4,,4F0,,Australian dollar/Euro ECB reference exchange rate,"ECB reference exchange rate, Australian dollar/Euro, 2.15 pm (C.E.T.)",AUD,0
EXR.M.AUD.EUR.SP00.A,M,AUD,EUR,SP00,A,2023-07,1.6422571428571,A,F,,,P1M,,A,,,,,,,99Q1=100,,,4,,4F0,,Australian dollar/Euro ECB reference exchange rate,"ECB reference exchange rate, Australian dollar/Euro, 2.15 pm (C.E.T.)",AUD,0
EXR.M.AUD.EUR.SP00.A,M,AUD,EUR,SP00,A,2023-08,1.6818434782609,A,F,,,P1M,,A,,,,,,,99Q1=100,,,4,,4F0,,Australian dollar/Euro ECB reference exchange rate,"ECB reference exchange rate, Australian dollar/Euro, 2.15 pm (C.E.T.)",AUD,0
EXR.M.AUD.EUR.SP00.A,M,AUD,EUR,SP00,A,2023-09,1.662180952381,A,F,,,P1M,,A,,,,,,,99Q1=100,,,4,,4F0,,Australian dollar/Euro ECB reference exchange rate,"ECB reference exchange rate, Australian dollar/Euro, 2.15 pm (C.E.T.)",AUD,0
EXR.M.AUD.EUR.SP00.A,M,AUD,EUR,SP00,A,2023-10,1.6636818181818,A,F,,,P1M,,A,,,,,,,99Q1=100,,,4,,4F0,,Australian dollar/Euro ECB reference exchange rate,"ECB reference exchange rate, Australian dollar/Euro, 2.15 pm (C.E.T.)",AUD,0
EXR.M.AUD.EUR.SP00.A,M,AUD,EUR,SP00,A,2023-11,1.6633909090909,A,F,,,P1M,,A,,,,,,,99Q1=100,,,4,,4F0,,Australian dollar/Euro ECB reference exchange rate,"ECB reference exchange rate, Australian dollar/Euro, 2.15 pm (C.E.T.)",AUD,0
EXR.M.AUD.EUR.SP00.A,M,AUD,EUR,SP00,A,2023-12,1.6321105263158,A,F,,,P1M,,A,,,,,,,99Q1=100,,,4,,4F0,,Australian dollar/Euro ECB reference exchange rate,"ECB reference exchange rate, Australian dollar/Euro, 2.15 pm (C.E.T.)",AUD,0
EXR.M.AUD.EUR.SP00.A,M,AUD,EUR,SP00,A,2024-01,1.6421818181818,A,F,,,P1M,,A,,,,,,,99Q1=100,,,4,,4F0,,Australian dollar/Euro ECB reference exchange rate,"ECB reference exchange rate, Australian dollar/Euro, 2.15 pm (C.E.T.)",AUD,0
EXR.M.AUD.EUR.SP00.A,M,AUD,EUR,SP00,A,2024-02,1.6533380952381,A,F,,,P1M,,A,,,,,,,99Q1=100,,,4,,4F0,,Australian dollar/Euro ECB reference exchange rate,"ECB reference exchange rate, Australian dollar/Euro, 2.15 pm (C.E.T.)",AUD,0
EXR.M.AUD.EUR.SP00.A,M,AUD,EUR,SP00,A,2024-03,1.65858,A,F,,,P1M,,A,,,,,,,99Q1=100,,,4,,4F0,,Australian dollar/Euro ECB reference exchange rate,"ECB reference exchange rate, Australian dollar/Euro, 2.15 pm (C.E.T.)",AUD,0
EXR.M.AUD.EUR.SP00.A,M,AUD,EUR,SP00,A,2024-04,1.6469428571429,A,F,,,P1M,,A,,,,,,,99Q1=100,,,4,,4F0,,Australian dollar/Euro ECB reference exchange rate,"ECB reference exchange rate, Australian dollar/Euro, 2.15 pm (C.E.T.)",AUD,0
EXR.M.AUD.EUR.SP00.A,M,AUD,EUR,SP00,A,2024-05,1.6317227272727,A,F,,,P1M,,A,,,,,,,99Q1=100,,,4,,4F0,,Australian dollar/Euro ECB reference exchange rate,"ECB reference exchange rate, Australian dollar/Euro, 2.15 pm (C.E.T.)",AUD,0
EXR.M.AUD.EUR.SP00.A,M,AUD,EUR,SP00,A,2024-06,1.620565,A,F,,,P1M,,A,,,,,,,99Q1=100,,,4,,4F0,,Australian dollar/Euro ECB reference exchange rate,"ECB reference exchange rate, Australian dollar/Euro, 2.15 pm (C.E.T.)",AUD,0
EXR.M.AUD.EUR.SP00.A,M,AUD,EUR,SP00,A,2024-07,1.6257347826087,A,F,,,P1M,,A,,,,,,,99Q1=100,,,4,,4F0,,Australian dollar/Euro ECB reference exchange rate,"ECB reference exchange rate, Australian dollar/Euro, 2.15 pm (C.E.T.)",AUD,0
EXR.M.AUD.EUR.SP00.A,M,AUD,EUR,SP00,A,2024-08,1.6559409090909,A,F,,,P1M,,A,,,,,,,99Q1=100,,,4,,4F0,,Australian dollar/Euro ECB reference exchange rate,"ECB reference exchange rate, Australian dollar/Euro, 2.15 pm (C.E.T.)",AUD,0
EXR.M.AUD.EUR.SP00.A,M,AUD,EUR,SP00,A,2024-09,1.6398428571429,A,F,,,P1M,,A,,,,,,,99Q1=100,,,4,,4F0,,Australian dollar/Euro ECB reference exchange rate,"ECB reference exchange rate, Australian dollar/Euro, 2.15 pm (C.E.T.)",AUD,0
EXR.M.AUD.EUR.SP00.A,M,AUD,EUR,SP00,A,2024-10,1.6249565217391,A,F,,,P1M,,A,,,,,,,99Q1=100,,,4,,4F0,,Australian dollar/Euro ECB reference exchange rate,"ECB reference exchange rate, Australian dollar/Euro, 2.15 pm (C.E.T.)",AUD,0
EXR.M.AUD.EUR.SP00.A,M,AUD,EUR,SP00,A,2024-11,1.6266523809524,A,F,,,P1M,,A,,,,,,,99Q1=100,,,4,,4F0,,Australian dollar/Euro ECB reference exchange rate,"ECB reference exchange rate, Australian dollar/Euro, 2.15 pm (C.E.T.)",AUD,0
EXR.M.AUD.EUR.SP00.A,M,AUD,EUR,SP00,A,2024-12,1.652865,A,F,,,P1M,,A,,,,,,,99Q1=100,,,4,,4F0,,Australian dollar/Euro ECB reference exchange rate,"ECB reference exchange rate, Australian dollar/Euro, 2.15 pm (C.E.T.)",AUD,0
EXR.M.AUD.EUR.SP00.A,M,AUD,EUR,SP00,A,2025-01,1.6625636363636,A,F,,,P1M,,A,,,,,,,99Q1=100,,,4,,4F0,,Australian dollar/Euro ECB reference exchange rate,"ECB reference exchange rate, Australian dollar/Euro, 2.15 pm (C.E.T.)",AUD,0
EXR.M.AUD.EUR.SP00.A,M,AUD,EUR,SP00,A,2025-02,1.65281,A,F,,,P1M,,A,,,,,,,99Q1=100,,,4,,4F0,,Australian dollar/Euro ECB reference exchange rate,"ECB reference exchange rate, Australian dollar/Euro, 2.15 pm (C.E.T.)",AUD,0
EXR.M.AUD.EUR.SP00.A,M,AUD,EUR,SP00,A,2025-03,1.7158428571429,A,F,,,P1M,,A,,,,,,,99Q1=100,,,4,,4F0,,Australian dollar/Euro ECB reference exchange rate,"ECB reference exchange rate, Australian dollar/Euro, 2.15 pm (C.E.T.)",AUD,0
EXR.M.AUD.EUR.SP00.A,M,AUD,EUR,SP00,A,2025-04,1.7843499999999999,A,F,,,P1M,,A,,,,,,,99Q1=100,,,4,,4F0,,Australian dollar/Euro ECB reference exchange rate,"ECB reference exchange rate, Australian dollar/Euro, 2.15 pm (C.E.T.)",AUD,0
EXR.M.AUD.EUR.SP00.A,M,AUD,EUR,SP00,A,2025-05,1.7521476190476188,A,F,,,P1M,,A,,,,,,,99Q1=100,,,4,,4F0,,Australian dollar/Euro ECB reference exchange rate,"ECB reference exchange rate, Australian dollar/Euro, 2.15 pm (C.E.T.)",AUD,0
EXR.M.AUD.EUR.SP00.A,M,AUD,EUR,SP00,A,2025-06,1.772285714285714,A,F,,,P1M,,A,,,,,,,99Q1=100,,,4,,4F0,,Australian dollar/Euro ECB reference exchange rate,"ECB reference exchange rate, Australian dollar/Euro, 2.15 pm (C.E.T.)",AUD,0
EXR.M.AUD.EUR.SP00.A,M,AUD,EUR,SP00,A,2025-07,1.7862173913043484,A,F,,,P1M,,A,,,,,,,99Q1=100,,,4,,4F0,,Australian dollar/Euro ECB reference exchange rate,"ECB reference exchange rate, Australian dollar/Euro, 2.15 pm (C.E.T.)",AUD,0
EXR.M.AUD.EUR.SP00.A,M,AUD,EUR,SP00,A,2025-08,1.7920190476190472,A,F,,,P1M,,A,,,,,,,99Q1=100,,,4,,4F0,,Australian dollar/Euro ECB reference exchange rate,"ECB reference exchange rate, Australian dollar/Euro, 2.15 pm (C.E.T.)",AUD,0
EXR.M.AUD.EUR.SP00.A,M,AUD,EUR,SP00,A,2025-09,1.7794909090909092,A,F,,,P1M,,A,,,,,,,99Q1=100,,,4,,4F0,,Australian dollar/Euro ECB reference exchange rate,"ECB reference exchange rate, Australian dollar/Euro, 2.15 pm (C.E.T.)",AUD,0
EXR.M.AUD.EUR.SP00.A,M,AUD,EUR,SP00,A,2025-10,1.7780521739130442,A,F,,,P1M,,A,,,,,,,99Q1=100,,,4,,4F0,,Australian dollar/Euro ECB reference exchange rate,"ECB reference exchange rate, Australian dollar/Euro, 2.15 pm (C.E.T.)",AUD,0
EXR.M.AUD.EUR.SP00.A,M,AUD,EUR,SP00,A,2025-11,1.7771700000000004,A,F,,,P1M,,A,,,,,,,99Q1=100,,,4,,4F0,,Australian dollar/Euro ECB reference exchange rate,"ECB reference exchange rate, Australian dollar/Euro, 2.15 pm (C.E.T.)",AUD,0
EXR.M.AUD.EUR.SP00.A,M,AUD,EUR,SP00,A,2025-12,1.7633619047619047,A,F,,,P1M,,A,,,,,,,99Q1=100,,,4,,4F0,,Australian dollar/Euro ECB reference exchange rate,"ECB reference exchange rate, Australian dollar/Euro, 2.15 pm (C.E.T.)",AUD,0
EXR.M.CAD.EUR.SP00.A,M,CAD,EUR,SP00,A,2020-12,1.5595454545455,A,F,,,P1M,,A,,,,,,,99Q1=100,,,4,,4F0,,Canadian dollar/Euro ECB reference exchange rate,"ECB reference exchange rate, Canadian dollar/Euro, 2.15 pm (C.E.T.)",CAD,0
EXR.M.CAD.EUR.SP00.A,M,CAD,EUR,SP00,A,2021-01,1.549355,A,F,,,P1M,,A,,,,,,,99Q1=100,,,4,,4F0,,Canadian dollar/Euro ECB reference exchange rate,"ECB reference exchange rate, Canadian dollar/Euro, 2.15 pm (C.E.T.)",CAD,0
EXR.M.CAD.EUR.SP00.A,M,CAD,EUR,SP00,A,2021-02,1.53537,A,F,,,P1M,,A,,,,,,,99Q1=100,,,4,,4F0,,Canadian dollar/Euro ECB reference exchange rate,"ECB reference exchange rate, Canadian dollar/Euro, 2.15 pm (C.E.T.)",CAD,0
EXR.M.CAD.EUR.SP00.A,M,CAD,EUR,SP00,A,2021-03,1.4969956521739,A,F,,,P1M,,A,,,,,,,99Q1=100,,,4,,4F0,,Canadian dollar/Euro ECB reference exchange rate,"ECB reference exchange rate, Canadian dollar/Euro, 2.15 pm (C.E.T.)",CAD,0
EXR.M.CAD.EUR.SP00.A,M,CAD,EUR,SP00,A,2021-04,1.497545,A,F,,,P1M,,A,,,,,,,99Q1=100,,,4,,4F0,,Canadian dollar/Euro ECB reference exchange rate,"ECB reference exchange rate, Canadian dollar/Euro, 2.15 pm (C.E.T.)",CAD,0
EXR.M.CAD.EUR.SP00.A,M,CAD,EUR,SP00,A,2021-05,1.4732476190476,A,F,,,P1M,,A,,,,,,,99Q1=100,,,4,,4F0,,Canadian dollar/Euro ECB reference exchange rate,"ECB reference exchange rate, Canadian dollar/Euro, 2.15 pm (C.E.T.)",CAD,0
EXR.M.CAD.EUR.SP00.A,M,CAD,EUR,SP00,A,2021-06,1.4712863636364,A,F,,,P1M,,A,,,,,,,99Q1=100,,,4,,4F0,,Canadian dollar/Euro ECB reference exchange rate,"ECB reference exchange rate, Canadian dollar/Euro, 2.15 pm (C.E.T.)",CAD,0
EXR.M.CAD.EUR.SP00.A,M,CAD,EUR,SP00,A,2021-07,1.4805681818182,A,F,,,P1M,,A,,,,,,,99Q1=100,,,4,,4F0,,Canadian dollar/Euro ECB reference exchange rate,"ECB reference exchange rate, Canadian dollar/Euro, 2.15 pm (C.E.T.)",CAD,0
EXR.M.CAD.EUR.SP00.A,M,CAD,EUR,SP00,A,2021-08,1.4827136363636,A,F,,,P1M,,A,,,,,,,99Q1=100,,,4,,4F0,,Canadian dollar/Euro ECB reference exchange rate,"ECB reference exchange rate, Canadian dollar/Euro, 2.15 pm (C.E.T.)",CAD,0
EXR.M.CAD.EUR.SP00.A,M,CAD,EUR,SP00,A,2021-09,1.4909545454545,A,F,,,P1M,,A,,,,,,,99Q1=100,,,4,,4F0,,Canadian dollar/Euro ECB reference exchange rate,"ECB reference exchange rate, Canadian dollar/Euro, 2.15 pm (C.E.T.)",CAD,0
EXR.M.CAD.EUR.SP00.A,M,CAD,EUR,SP00,A,2021-10,1.4436380952381,A,F,,,P1M,,A,,,,,,,99Q1=100,,,4,,4F0,,Canadian dollar/Euro ECB reference exchange rate,"ECB reference exchange rate, Canadian dollar/Euro, 2.15 pm (C.E.T.)",CAD,0
EXR.M.CAD.EUR.SP00.A,M,CAD,EUR,SP00,A,2021-11,1.4339318181818,A,F,,,P1M,,A,,,,,,,99Q1=100,,,4,,4F0,,Canadian dollar/Euro ECB reference exchange rate,"ECB reference exchange rate, Canadian dollar/Euro, 2.15 pm (C.E.T.)",CAD,0
EXR.M.CAD.EUR.SP00.A,M,CAD,EUR,SP00,A,2021-12,1.4462565217391,A,F,,,P1M,,A,,,,,,,99Q1=100,,,4,,4F0,,Canadian dollar/Euro ECB reference exchange rate,"ECB reference exchange rate, Canadian dollar/Euro, 2.15 pm (C.E.T.)",CAD,0
EXR.M.CAD.EUR.SP00.A,M,CAD,EUR,SP00,A,2022-01,1.4282238095238,A,F,,,P1M,,A,,,,,,,99Q1=100,,,4,,4F0,,Canadian dollar/Euro ECB reference exchange rate,"ECB reference exchange rate, Canadian dollar/Euro, 2.15 pm (C.E.T.)",CAD,0
EXR.M.CAD.EUR.SP00.A,M,CAD,EUR,SP00,A,2022-02,1.44222,A,F,,,P1M,,A,,,,,,,99Q1=100,,,4,,4F0,,Canadian dollar/Euro ECB reference exchange rate,"ECB reference exchange rate, Canadian dollar/Euro, 2.15 pm (C.E.T.)",CAD,0
EXR.M.CAD.EUR.SP00.A,M,CAD,EUR,SP00,A,2022-03,1.3949652173913,A,F,,,P1M,,A,,,,,,,99Q1=100,,,4,,4F0,,Canadian dollar/Euro ECB reference exchange rate,"ECB reference exchange rate, Canadian dollar/Euro, 2.15 pm (C.E.T.)",CAD,0
EXR.M.CAD.EUR.SP00.A,M,CAD,EUR,SP00,A,2022-04,1.3652315789474,A,F,,,P1M,,A,,,,,,,99Q1=100,,,4,,4F0,,Canadian dollar/Euro ECB reference exchange rate,"ECB reference exchange rate, Canadian dollar/Euro, 2.15 pm (C.E.T.)",CAD,0
EXR.M.CAD.EUR.SP00.A,M,CAD,EUR,SP00,A,2022-05,1.3588318181818,A,F,,,P1M,,A,,,,,,,99Q1=100,,,4,,4F0,,Canadian dollar/Euro ECB reference exchange rate,"ECB reference exchange rate, Canadian dollar/Euro, 2.15 pm (C.E.T.)",CAD,0
EXR.M.CAD.EUR.SP00.A,M,CAD,EUR,SP00,A,2022-06,1.3536818181818,A,F,,,P1M,,A,,,,,,,99Q1=100,,,4,,4F0,,Canadian dollar/Euro ECB reference exchange rate,"ECB reference exchange rate, Canadian dollar/Euro, 2.15 pm (C.E.T.)",CAD,0
EXR.M.CAD.EUR.SP00.A,M,CAD,EUR,SP00,A,2022-07,1.3179857142857,A,F,,,P1M,,A,,,,,,,99Q1=100,,,4,,4F0,,Canadian dollar/Euro ECB reference exchange rate,"ECB reference exchange rate, Canadian dollar/Euro, 2.15 pm (C.E.T.)",CAD,0
EXR.M.CAD.EUR.SP00.A,M,CAD,EUR,SP00,A,2022-08,1.3078,A,F,,,P1M,,A,,,,,,,99Q1=100,,,4,,4F0,,Canadian dollar/Euro ECB reference exchange rate,"ECB reference exchange rate, Canadian dollar/Euro, 2.15 pm (C.E.T.)",CAD,0
EXR.M.CAD.EUR.SP00.A,M,CAD,EUR,SP00,A,2022-09,1.3186545454545,A,F,,,P1M,,A,,,,,,,99Q1=100,,,4,,4F0,,Canadian dollar/Euro ECB reference exchange rate,"ECB reference exchange rate, Canadian dollar/Euro, 2.15 pm (C.E.T.)",CAD,0
EXR.M.CAD.EUR.SP00.A,M,CAD,EUR,SP00,A,2022-10,1.3477333333333,A,F,,,P1M,,A,,,,,,,99Q1=100,,,4,,4F0,,Canadian dollar/Euro ECB reference exchange rate,"ECB reference exchange rate, Canadian dollar/Euro, 2.15 pm (C.E.T.)",CAD,0
EXR.M.CAD.EUR.SP00.A,M,CAD,EUR,SP00,A,2022-11,1.3708272727273,A,F,,,P1M,,A,,,,,,,99Q1=100,,,4,,4F0,,Canadian dollar/Euro ECB reference exchange rate,"ECB reference exchange rate, Canadian dollar/Euro, 2.15 pm (C.E.T.)",CAD,0
EXR.M.CAD.EUR.SP00.A,M,CAD,EUR,SP00,A,2022-12,1.4378619047619,A,F,,,P1M,,A,,,,,,,99Q1=100,,,4,,4F0,,Canadian dollar/Euro ECB reference exchange rate,"ECB reference exchange rate, Canadian dollar/Euro, 2.15 pm (C.E.T.)",CAD,0
EXR.M.CAD.EUR.SP00.A,M,CAD,EUR,SP00,A,2023-01,1.4474090909091,A,F,,,P1M,,A,,,,,,,99Q1=100,,,4,,4F0,,Canadian dollar/Euro ECB reference exchange rate,"ECB reference exchange rate, Canadian dollar/Euro, 2.15 pm (C.E.T.)",CAD,0
EXR.M.CAD.EUR.SP00.A,M,CAD,EUR,SP00,A,2023-02,1.43996,A,F,,,P1M,,A,,,,,,,99Q1=100,,,4,,4F0,,Canadian dollar/Euro ECB reference exchange rate,"ECB reference exchange rate, Canadian dollar/Euro, 2.15 pm (C.E.T.)",CAD,0
EXR.M.CAD.EUR.SP00.A,M,CAD,EUR,SP00,A,2023-03,1.4648695652174,A,F,,,P1M,,A,,,,,,,99Q1=100,,,4,,4F0,,Canadian dollar/Euro ECB reference exchange rate,"ECB reference exchange rate, Canadian dollar/Euro, 2.15 pm (C.E.T.)",CAD,0
EXR.M.CAD.EUR.SP00.A,M,CAD,EUR,SP00,A,2023-04,1.4791611111111,A,F,,,P1M,,A,,,,,,,99Q1=100,,,4,,4F0,,Canadian dollar/Euro ECB reference exchange rate,"ECB reference exchange rate, Canadian dollar/Euro, 2.15 pm (C.E.T.)",CAD,0
EXR.M.CAD.EUR.SP00.A,M,CAD,EUR,SP00,A,2023-05,1.4687272727273,A,F,,,P1M,,A,,,,,,,99Q1=100,,,4,,4F0,,Canadian dollar/Euro ECB reference exchange rate,"ECB reference exchange rate, Canadian dollar/Euro, 2.15 pm (C.E.T.)",CAD,0
EXR.M.CAD.EUR.SP00.A,M,CAD,EUR,SP00,A,2023-06,1.4413954545455,A,F,,,P1M,,A,,,,,,,99Q1=100,,,4,,4F0,,Canadian dollar/Euro ECB reference exchange rate,"ECB reference exchange rate, Canadian dollar/Euro, 2.15 pm (C.E.T.)",CAD,0
EXR.M.CAD.EUR.SP00.A,M,CAD,EUR,SP00,A,2023-07,1.4617571428571,A,F,,,P1M,,A,,,,,,,99Q1=100,,,4,,4F0,,Canadian dollar/Euro ECB reference exchange rate,"ECB reference exchange rate, Canadian dollar/Euro, 2.15 pm (C.E.T.)",CAD,0
EXR.M.CAD.EUR.SP00.A,M,CAD,EUR,SP00,A,2023-08,1.4703391304348,A,F,,,P1M,,A,,,,,,,99Q1=100,,,4,,4F0,,Canadian dollar/Euro ECB reference exchange rate,"ECB reference exchange rate, Canadian dollar/Euro, 2.15 pm (C.E.T.)",CAD,0
EXR.M.CAD.EUR.SP00.A,M,CAD,EUR,SP00,A,2023-09,1.4457761904762,A,F,,,P1M,,A,,,,,,,99Q1=100,,,4,,4F0,,Canadian dollar/Euro ECB reference exchange rate,"ECB reference exchange rate, Canadian dollar/Euro, 2.15 pm (C.E.T.)",CAD,0
EXR.M.CAD.EUR.SP00.A,M,CAD,EUR,SP00,A,2023-10,1.4474409090909,A,F,,,P1M,,A,,,,,,,99Q1=100,,,4,,4F0,,Canadian dollar/Euro ECB reference exchange rate,"ECB reference exchange rate, Canadian dollar/Euro, 2.15 pm (C.E.T.)",CAD,0
EXR.M.CAD.EUR.SP00.A,M,CAD,EUR,SP00,A,2023-11,1.4827954545455,A,F,,,P1M,,A,,,,,,,99Q1=100,,,4,,4F0,,Canadian dollar/Euro ECB reference exchange rate,"ECB reference exchange rate, Canadian dollar/Euro, 2.15 pm (C.E.T.)",CAD,0
EXR.M.CAD.EUR.SP00.A,M,CAD,EUR,SP00,A,2023-12,1.4653421052632,A,F,,,P1M,,A,,,,,,,99Q1=100,,,4,,4F0,,Canadian dollar/Euro ECB reference exchange rate,"ECB reference exchange rate, Canadian dollar/Euro, 2.15 pm (C.E.T.)",CAD,0
EXR.M.CAD.EUR.SP00.A,M,CAD,EUR,SP00,A,2024-01,1.4631,A,F,,,P1M,,A,,,,,,,99Q1=100,,,4,,4F0,,Canadian dollar/Euro ECB reference exchange rate,"ECB reference exchange rate, Canadian dollar/Euro, 2.15 pm (C.E.T.)",CAD,0
EXR.M.CAD.EUR.SP00.A,M,CAD,EUR,SP00,A,2024-02,1.4564428571429,A,F,,,P1M,,A,,,,,,,99Q1=100,,,4,,4F0,,Canadian dollar/Euro ECB reference exchange rate,"ECB reference exchange rate, Canadian dollar/Euro, 2.15 pm (C.E.T.)",CAD,0
EXR.M.CAD.EUR.SP00.A,M,CAD,EUR,SP00,A,2024-03,1.472605,A,F,,,P1M,,A,,,,,,,99Q1=100,,,4,,4F0,,Canadian dollar/Euro ECB reference exchange rate,"ECB reference exchange rate, Canadian dollar/Euro, 2.15 pm (C.E.T.)",CAD,0
EXR.M.CAD.EUR.SP00.A,M,CAD,EUR,SP00,A,2024-04,1.4660857142857,A,F,,,P1M,,A,,,,,,,99Q1=100,,,4,,4F0,,Canadian dollar/Euro ECB reference exchange rate,"ECB reference exchange rate, Canadian dollar/Euro, 2.15 pm (C.E.T.)",CAD,0
EXR.M.CAD.EUR.SP00.A,M,CAD,EUR,SP00,A,2024-05,1.4779636363636,A,F,,,P1M,,A,,,,,,,99Q1=100,,,4,,4F0,,Canadian dollar/Euro ECB reference exchange rate,"ECB reference exchange rate, Canadian dollar/Euro, 2.15 pm (C.E.T.)",CAD,0
EXR.M.CAD.EUR.SP00.A,M,CAD,EUR,SP00,A,2024-06,1.474975,A,F,,,P1M,,A,,,,,,,99Q1=100,,,4,,4F0,,Canadian dollar/Euro ECB reference exchange rate,"ECB reference exchange rate, Canadian dollar/Euro, 2.15 pm (C.E.T.)",CAD,0
EXR.M.CAD.EUR.SP00.A,M,CAD,EUR,SP00,A,2024-07,1.4868260869565,A,F,,,P1M,,A,,,,,,,99Q1=100,,,4,,4F0,,Canadian dollar/Euro ECB reference exchange rate,"ECB reference exchange rate, Canadian dollar/Euro, 2.15 pm (C.E.T.)",CAD,0
EXR.M.CAD.EUR.SP00.A,M,CAD,EUR,SP00,A,2024-08,1.5049318181818,A,F,,,P1M,,A,,,,,,,99Q1=100,,,4,,4F0,,Canadian dollar/Euro ECB reference exchange rate,"ECB reference exchange rate, Canadian dollar/Euro, 2.15 pm (C.E.T.)",CAD,0
EXR.M.CAD.EUR.SP00.A,M,CAD,EUR,SP00,A,2024-09,1.5036714285714,A,F,,,P1M,,A,,,,,,,99Q1=100,,,4,,4F0,,Canadian dollar/Euro ECB reference exchange rate,"ECB reference exchange rate, Canadian dollar/Euro, 2.15 pm (C.E.T.)",CAD,0
EXR.M.CAD.EUR.SP00.A,M,CAD,EUR,SP00,A,2024-10,1.4992913043478,A,F,,,P1M,,A,,,,,,,99Q1=100,,,4,,4F0,,Canadian dollar/Euro ECB reference exchange rate,"ECB reference exchange rate, Canadian dollar/Euro, 2.15 pm (C.E.T.)",CAD,0
EXR.M.CAD.EUR.SP00.A,M,CAD,EUR,SP00,A,2024-11,1.4855142857143,A,F,,,P1M,,A,,,,,,,99Q1=100,,,4,,4F0,,Canadian dollar/Euro ECB reference exchange rate,"ECB reference exchange rate, Canadian dollar/Euro, 2.15 pm (C.E.T.)",CAD,0
EXR.M.CAD.EUR.SP00.A,M,CAD,EUR,SP00,A,2024-12,1.491505,A,F,,,P1M,,A,,,,,,,99Q1=100,,,4,,4F0,,Canadian dollar/Euro ECB reference exchange rate,"ECB reference exchange rate, Canadian dollar/Euro, 2.15 pm (C.E.T.)",CAD,0
EXR.M.CAD.EUR.SP00.A,M,CAD,EUR,SP00,A,2025-01,1.4903681818182,A,F,,,P1M,,A,,,,,,,99Q1=100,,,4,,4F0,,Canadian dollar/Euro ECB reference exchange rate,"ECB reference exchange rate, Canadian dollar/Euro, 2.15 pm (C.E.T.)",CAD,0
EXR.M.CAD.EUR.SP00.A,M,CAD,EUR,SP00,A,2025-02,1.489335,A,F,,,P1M,,A,,,,,,,99Q1=100,,,4,,4F0,,Canadian dollar/Euro ECB reference exchange rate,"ECB reference exchange rate, Canadian dollar/Euro, 2.15 pm (C.E.T.)",CAD,0
EXR.M.CAD.EUR.SP00.A,M,CAD,EUR,SP00,A,2025-03,1.5518142857143,A,F,,,P1M,,A,,,,,,,99Q1=100,,,4,,4F0,,Canadian dollar/Euro ECB reference exchange rate,"ECB reference exchange rate, Canadian dollar/Euro, 2.15 pm (C.E.T.)",CAD,0
EXR.M.CAD.EUR.SP00.A,M,CAD,EUR,SP00,A,2025-04,1.570105,A,F,,,P1M,,A,,,,,,,99Q1=100,,,4,,4F0,,Canadian dollar/Euro ECB reference exchange rate,"ECB reference exchange rate, Canadian dollar/Euro, 2.15 pm (C.E.T.)",CAD,0
EXR.M.CAD.EUR.SP00.A,M,CAD,EUR,SP00,A,2025-05,1.5645952380952384,A,F,,,P1M,,A,,,,,,,99Q1=100,,,4,,4F0,,Canadian dollar/Euro ECB reference exchange rate,"ECB reference exchange rate, Canadian dollar/Euro, 2.15 pm (C.E.T.)",CAD,0
EXR.M.CAD.EUR.SP00.A,M,CAD,EUR,SP00,A,2025-06,1.5753809523809523,A,F,,,P1M,,A,,,,,,,99Q1=100,,,4,,4F0,,Canadian dollar/Euro ECB reference exchange rate,"ECB reference exchange rate, Canadian dollar/Euro, 2.15 pm (C.E.T.)",CAD,0
EXR.M.CAD.EUR.SP00.A,M,CAD,EUR,SP00,A,2025-07,1.5981869565217395,A,F,,,P1M,,A,,,,,,,99Q1=100,,,4,,4F0,,Canadian dollar/Euro ECB reference exchange rate,"ECB reference exchange rate, Canadian dollar/Euro, 2.15 pm (C.E.T.)",CAD,0
EXR.M.CAD.EUR.SP00.A,M,CAD,EUR,SP00,A,2025-08,1.6056952380952378,A,F,,,P1M,,A,,,,,,,99Q1=100,,,4,,4F0,,Canadian dollar/Euro ECB reference exchange rate,"ECB reference exchange rate, Canadian dollar/Euro, 2.15 pm (C.E.T.)",CAD,0
EXR.M.CAD.EUR.SP00.A,M,CAD,EUR,SP00,A,2025-09,1.62265,A,F,,,P1M,,A,,,,,,,99Q1=100,,,4,,4F0,,Canadian dollar/Euro ECB reference exchange rate,"ECB reference exchange rate, Canadian dollar/Euro, 2.15 pm (C.E.T.)",CAD,0
EXR.M.CAD.EUR.SP00.A,M,CAD,EUR,SP00,A,2025-10,1.6280260869565215,A,F,,,P1M,,A,,,,,,,99Q1=100,,,4,,4F0,,Canadian dollar/Euro ECB reference exchange rate,"ECB reference exchange rate, Canadian dollar/Euro, 2.15 pm (C.E.T.)",CAD,0
EXR.M.CAD.EUR.SP00.A,M,CAD,EUR,SP00,A,2025-11,1.6248200000000002,A,F,,,P1M,,A,,,,,,,99Q1=100,,,4,,4F0,,Canadian dollar/Euro ECB reference exchange rate,"ECB reference exchange rate, Canadian dollar/Euro, 2.15 pm (C.E.T.)",CAD,0
EXR.M.CAD.EUR.SP00.A,M,CAD,EUR,SP00,A,2025-12,1.6168333333333336,A,F,,,P1M,,A,,,,,,,99Q1=100,,,4,,4F0,,Canadian dollar/Euro ECB reference exchange rate,"ECB reference exchange rate, Canadian dollar/Euro, 2.15 pm (C.E.T.)",CAD,0
EXR.M.CHF.EUR.SP00.A,M,CHF,EUR,SP00,A,2020-12,1.0813909090909,A,F,,,P1M,,A,,,,,,,99Q1=100,,,4,,4F0,,Swiss franc/Euro ECB reference exchange rate,"ECB reference exchange rate, Swiss franc/Euro, 2.15 pm (C.E.T.)",CHF,0
EXR.M.CHF.EUR.SP00.A,M,CHF,EUR,SP00,A,2021-01,1.079365,A,F,,,P1M,,A,,,,,,,99Q1=100,,,4,,4F0,,Swiss franc/Euro ECB reference exchange rate,"ECB reference exchange rate, Swiss franc/Euro, 2.15 pm (C.E.T.)",CHF,0
EXR.M.CHF.EUR.SP00.A,M,CHF,EUR,SP00,A,2021-02,1.085765,A,F,,,P1M,,A,,,,,,,99Q1=100,,,4,,4F0,,Swiss franc/Euro ECB reference exchange rate,"ECB reference exchange rate, Swiss franc/Euro, 2.15 pm (C.E.T.)",CHF,0
EXR.M.CHF.EUR.SP00.A,M,CHF,EUR,SP00,A,2021-03,1.1064695652174,A,F,,,P1M,,A,,,,,,,99Q1=100,,,4,,4F0,,Swiss franc/Euro ECB reference exchange rate,"ECB reference exchange rate, Swiss franc/Euro, 2.15 pm (C.E.T.)",CHF,0
EXR.M.CHF.EUR.SP00.A,M,CHF,EUR,SP00,A,2021-04,1.10313,A,F,,,P1M,,A,,,,,,,99Q1=100,,,4,,4F0,,Swiss franc/Euro ECB reference exchange rate,"ECB reference exchange rate, Swiss franc/Euro, 2.15 pm (C.E.T.)",CHF,0
EXR.M.CHF.EUR.SP00.A,M,CHF,EUR,SP00,A,2021-05,1.0968285714286,A,F,,,P1M,,A,,,,,,,99Q1=100,,,4,,4F0,,Swiss franc/Euro ECB reference exchange rate,"ECB reference exchange rate, Swiss franc/Euro, 2.15 pm (C.E.T.)",CHF,0
EXR.M.CHF.EUR.SP00.A,M,CHF,EUR,SP00,A,2021-06,1.094,A,F,,,P1M,,A,,,,,,,99Q1=100,,,4,,4F0,,Swiss franc/Euro ECB reference exchange rate,"ECB reference exchange rate, Swiss franc/Euro, 2.15 pm (C.E.T.)",CHF,0
EXR.M.CHF.EUR.SP00.A,M,CHF,EUR,SP00,A,2021-07,1.0855954545455,A,F,,,P1M,,A,,,,,,,99Q1=100,,,4,,4F0,,Swiss franc/Euro ECB reference exchange rate,"ECB reference exchange rate, Swiss franc/Euro, 2.15 pm (C.E.T.)",CHF,0
EXR.M.CHF.EUR.SP00.A,M,CHF,EUR,SP00,A,2021-08,1.0761772727273,A,F,,,P1M,,A,,,,,,,99Q1=100,,,4,,4F0,,Swiss franc/Euro ECB reference exchange rate,"ECB reference exchange rate, Swiss franc/Euro, 2.15 pm (C.E.T.)",CHF,0
EXR.M.CHF.EUR.SP00.A,M,CHF,EUR,SP00,A,2021-09,1.0857318181818,A,F,,,P1M,,A,,,,,,,99Q1=100,,,4,,4F0,,Swiss franc/Euro ECB reference exchange rate,"ECB reference exchange rate, Swiss franc/Euro, 2.15 pm (C.E.T.)",CHF,0
EXR.M.CHF.EUR.SP00.A,M,CHF,EUR,SP00,A,2021-10,1.070819047619,A,F,,,P1M,,A,,,,,,,99Q1=100,,,4,,4F0,,Swiss franc/Euro ECB reference exchange rate,"ECB reference exchange rate, Swiss franc/Euro, 2.15 pm (C.E.T.)",CHF,0
EXR.M.CHF.EUR.SP00.A,M,CHF,EUR,SP00,A,2021-11,1.0522454545455,A,F,,,P1M,,A,,,,,,,99Q1=100,,,4,,4F0,,Swiss franc/Euro ECB reference exchange rate,"ECB reference exchange rate, Swiss franc/Euro, 2.15 pm (C.E.T.)",CHF,0
EXR.M.CHF.EUR.SP00.A,M,CHF,EUR,SP00,A,2021-12,1.0408130434783,A,F,,,P1M,,A,,,,,,,99Q1=100,,,4,,4F0,,Swiss franc/Euro ECB reference exchange rate,"ECB reference exchange rate, Swiss franc/Euro, 2.15 pm (C.E.T.)",CHF,0
EXR.M.CHF.EUR.SP00.A,M,CHF,EUR,SP00,A,2022-01,1.0400761904762,A,F,,,P1M,,A,,,,,,,99Q1=100,,,4,,4F0,,Swiss franc/Euro ECB reference exchange rate,"ECB reference exchange rate, Swiss franc/Euro, 2.15 pm (C.E.T.)",CHF,0
EXR.M.CHF.EUR.SP00.A,M,CHF,EUR,SP00,A,2022-02,1.046145,A,F,,,P1M,,A,,,,,,,99Q1=100,,,4,,4F0,,Swiss franc/Euro ECB reference exchange rate,"ECB reference exchange rate, Swiss franc/Euro, 2.15 pm (C.E.T.)",CHF,0
EXR.M.CHF.EUR.SP00.A,M,CHF,EUR,SP00,A,2022-03,1.0245391304348,A,F,,,P1M,,A,,,,,,,99Q1=100,,,4,,4F0,,Swiss franc/Euro ECB reference exchange rate,"ECB reference exchange rate, Swiss franc/Euro, 2.15 pm (C.E.T.)",CHF,0
EXR.M.CHF.EUR.SP00.A,M,CHF,EUR,SP00,A,2022-04,1.0210894736842,A,F,,,P1M,,A,,,,,,,99Q1=100,,,4,,4F0,,Swiss franc/Euro ECB reference exchange rate,"ECB reference exchange rate, Swiss franc/Euro, 2.15 pm (C.E.T.)",CHF,0
EXR.M.CHF.EUR.SP00.A,M,CHF,EUR,SP00,A,2022-05,1.0354590909091,A,F,,,P1M,,A,,,,,,,99Q1=100,,,4,,4F0,,Swiss franc/Euro ECB reference exchange rate,"ECB reference exchange rate, Swiss franc/Euro, 2.15 pm (C.E.T.)",CHF,0
EXR.M.CHF.EUR.SP00.A,M,CHF,EUR,SP00,A,2022-06,1.0244727272727,A,F,,,P1M,,A,,,,,,,99Q1=100,,,4,,4F0,,Swiss franc/Euro ECB reference exchange rate,"ECB reference exchange rate, Swiss franc/Euro, 2.15 pm (C.E.T.)",CHF,0
EXR.M.CHF.EUR.SP00.A,M,CHF,EUR,SP00,A,2022-07,0.9875857142857,A,F,,,P1M,,A,,,,,,,99Q1=100,,,4,,4F0,,Swiss franc/Euro ECB reference exchange rate,"ECB reference exchange rate, Swiss franc/Euro, 2.15 pm (C.E.T.)",CHF,0
EXR.M.CHF.EUR.SP00.A,M,CHF,EUR,SP00,A,2022-08,0.9690391304348,A,F,,,P1M,,A,,,,,,,99Q1=100,,,4,,4F0,,Swiss franc/Euro ECB reference exchange rate,"ECB reference exchange rate, Swiss franc/Euro, 2.15 pm (C.E.T.)",CHF,0
EXR.M.CHF.EUR.SP00.A,M,CHF,EUR,SP00,A,2022-09,0.9639636363636,A,F,,,P1M,,A,,,,,,,99Q1=100,,,4,,4F0,,Swiss franc/Euro ECB reference exchange rate,"ECB reference exchange rate, Swiss franc/Euro, 2.15 pm (C.E.T.)",CHF,0
EXR.M.CHF.EUR.SP00.A,M,CHF,EUR,SP00,A,2022-10,0.9790523809524,A,F,,,P1M,,A,,,,,,,99Q1=100,,,4,,4F0,,Swiss franc/Euro ECB reference exchange rate,"ECB reference exchange rate, Swiss franc/Euro, 2.15 pm (C.E.T.)",CHF,0
EXR.M.CHF.EUR.SP00.A,M,CHF,EUR,SP00,A,2022-11,0.9841545454545,A,F,,,P1M,,A,,,,,,,99Q1=100,,,4,,4F0,,Swiss franc/Euro ECB reference exchange rate,"ECB reference exchange rate, Swiss franc/Euro, 2.15 pm (C.E.T.)",CHF,0
EXR.M.CHF.EUR.SP00.A,M,CHF,EUR,SP00,A,2022-12,0.9864904761905,A,F,,,P1M,,A,,,,,,,99Q1=100,,,4,,4F0,,Swiss franc/Euro ECB reference exchange rate,"ECB reference exchange rate, Swiss franc/Euro, 2.15 pm (C.E.T.)",CHF,0
EXR.M.CHF.EUR.SP00.A,M,CHF,EUR,SP00,A,2023-01,0.9960909090909,A,F,,,P1M,,A,,,,,,,99Q1=100,,,4,,4F0,,Swiss franc/Euro ECB reference exchange rate,"ECB reference exchange rate, Swiss franc/Euro, 2.15 pm (C.E.T.)",CHF,0
EXR.M.CHF.EUR.SP00.A,M,CHF,EUR,SP00,A,2023-02,0.990485,A,F,,,P1M,,A,,,,,,,99Q1=100,,,4,,4F0,,Swiss franc/Euro ECB reference exchange rate,"ECB reference exchange rate, Swiss franc/Euro, 2.15 pm (C.E.T.)",CHF,0
EXR.M.CHF.EUR.SP00.A,M,CHF,EUR,SP00,A,2023-03,0.9907869565217,A,F,,,P1M,,A,,,,,,,99Q1=100,,,4,,4F0,,Swiss franc/Euro ECB reference exchange rate,"ECB reference exchange rate, Swiss franc/Euro, 2.15 pm (C.E.T.)",CHF,0
EXR.M.CHF.EUR.SP00.A,M,CHF,EUR,SP00,A,2023-04,0.9845611111111,A,F,,,P1M,,A,,,,,,,99Q1=100,,,4,,4F0,,Swiss franc/Euro ECB reference exchange rate,"ECB reference exchange rate, Swiss franc/Euro, 2.15 pm (C.E.T.)",CHF,0
EXR.M.CHF.EUR.SP00.A,M,CHF,EUR,SP00,A,2023-05,0.9750636363636,A,F,,,P1M,,A,,,,,,,99Q1=100,,,4,,4F0,,Swiss franc/Euro ECB reference exchange rate,"ECB reference exchange rate, Swiss franc/Euro, 2.15 pm (C.E.T.)",CHF,0
EXR.M.CHF.EUR.SP00.A,M,CHF,EUR,SP00,A,2023-06,0.9764,A,F,,,P1M,,A,,,,,,,99Q1=100,,,4,,4F0,,Swiss franc/Euro ECB reference exchange rate,"ECB reference exchange rate, Swiss franc/Euro, 2.15 pm (C.E.T.)",CHF,0
EXR.M.CHF.EUR.SP00.A,M,CHF,EUR,SP00,A,2023-07,0.9663142857143,A,F,,,P1M,,A,,,,,,,99Q1=100,,,4,,4F0,,Swiss franc/Euro ECB reference exchange rate,"ECB reference exchange rate, Swiss franc/Euro, 2.15 pm (C.E.T.)",CHF,0
EXR.M.CHF.EUR.SP00.A,M,CHF,EUR,SP00,A,2023-08,0.958752173913,A,F,,,P1M,,A,,,,,,,99Q1=100,,,4,,4F0,,Swiss franc/Euro ECB reference exchange rate,"ECB reference exchange rate, Swiss franc/Euro, 2.15 pm (C.E.T.)",CHF,0
EXR.M.CHF.EUR.SP00.A,M,CHF,EUR,SP00,A,2023-09,0.9599952380952,A,F,,,P1M,,A,,,,,,,99Q1=100,,,4,,4F0,,Swiss franc/Euro ECB reference exchange rate,"ECB reference exchange rate, Swiss franc/Euro, 2.15 pm (C.E.T.)",CHF,0
EXR.M.CHF.EUR.SP00.A,M,CHF,EUR,SP00,A,2023-10,0.9547318181818,A,F,,,P1M,,A,,,,,,,99Q1=100,,,4,,4F0,,Swiss franc/Euro ECB reference exchange rate,"ECB reference exchange rate, Swiss franc/Euro, 2.15 pm (C.E.T.)",CHF,0
EXR.M.CHF.EUR.SP00.A,M,CHF,EUR,SP00,A,2023-11,0.9634454545455,A,F,,,P1M,,A,,,,,,,99Q1=100,,,4,,4F0,,Swiss franc/Euro ECB reference exchange rate,"ECB reference exchange rate, Swiss franc/Euro, 2.15 pm (C.E.T.)",CHF,0
EXR.M.CHF.EUR.SP00.A,M,CHF,EUR,SP00,A,2023-12,0.9441315789474,A,F,,,P1M,,A,,,,,,,99Q1=100,,,4,,4F0,,Swiss franc/Euro ECB reference exchange rate,"ECB reference exchange rate, Swiss franc/Euro, 2.15 pm (C.E.T.)",CHF,0
EXR.M.CHF.EUR.SP00.A,M,CHF,EUR,SP00,A,2024-01,0.9368227272727,A,F,,,P1M,,A,,,,,,,99Q1=100,,,4,,4F0,,Swiss franc/Euro ECB reference exchange rate,"ECB reference exchange rate, Swiss franc/Euro, 2.15 pm (C.E.T.)",CHF,0
EXR.M.CHF.EUR.SP00.A,M,CHF,EUR,SP00,A,2024-02,0.946219047619,A,F,,,P1M,,A,,,,,,,99Q1=100,,,4,,4F0,,Swiss franc/Euro ECB reference exchange rate,"ECB reference exchange rate, Swiss franc/Euro, 2.15 pm (C.E.T.)",CHF,0
EXR.M.CHF.EUR.SP00.A,M,CHF,EUR,SP00,A,2024-03,0.965565,A,F,,,P1M,,A,,,,,,,99Q1=100,,,4,,4F0,,Swiss franc/Euro ECB reference exchange rate,"ECB reference exchange rate, Swiss franc/Euro, 2.15 pm (C.E.T.)",CHF,0
EXR.M.CHF.EUR.SP00.A,M,CHF,EUR,SP00,A,2024-04,0.9760666666667,A,F,,,P1M,,A,,,,,,,99Q1=100,,,4,,4F0,,Swiss franc/Euro ECB reference exchange rate,"ECB reference exchange rate, Swiss franc/Euro, 2.15 pm (C.E.T.)",CHF,0
EXR.M.CHF.EUR.SP00.A,M,CHF,EUR,SP00,A,2024-05,0.9830045454545,A,F,,,P1M,,A,,,,,,,99Q1=100,,,4,,4F0,,Swiss franc/Euro ECB reference exchange rate,"ECB reference exchange rate, Swiss franc/Euro, 2.15 pm (C.E.T.)",CHF,0
EXR.M.CHF.EUR.SP00.A,M,CHF,EUR,SP00,A,2024-06,0.96155,A,F,,,P1M,,A,,,,,,,99Q1=100,,,4,,4F0,,Swiss franc/Euro ECB reference exchange rate,"ECB reference exchange rate, Swiss franc/Euro, 2.15 pm (C.E.T.)",CHF,0
EXR.M.CHF.EUR.SP00.A,M,CHF,EUR,SP00,A,2024-07,0.9676,A,F,,,P1M,,A,,,,,,,99Q1=100,,,4,,4F0,,Swiss franc/Euro ECB reference exchange rate,"ECB reference exchange rate, Swiss franc/Euro, 2.15 pm (C.E.T.)",CHF,0
EXR.M.CHF.EUR.SP00.A,M,CHF,EUR,SP00,A,2024-08,0.9450090909091,A,F,,,P1M,,A,,,,,,,99Q1=100,,,4,,4F0,,Swiss franc/Euro ECB reference exchange rate,"ECB reference exchange rate, Swiss franc/Euro, 2.15 pm (C.E.T.)",CHF,0
EXR.M.CHF.EUR.SP00.A,M,CHF,EUR,SP00,A,2024-09,0.9413571428571,A,F,,,P1M,,A,,,,,,,99Q1=100,,,4,,4F0,,Swiss franc/Euro ECB reference exchange rate,"ECB reference exchange rate, Swiss franc/Euro, 2.15 pm (C.E.T.)",CHF,0
EXR.M.CHF.EUR.SP00.A,M,CHF,EUR,SP00,A,2024-10,0.9385826086957,A,F,,,P1M,,A,,,,,,,99Q1=100,,,4,,4F0,,Swiss franc/Euro ECB reference exchange rate,"ECB reference exchange rate, Swiss franc/Euro, 2.15 pm (C.E.T.)",CHF,0
EXR.M.CHF.EUR.SP00.A,M,CHF,EUR,SP00,A,2024-11,0.9355380952381,A,F,,,P1M,,A,,,,,,,99Q1=100,,,4,,4F0,,Swiss franc/Euro ECB reference exchange rate,"ECB reference exchange rate, Swiss franc/Euro, 2.15 pm (C.E.T.)",CHF,0
EXR.M.CHF.EUR.SP00.A,M,CHF,EUR,SP00,A,2024-12,0.933925,A,F,,,P1M,,A,,,,,,,99Q1=100,,,4,,4F0,,Swiss franc/Euro ECB reference exchange rate,"ECB reference exchange rate, Swiss franc/Euro, 2.15 pm (C.E.T.)",CHF,0
EXR.M.CHF.EUR.SP00.A,M,CHF,EUR,SP00,A,2025-01,0.9413954545455,A,F,,,P1M,,A,,,,,,,99Q1=100,,,4,,4F0,,Swiss franc/Euro ECB reference exchange rate,"ECB reference exchange rate, Swiss franc/Euro, 2.15 pm (C.E.T.)",CHF,0
EXR.M.CHF.EUR.SP00.A,M,CHF,EUR,SP00,A,2025-02,0.941345,A,F,,,P1M,,A,,,,,,,99Q1=100,,,4,,4F0,,Swiss franc/Euro ECB reference exchange rate,"ECB reference exchange rate, Swiss franc/Euro, 2.15 pm (C.E.T.)",CHF,0
EXR.M.CHF.EUR.SP00.A,M,CHF,EUR,SP00,A,2025-03,0.9547619047619,A,F,,,P1M,,A,,,,,,,99Q1=100,,,4,,4F0,,Swiss franc/Euro ECB reference exchange rate,"ECB reference exchange rate, Swiss franc/Euro, 2.15 pm (C.E.T.)",CHF,0
EXR.M.CHF.EUR.SP00.A,M,CHF,EUR,SP00,A,2025-04,0.9369949999999999,A,F,,,P1M,,A,,,,,,,99Q1=100,,,4,,4F0,,Swiss franc/Euro ECB reference exchange rate,"ECB reference exchange rate, Swiss franc/Euro, 2.15 pm (C.E.T.)",CHF,0
EXR.M.CHF.EUR.SP00.A,M,CHF,EUR,SP00,A,2025-05,0.935604761904762,A,F,,,P1M,,A,,,,,,,99Q1=100,,,4,,4F0,,Swiss franc/Euro ECB reference exchange rate,"ECB reference exchange rate, Swiss franc/Euro, 2.15 pm (C.E.T.)",CHF,0
EXR.M.CHF.EUR.SP00.A,M,CHF,EUR,SP00,A,2025-06,0.9380333333333335,A,F,,,P1M,,A,,,,,,,99Q1=100,,,4,,4F0,,Swiss franc/Euro ECB reference exchange rate,"ECB reference exchange rate, Swiss franc/Euro, 2.15 pm (C.E.T.)",CHF,0
EXR.M.CHF.EUR.SP00.A,M,CHF,EUR,SP00,A,2025-07,0.9324695652173913,A,F,,,P1M,,A,,,,,,,99Q1=100,,,4,,4F0,,Swiss franc/Euro ECB reference exchange rate,"ECB reference exchange rate, Swiss franc/Euro, 2.15 pm (C.E.T.)",CHF,0
EXR.M.CHF.EUR.SP00.A,M,CHF,EUR,SP00,A,2025-08,0.9386666666666665,A,F,,,P1M,,A,,,,,,,99Q1=100,,,4,,4F0,,Swiss franc/Euro ECB reference exchange rate,"ECB reference exchange rate, Swiss franc/Euro, 2.15 pm (C.E.T.)",CHF,0
EXR.M.CHF.EUR.SP00.A,M,CHF,EUR,SP00,A,2025-09,0.9349590909090907,A,F,,,P1M,,A,,,,,,,99Q1=100,,,4,,4F0,,Swiss franc/Euro ECB reference exchange rate,"ECB reference exchange rate, Swiss franc/Euro, 2.15 pm (C.E.T.)",CHF,0
EXR.M.CHF.EUR.SP00.A,M,CHF,EUR,SP00,A,2025-10,0.9289304347826091,A,F,,,P1M,,A,,,,,,,99Q1=100,,,4,,4F0,,Swiss franc/Euro ECB reference exchange rate,"ECB reference exchange rate, Swiss franc/Euro, 2.15 pm (C.E.T.)",CHF,0
EXR.M.CHF.EUR.SP00.A,M,CHF,EUR,SP00,A,2025-11,0.9289649999999996,A,F,,,P1M,,A,,,,,,,99Q1=100,,,4,,4F0,,Swiss franc/Euro ECB reference exchange rate,"ECB reference exchange rate, Swiss franc/Euro, 2.15 pm (C.E.T.)",CHF,0
EXR.M.CHF.EUR.SP00.A,M,CHF,EUR,SP00,A,2025-12,0.9331619047619047,A,F,,,P1M,,A,,,,,,,99Q1=100,,,4,,4F0,,Swiss franc/Euro ECB reference exchange rate,"ECB reference exchange rate, Swiss franc/Euro, 2.15 pm (C.E.T.)",CHF,0
EXR.M.DKK.EUR.SP00.A,M,DKK,EUR,SP00,A,2020-12,7.4412136363636,A,F,,,P1M,,A,,,,,,,99Q1=100,,,4,,4F0,,Danish krone/Euro ECB reference exchange rate,"ECB reference exchange rate, Danish krone/Euro, 2.15 pm (C.E.T.)",DKK,0
EXR.M.DKK.EUR.SP00.A,M,DKK,EUR,SP00,A,2021-01,7.438665,A,F,,,P1M,,A,,,,,,,99Q1=100,,,4,,4F0,,Danish krone/Euro ECB reference exchange rate,"ECB reference exchange rate, Danish krone/Euro, 2.15 pm (C.E.T.)",DKK,0
EXR.M.DKK.EUR.SP00.A,M,DKK,EUR,SP00,A,2021-02,7.43674,A,F,,,P1M,,A,,,,,,,99Q1=100,,,4,,4F0,,Danish krone/Euro ECB reference exchange rate,"ECB reference exchange rate, Danish krone/Euro, 2.15 pm (C.E.T.)",DKK,0
EXR.M.DKK.EUR.SP00.A,M,DKK,EUR,SP00,A,2021-03,7.4362695652174,A,F,,,P1M,,A,,,,,,,99Q1=100,,,4,,4F0,,Danish krone/Euro ECB reference exchange rate,"ECB reference exchange rate, Danish krone/Euro, 2.15 pm (C.E.T.)",DKK,0
EXR.M.DKK.EUR.SP00.A,M,DKK,EUR,SP00,A,2021-04,7.436745,A,F,,,P1M,,A,,,,,,,99Q1=100,,,4,,4F0,,Danish krone/Euro ECB reference exchange rate,"ECB reference exchange rate, Danish krone/Euro, 2.15 pm (C.E.T.)",DKK,0
EXR.M.DKK.EUR.SP00.A,M,DKK,EUR,SP00,A,2021-05,7.4362142857143,A,F,,,P1M,,A,,,,,,,99Q1=100,,,4,,4F0,,Danish krone/Euro ECB reference exchange rate,"ECB reference exchange rate, Danish krone/Euro, 2.15 pm (C.E.T.)",DKK,0
EXR.M.DKK.EUR.SP00.A,M,DKK,EUR,SP00,A,2021-06,7.4364318181818,A,F,,,P1M,,A,,,,,,,99Q1=100,,,4,,4F0,,Danish krone/Euro ECB reference exchange rate,"ECB reference exchange rate, Danish krone/Euro, 2.15 pm (C.E.T.)",DKK,0
EXR.M.DKK.EUR.SP00.A,M,DKK,EUR,SP00,A,2021-07,7.4372727272727,A,F,,,P1M,,A,,,,,,,99Q1=100,,,4,,4F0,,Danish krone/Euro ECB reference exchange rate,"ECB reference exchange rate, Danish krone/Euro, 2.15 pm (C.E.T.)",DKK,0
EXR.M.DKK.EUR.SP00.A,M,DKK,EUR,SP00,A,2021-08,7.4368636363636,A,F,,,P1M,,A,,,,,,,99Q1=100,,,4,,4F0,,Danish krone/Euro ECB reference exchange rate,"ECB reference exchange rate, Danish krone/Euro, 2.15 pm (C.E.T.)",DKK,0
EXR.M.DKK.EUR.SP00.A,M,DKK,EUR,SP00,A,2021-09,7.4360727272727,A,F,,,P1M,,A,,,,,,,99Q1=100,,,4,,4F0,,Danish krone/Euro ECB reference exchange rate,"ECB reference exchange rate, Danish krone/Euro, 2.15 pm (C.E.T.)",DKK,0
EXR.M.DKK.EUR.SP00.A,M,DKK,EUR,SP00,A,2021-10,7.4397904761905,A,F,,,P1M,,A,,,,,,,99Q1=100,,,4,,4F0,,Danish krone/Euro ECB reference exchange rate,"ECB reference exchange rate, Danish krone/Euro, 2.15 pm (C.E.T.)",DKK,0
EXR.M.DKK.EUR.SP00.A,M,DKK,EUR,SP00,A,2021-11,7.4372863636364,A,F,,,P1M,,A,,,,,,,99Q1=100,,,4,,4F0,,Danish krone/Euro ECB reference exchange rate,"ECB reference exchange rate, Danish krone/Euro, 2.15 pm (C.E.T.)",DKK,0
EXR.M.DKK.EUR.SP00.A,M,DKK,EUR,SP00,A,2021-12,7.4362434782609,A,F,,,P1M,,A,,,,,,,99Q1=100,,,4,,4F0,,Danish krone/Euro ECB reference exchange rate,"ECB reference exchange rate, Danish krone/Euro, 2.15 pm (C.E.T.)",DKK,0
EXR.M.DKK.EUR.SP00.A,M,DKK,EUR,SP00,A,2022-01,7.4410571428571,A,F,,,P1M,,A,,,,,,,99Q1=100,,,4,,4F0,,Danish krone/Euro ECB reference exchange rate,"ECB reference exchange rate, Danish krone/Euro, 2.15 pm (C.E.T.)",DKK,0
EXR.M.DKK.EUR.SP00.A,M,DKK,EUR,SP00,A,2022-02,7.44079,A,F,,,P1M,,A,,,,,,,99Q1=100,,,4,,4F0,,Danish krone/Euro ECB reference exchange rate,"ECB reference exchange rate, Danish krone/Euro, 2.15 pm (C.E.T.)",DKK,0
EXR.M.DKK.EUR.SP00.A,M,DKK,EUR,SP00,A,2022-03,7.4403565217391,A,F,,,P1M,,A,,,,,,,99Q1=100,,,4,,4F0,,Danish krone/Euro ECB reference exchange rate,"ECB reference exchange rate, Danish krone/Euro, 2.15 pm (C.E.T.)",DKK,0
EXR.M.DKK.EUR.SP00.A,M,DKK,EUR,SP00,A,2022-04,7.4391052631579,A,F,,,P1M,,A,,,,,,,99Q1=100,,,4,,4F0,,Danish krone/Euro ECB reference exchange rate,"ECB reference exchange rate, Danish krone/Euro, 2.15 pm (C.E.T.)",DKK,0
EXR.M.DKK.EUR.SP00.A,M,DKK,EUR,SP00,A,2022-05,7.4405,A,F,,,P1M,,A,,,,,,,99Q1=100,,,4,,4F0,,Danish krone/Euro ECB reference exchange rate,"ECB reference exchange rate, Danish krone/Euro, 2.15 pm (C.E.T.)",DKK,0
EXR.M.DKK.EUR.SP00.A,M,DKK,EUR,SP00,A,2022-06,7.4392,A,F,,,P1M,,A,,,,,,,99Q1=100,,,4,,4F0,,Danish krone/Euro ECB reference exchange rate,"ECB reference exchange rate, Danish krone/Euro, 2.15 pm (C.E.T.)",DKK,0
EXR.M.DKK.EUR.SP00.A,M,DKK,EUR,SP00,A,2022-07,7.4426285714286,A,F,,,P1M,,A,,,,,,,99Q1=100,,,4,,4F0,,Danish krone/Euro ECB reference exchange rate,"ECB reference exchange rate, Danish krone/Euro, 2.15 pm (C.E.T.)",DKK,0
EXR.M.DKK.EUR.SP00.A,M,DKK,EUR,SP00,A,2022-08,7.4393,A,F,,,P1M,,A,,,,,,,99Q1=100,,,4,,4F0,,Danish krone/Euro ECB reference exchange rate,"ECB reference exchange rate, Danish krone/Euro, 2.15 pm (C.E.T.)",DKK,0
EXR.M.DKK.EUR.SP00.A,M,DKK,EUR,SP00,A,2022-09,7.4366318181818,A,F,,,P1M,,A,,,,,,,99Q1=100,,,4,,4F0,,Danish krone/Euro ECB reference exchange rate,"ECB reference exchange rate, Danish krone/Euro, 2.15 pm (C.E.T.)",DKK,0
EXR.M.DKK.EUR.SP00.A,M,DKK,EUR,SP00,A,2022-10,7.4389285714286,A,F,,,P1M,,A,,,,,,,99Q1=100,,,4,,4F0,,Danish krone/Euro ECB reference exchange rate,"ECB reference exchange rate, Danish krone/Euro, 2.15 pm (C.E.T.)",DKK,0
EXR.M.DKK.EUR.SP00.A,M,DKK,EUR,SP00,A,2022-11,7.4387318181818,A,F,,,P1M,,A,,,,,,,99Q1=100,,,4,,4F0,,Danish krone/Euro ECB reference exchange rate,"ECB reference exchange rate, Danish krone/Euro, 2.15 pm (C.E.T.)",DKK,0
EXR.M.DKK.EUR.SP00.A,M,DKK,EUR,SP00,A,2022-12,7.4376571428571,A,F,,,P1M,,A,,,,,,,99Q1=100,,,4,,4F0,,Danish krone/Euro ECB reference exchange rate,"ECB reference exchange rate, Danish krone/Euro, 2.15 pm (C.E.T.)",DKK,0
EXR.M.DKK.EUR.SP00.A,M,DKK,EUR,SP00,A,2023-01,7.4383090909091,A,F,,,P1M,,A,,,,,,,99Q1=100,,,4,,4F0,,Danish krone/Euro ECB reference exchange rate,"ECB reference exchange rate, Danish krone/Euro, 2.15 pm (C.E.T.)",DKK,0
EXR.M.DKK.EUR.SP00.A,M,DKK,EUR,SP00,A,2023-02,7.44472,A,F,,,P1M,,A,,,,,,,99Q1=100,,,4,,4F0,,Danish krone/Euro ECB reference exchange rate,"ECB reference exchange rate, Danish krone/Euro, 2.15 pm (C.E.T.)",DKK,0
EXR.M.DKK.EUR.SP00.A,M,DKK,EUR,SP00,A,2023-03,7.4456434782609,A,F,,,P1M,,A,,,,,,,99Q1=100,,,4,,4F0,,Danish krone/Euro ECB reference exchange rate,"ECB reference exchange rate, Danish krone/Euro, 2.15 pm (C.E.T.)",DKK,0
EXR.M.DKK.EUR.SP00.A,M,DKK,EUR,SP00,A,2023-04,7.4517944444444,A,F,,,P1M,,A,,,,,,,99Q1=100,,,4,,4F0,,Danish krone/Euro ECB reference exchange rate,"ECB reference exchange rate, Danish krone/Euro, 2.15 pm (C.E.T.)",DKK,0
EXR.M.DKK.EUR.SP00.A,M,DKK,EUR,SP00,A,2023-05,7.4485318181818,A,F,,,P1M,,A,,,,,,,99Q1=100,,,4,,4F0,,Danish krone/Euro ECB reference exchange rate,"ECB reference exchange rate, Danish krone/Euro, 2.15 pm (C.E.T.)",DKK,0
EXR.M.DKK.EUR.SP00.A,M,DKK,EUR,SP00,A,2023-06,7.4492318181818,A,F,,,P1M,,A,,,,,,,99Q1=100,,,4,,4F0,,Danish krone/Euro ECB reference exchange rate,"ECB reference exchange rate, Danish krone/Euro, 2.15 pm (C.E.T.)",DKK,0
EXR.M.DKK.EUR.SP00.A,M,DKK,EUR,SP00,A,2023-07,7.4507857142857,A,F,,,P1M,,A,,,,,,,99Q1=100,,,4,,4F0,,Danish krone/Euro ECB reference exchange rate,"ECB reference exchange rate, Danish krone/Euro, 2.15 pm (C.E.T.)",DKK,0
EXR.M.DKK.EUR.SP00.A,M,DKK,EUR,SP00,A,2023-08,7.452152173913,A,F,,,P1M,,A,,,,,,,99Q1=100,,,4,,4F0,,Danish krone/Euro ECB reference exchange rate,"ECB reference exchange rate, Danish krone/Euro, 2.15 pm (C.E.T.)",DKK,0
EXR.M.DKK.EUR.SP00.A,M,DKK,EUR,SP00,A,2023-09,7.456580952381,A,F,,,P1M,,A,,,,,,,99Q1=100,,,4,,4F0,,Danish krone/Euro ECB reference exchange rate,"ECB reference exchange rate, Danish krone/Euro, 2.15 pm (C.E.T.)",DKK,0
EXR.M.DKK.EUR.SP00.A,M,DKK,EUR,SP00,A,2023-10,7.4604181818182,A,F,,,P1M,,A,,,,,,,99Q1=100,,,4,,4F0,,Danish krone/Euro ECB reference exchange rate,"ECB reference exchange rate, Danish krone/Euro, 2.15 pm (C.E.T.)",DKK,0
EXR.M.DKK.EUR.SP00.A,M,DKK,EUR,SP00,A,2023-11,7.4580863636364,A,F,,,P1M,,A,,,,,,,99Q1=100,,,4,,4F0,,Danish krone/Euro ECB reference exchange rate,"ECB reference exchange rate, Danish krone/Euro, 2.15 pm (C.E.T.)",DKK,0
EXR.M.DKK.EUR.SP00.A,M,DKK,EUR,SP00,A,2023-12,7.4556368421053,A,F,,,P1M,,A,,,,,,,99Q1=100,,,4,,4F0,,Danish krone/Euro ECB reference exchange rate,"ECB reference exchange rate, Danish krone/Euro, 2.15 pm (C.E.T.)",DKK,0
EXR.M.DKK.EUR.SP00.A,M,DKK,EUR,SP00,A,2024-01,7.4572,A,F,,,P1M,,A,,,,,,,99Q1=100,,,4,,4F0,,Danish krone/Euro ECB reference exchange rate,"ECB reference exchange rate, Danish krone/Euro, 2.15 pm (C.E.T.)",DKK,0
EXR.M.DKK.EUR.SP00.A,M,DKK,EUR,SP00,A,2024-02,7.4549904761905,A,F,,,P1M,,A,,,,,,,99Q1=100,,,4,,4F0,,Danish krone/Euro ECB reference exchange rate,"ECB reference exchange rate, Danish krone/Euro, 2.15 pm (C.E.T.)",DKK,0
EXR.M.DKK.EUR.SP00.A,M,DKK,EUR,SP00,A,2024-03,7.456575,A,F,,,P1M,,A,,,,,,,99Q1=100,,,4,,4F0,,Danish krone/Euro ECB reference exchange rate,"ECB reference exchange rate, Danish krone/Euro, 2.15 pm (C.E.T.)",DKK,0
EXR.M.DKK.EUR.SP00.A,M,DKK,EUR,SP00,A,2024-04,7.4595904761905,A,F,,,P1M,,A,,,,,,,99Q1=100,,,4,,4F0,,Danish krone/Euro ECB reference exchange rate,"ECB reference exchange rate, Danish krone/Euro, 2.15 pm (C.E.T.)",DKK,0
EXR.M.DKK.EUR.SP00.A,M,DKK,EUR,SP00,A,2024-05,7.4605590909091,A,F,,,P1M,,A,,,,,,,99Q1=100,,,4,,4F0,,Danish krone/Euro ECB reference exchange rate,"ECB reference exchange rate, Danish krone/Euro, 2.15 pm (C.E.T.)",DKK,0
EXR.M.DKK.EUR.SP00.A,M,DKK,EUR,SP00,A,2024-06,7.45916,A,F,,,P1M,,A,,,,,,,99Q1=100,,,4,,4F0,,Danish krone/Euro ECB reference exchange rate,"ECB reference exchange rate, Danish krone/Euro, 2.15 pm (C.E.T.)",DKK,0
EXR.M.DKK.EUR.SP00.A,M,DKK,EUR,SP00,A,2024-07,7.4606,A,F,,,P1M,,A,,,,,,,99Q1=100,,,4,,4F0,,Danish krone/Euro ECB reference exchange rate,"ECB reference exchange rate, Danish krone/Euro, 2.15 pm (C.E.T.)",DKK,0
EXR.M.DKK.EUR.SP00.A,M,DKK,EUR,SP00,A,2024-08,7.4614454545455,A,F,,,P1M,,A,,,,,,,99Q1=100,,,4,,4F0,,Danish krone/Euro ECB reference exchange rate,"ECB reference exchange rate, Danish krone/Euro, 2.15 pm (C.E.T.)",DKK,0
EXR.M.DKK.EUR.SP00.A,M,DKK,EUR,SP00,A,2024-09,7.4599714285714,A,F,,,P1M,,A,,,,,,,99Q1=100,,,4,,4F0,,Danish krone/Euro ECB reference exchange rate,"ECB reference exchange rate, Danish krone/Euro, 2.15 pm (C.E.T.)",DKK,0
EXR.M.DKK.EUR.SP00.A,M,DKK,EUR,SP00,A,2024-10,7.4592652173913,A,F,,,P1M,,A,,,,,,,99Q1=100,,,4,,4F0,,Danish krone/Euro ECB reference exchange rate,"ECB reference exchange rate, Danish krone/Euro, 2.15 pm (C.E.T.)",DKK,0
EXR.M.DKK.EUR.SP00.A,M,DKK,EUR,SP00,A,2024-11,7.4582761904762,A,F,,,P1M,,A,,,,,,,99Q1=100,,,4,,4F0,,Danish krone/Euro ECB reference exchange rate,"ECB reference exchange rate, Danish krone/Euro, 2.15 pm (C.E.T.)",DKK,0
EXR.M.DKK.EUR.SP00.A,M,DKK,EUR,SP00,A,2024-12,7.45892,A,F,,,P1M,,A,,,,,,,99Q1=100,,,4,,4F0,,Danish krone/Euro ECB reference exchange rate,"ECB reference exchange rate, Danish krone/Euro, 2.15 pm (C.E.T.)",DKK,0
EXR.M.DKK.EUR.SP00.A,M,DKK,EUR,SP00,A,2025-01,7.4608954545455,A,F,,,P1M,,A,,,,,,,99Q1=100,,,4,,4F0,,Danish krone/Euro ECB reference exchange rate,"ECB reference exchange rate, Danish krone/Euro, 2.15 pm (C.E.T.)",DKK,0
EXR.M.DKK.EUR.SP00.A,M,DKK,EUR,SP00,A,2025-02,7.4592,A,F,,,P1M,,A,,,,,,,99Q1=100,,,4,,4F0,,Danish krone/Euro ECB reference exchange rate,"ECB reference exchange rate, Danish krone/Euro, 2.15 pm (C.E.T.)",DKK,0
EXR.M.DKK.EUR.SP00.A,M,DKK,EUR,SP00,A,2025-03,7.4596523809524,A,F,,,P1M,,A,,,,,,,99Q1=100,,,4,,4F0,,Danish krone/Euro ECB reference exchange rate,"ECB reference exchange rate, Danish krone/Euro, 2.15 pm (C.E.T.)",DKK,0
EXR.M.DKK.EUR.SP00.A,M,DKK,EUR,SP00,A,2025-04,7.464814999999999,A,F,,,P1M,,A,,,,,,,99Q1=100,,,4,,4F0,,Danish krone/Euro ECB reference exchange rate,"ECB reference exchange rate, Danish krone/Euro, 2.15 pm (C.E.T.)",DKK,0
EXR.M.DKK.EUR.SP00.A,M,DKK,EUR,SP00,A,2025-05,7.46,A,F,,,P1M,,A,,,,,,,99Q1=100,,,4,,4F0,,Danish krone/Euro ECB reference exchange rate,"ECB reference exchange rate, Danish krone/Euro, 2.15 pm (C.E.T.)",DKK,0
EXR.M.DKK.EUR.SP00.A,M,DKK,EUR,SP00,A,2025-06,7.459700000000001,A,F,,,P1M,,A,,,,,,,99Q1=100,,,4,,4F0,,Danish krone/Euro ECB reference exchange rate,"ECB reference exchange rate, Danish krone/Euro, 2.15 pm (C.E.T.)",DKK,0
EXR.M.DKK.EUR.SP00.A,M,DKK,EUR,SP00,A,2025-07,7.462517391304349,A,F,,,P1M,,A,,,,,,,99Q1=100,,,4,,4F0,,Danish krone/Euro ECB reference exchange rate,"ECB reference exchange rate, Danish krone/Euro, 2.15 pm (C.E.T.)",DKK,0
EXR.M.DKK.EUR.SP00.A,M,DKK,EUR,SP00,A,2025-08,7.463752380952381,A,F,,,P1M,,A,,,,,,,99Q1=100,,,4,,4F0,,Danish krone/Euro ECB reference exchange rate,"ECB reference exchange rate, Danish krone/Euro, 2.15 pm (C.E.T.)",DKK,0
EXR.M.DKK.EUR.SP00.A,M,DKK,EUR,SP00,A,2025-09,7.464386363636362,A,F,,,P1M,,A,,,,,,,99Q1=100,,,4,,4F0,,Danish krone/Euro ECB reference exchange rate,"ECB reference exchange rate, Danish krone/Euro, 2.15 pm (C.E.T.)",DKK,0
EXR.M.DKK.EUR.SP00.A,M,DKK,EUR,SP00,A,2025-10,7.468039130434784,A,F,,,P1M,,A,,,,,,,99Q1=100,,,4,,4F0,,Danish krone/Euro ECB reference exchange rate,"ECB reference exchange rate, Danish krone/Euro, 2.15 pm (C.E.T.)",DKK,0
EXR.M.DKK.EUR.SP00.A,M,DKK,EUR,SP00,A,2025-11,7.4679449999999985,A,F,,,P1M,,A,,,,,,,99Q1=100,,,4,,4F0,,Danish krone/Euro ECB reference exchange rate,"ECB reference exchange rate, Danish krone/Euro, 2.15 pm (C.E.T.)",DKK,0
EXR.M.DKK.EUR.SP00.A,M,DKK,EUR,SP00,A,2025-12,7.469633333333333,A,F,,,P1M,,A,,,,,,,99Q1=100,,,4,,4F0,,Danish krone/Euro ECB reference exchange rate,"ECB reference exchange rate, Danish krone/Euro, 2.15 pm (C.E.T.)",DKK,0
EXR.M.GBP.EUR.SP00.A,M,GBP,EUR,SP00,A,2020-12,0.9062440909091,A,F,,,P1M,,A,,,,,,,99Q1=100,,,5,,4F0,,Pound sterling/Euro ECB reference exchange rate,"ECB reference exchange rate, Pound sterling/Euro, 2.15 pm (C.E.T.)",GBP,0
EXR.M.GBP.EUR.SP00.A,M,GBP,EUR,SP00,A,2021-01,0.892665,A,F,,,P1M,,A,,,,,,,99Q1=100,,,5,,4F0,,Pound sterling/Euro ECB reference exchange rate,"ECB reference exchange rate, Pound sterling/Euro, 2.15 pm (C.E.T.)",GBP,0
EXR.M.GBP.EUR.SP00.A,M,GBP,EUR,SP00,A,2021-02,0.8726825,A,F,,,P1M,,A,,,,,,,99Q1=100,,,5,,4F0,,Pound sterling/Euro ECB reference exchange rate,"ECB reference exchange rate, Pound sterling/Euro, 2.15 pm (C.E.T.)",GBP,0
EXR.M.GBP.EUR.SP00.A,M,GBP,EUR,SP00,A,2021-03,0.858732173913,A,F,,,P1M,,A,,,,,,,99Q1=100,,,5,,4F0,,Pound sterling/Euro ECB reference exchange rate,"ECB reference exchange rate, Pound sterling/Euro, 2.15 pm (C.E.T.)",GBP,0
EXR.M.GBP.EUR.SP00.A,M,GBP,EUR,SP00,A,2021-04,0.8652685,A,F,,,P1M,,A,,,,,,,99Q1=100,,,5,,4F0,,Pound sterling/Euro ECB reference exchange rate,"ECB reference exchange rate, Pound sterling/Euro, 2.15 pm (C.E.T.)",GBP,0
EXR.M.GBP.EUR.SP00.A,M,GBP,EUR,SP00,A,2021-05,0.8625833333333,A,F,,,P1M,,A,,,,,,,99Q1=100,,,5,,4F0,,Pound sterling/Euro ECB reference exchange rate,"ECB reference exchange rate, Pound sterling/Euro, 2.15 pm (C.E.T.)",GBP,0
EXR.M.GBP.EUR.SP00.A,M,GBP,EUR,SP00,A,2021-06,0.8587204545455,A,F,,,P1M,,A,,,,,,,99Q1=100,,,5,,4F0,,Pound sterling/Euro ECB reference exchange rate,"ECB reference exchange rate, Pound sterling/Euro, 2.15 pm (C.E.T.)",GBP,0
EXR.M.GBP.EUR.SP00.A,M,GBP,EUR,SP00,A,2021-07,0.8561304545455,A,F,,,P1M,,A,,,,,,,99Q1=100,,,5,,4F0,,Pound sterling/Euro ECB reference exchange rate,"ECB reference exchange rate, Pound sterling/Euro, 2.15 pm (C.E.T.)",GBP,0
EXR.M.GBP.EUR.SP00.A,M,GBP,EUR,SP00,A,2021-08,0.8528736363636,A,F,,,P1M,,A,,,,,,,99Q1=100,,,5,,4F0,,Pound sterling/Euro ECB reference exchange rate,"ECB reference exchange rate, Pound sterling/Euro, 2.15 pm (C.E.T.)",GBP,0
EXR.M.GBP.EUR.SP00.A,M,GBP,EUR,SP00,A,2021-09,0.8568331818182,A,F,,,P1M,,A,,,,,,,99Q1=100,,,5,,4F0,,Pound sterling/Euro ECB reference exchange rate,"ECB reference exchange rate, Pound sterling/Euro, 2.15 pm (C.E.T.)",GBP,0
EXR.M.GBP.EUR.SP00.A,M,GBP,EUR,SP00,A,2021-10,0.8469442857143,A,F,,,P1M,,A,,,,,,,99Q1=100,,,5,,4F0,,Pound sterling/Euro ECB reference exchange rate,"ECB reference exchange rate, Pound sterling/Euro, 2.15 pm (C.E.T.)",GBP,0
EXR.M.GBP.EUR.SP00.A,M,GBP,EUR,SP00,A,2021-11,0.8478636363636,A,F,,,P1M,,A,,,,,,,99Q1=100,,,5,,4F0,,Pound sterling/Euro ECB reference exchange rate,"ECB reference exchange rate, Pound sterling/Euro, 2.15 pm (C.E.T.)",GBP,0
EXR.M.GBP.EUR.SP00.A,M,GBP,EUR,SP00,A,2021-12,0.8487482608696,A,F,,,P1M,,A,,,,,,,99Q1=100,,,5,,4F0,,Pound sterling/Euro ECB reference exchange rate,"ECB reference exchange rate, Pound sterling/Euro, 2.15 pm (C.E.T.)",GBP,0
EXR.M.GBP.EUR.SP00.A,M,GBP,EUR,SP00,A,2022-01,0.8350338095238,A,F,,,P1M,,A,,,,,,,99Q1=100,,,5,,4F0,,Pound sterling/Euro ECB reference exchange rate,"ECB reference exchange rate, Pound sterling/Euro, 2.15 pm (C.E.T.)",GBP,0
EXR.M.GBP.EUR.SP00.A,M,GBP,EUR,SP00,A,2022-02,0.8378725,A,F,,,P1M,,A,,,,,,,99Q1=100,,,5,,4F0,,Pound sterling/Euro ECB reference exchange rate,"ECB reference exchange rate, Pound sterling/Euro, 2.15 pm (C.E.T.)",GBP,0
EXR.M.GBP.EUR.SP00.A,M,GBP,EUR,SP00,A,2022-03,0.8363826086957,A,F,,,P1M,,A,,,,,,,99Q1=100,,,5,,4F0,,Pound sterling/Euro ECB reference exchange rate,"ECB reference exchange rate, Pound sterling/Euro, 2.15 pm (C.E.T.)",GBP,0
EXR.M.GBP.EUR.SP00.A,M,GBP,EUR,SP00,A,2022-04,0.83655,A,F,,,P1M,,A,,,,,,,99Q1=100,,,5,,4F0,,Pound sterling/Euro ECB reference exchange rate,"ECB reference exchange rate, Pound sterling/Euro, 2.15 pm (C.E.T.)",GBP,0
EXR.M.GBP.EUR.SP00.A,M,GBP,EUR,SP00,A,2022-05,0.849685,A,F,,,P1M,,A,,,,,,,99Q1=100,,,5,,4F0,,Pound sterling/Euro ECB reference exchange rate,"ECB reference exchange rate, Pound sterling/Euro, 2.15 pm (C.E.T.)",GBP,0
EXR.M.GBP.EUR.SP00.A,M,GBP,EUR,SP00,A,2022-06,0.8575909090909,A,F,,,P1M,,A,,,,,,,99Q1=100,,,5,,4F0,,Pound sterling/Euro ECB reference exchange rate,"ECB reference exchange rate, Pound sterling/Euro, 2.15 pm (C.E.T.)",GBP,0
EXR.M.GBP.EUR.SP00.A,M,GBP,EUR,SP00,A,2022-07,0.8495528571429,A,F,,,P1M,,A,,,,,,,99Q1=100,,,5,,4F0,,Pound sterling/Euro ECB reference exchange rate,"ECB reference exchange rate, Pound sterling/Euro, 2.15 pm (C.E.T.)",GBP,0
EXR.M.GBP.EUR.SP00.A,M,GBP,EUR,SP00,A,2022-08,0.8449882608696,A,F,,,P1M,,A,,,,,,,99Q1=100,,,5,,4F0,,Pound sterling/Euro ECB reference exchange rate,"ECB reference exchange rate, Pound sterling/Euro, 2.15 pm (C.E.T.)",GBP,0
EXR.M.GBP.EUR.SP00.A,M,GBP,EUR,SP00,A,2022-09,0.8746295454545,A,F,,,P1M,,A,,,,,,,99Q1=100,,,5,,4F0,,Pound sterling/Euro ECB reference exchange rate,"ECB reference exchange rate, Pound sterling/Euro, 2.15 pm (C.E.T.)",GBP,0
EXR.M.GBP.EUR.SP00.A,M,GBP,EUR,SP00,A,2022-10,0.8705766666667,A,F,,,P1M,,A,,,,,,,99Q1=100,,,5,,4F0,,Pound sterling/Euro ECB reference exchange rate,"ECB reference exchange rate, Pound sterling/Euro, 2.15 pm (C.E.T.)",GBP,0
EXR.M.GBP.EUR.SP00.A,M,GBP,EUR,SP00,A,2022-11,0.8689209090909,A,F,,,P1M,,A,,,,,,,99Q1=100,,,5,,4F0,,Pound sterling/Euro ECB reference exchange rate,"ECB reference exchange rate, Pound sterling/Euro, 2.15 pm (C.E.T.)",GBP,0
EXR.M.GBP.EUR.SP00.A,M,GBP,EUR,SP00,A,2022-12,0.8695,A,F,,,P1M,,A,,,,,,,99Q1=100,,,5,,4F0,,Pound sterling/Euro ECB reference exchange rate,"ECB reference exchange rate, Pound sterling/Euro, 2.15 pm (C.E.T.)",GBP,0
EXR.M.GBP.EUR.SP00.A,M,GBP,EUR,SP00,A,2023-01,0.8821231818182,A,F,,,P1M,,A,,,,,,,99Q1=100,,,5,,4F0,,Pound sterling/Euro ECB reference exchange rate,"ECB reference exchange rate, Pound sterling/Euro, 2.15 pm (C.E.T.)",GBP,0
EXR.M.GBP.EUR.SP00.A,M,GBP,EUR,SP00,A,2023-02,0.8855,A,F,,,P1M,,A,,,,,,,99Q1=100,,,5,,4F0,,Pound sterling/Euro ECB reference exchange rate,"ECB reference exchange rate, Pound sterling/Euro, 2.15 pm (C.E.T.)",GBP,0
EXR.M.GBP.EUR.SP00.A,M,GBP,EUR,SP00,A,2023-03,0.8819204347826,A,F,,,P1M,,A,,,,,,,99Q1=100,,,5,,4F0,,Pound sterling/Euro ECB reference exchange rate,"ECB reference exchange rate, Pound sterling/Euro, 2.15 pm (C.E.T.)",GBP,0
EXR.M.GBP.EUR.SP00.A,M,GBP,EUR,SP00,A,2023-04,0.88115,A,F,,,P1M,,A,,,,,,,99Q1=100,,,5,,4F0,,Pound sterling/Euro ECB reference exchange rate,"ECB reference exchange rate, Pound sterling/Euro, 2.15 pm (C.E.T.)",GBP,0
EXR.M.GBP.EUR.SP00.A,M,GBP,EUR,SP00,A,2023-05,0.870405,A,F,,,P1M,,A,,,,,,,99Q1=100,,,5,,4F0,,Pound sterling/Euro ECB reference exchange rate,"ECB reference exchange rate, Pound sterling/Euro, 2.15 pm (C.E.T.)",GBP,0
EXR.M.GBP.EUR.SP00.A,M,GBP,EUR,SP00,A,2023-06,0.8586063636364,A,F,,,P1M,,A,,,,,,,99Q1=100,,,5,,4F0,,Pound sterling/Euro ECB reference exchange rate,"ECB reference exchange rate, Pound sterling/Euro, 2.15 pm (C.E.T.)",GBP,0
EXR.M.GBP.EUR.SP00.A,M,GBP,EUR,SP00,A,2023-07,0.8585561904762,A,F,,,P1M,,A,,,,,,,99Q1=100,,,5,,4F0,,Pound sterling/Euro ECB reference exchange rate,"ECB reference exchange rate, Pound sterling/Euro, 2.15 pm (C.E.T.)",GBP,0
EXR.M.GBP.EUR.SP00.A,M,GBP,EUR,SP00,A,2023-08,0.8589208695652,A,F,,,P1M,,A,,,,,,,99Q1=100,,,5,,4F0,,Pound sterling/Euro ECB reference exchange rate,"ECB reference exchange rate, Pound sterling/Euro, 2.15 pm (C.E.T.)",GBP,0
EXR.M.GBP.EUR.SP00.A,M,GBP,EUR,SP00,A,2023-09,0.8615842857143,A,F,,,P1M,,A,,,,,,,99Q1=100,,,5,,4F0,,Pound sterling/Euro ECB reference exchange rate,"ECB reference exchange rate, Pound sterling/Euro, 2.15 pm (C.E.T.)",GBP,0
EXR.M.GBP.EUR.SP00.A,M,GBP,EUR,SP00,A,2023-10,0.8679836363636,A,F,,,P1M,,A,,,,,,,99Q1=100,,,5,,4F0,,Pound sterling/Euro ECB reference exchange rate,"ECB reference exchange rate, Pound sterling/Euro, 2.15 pm (C.E.T.)",GBP,0
EXR.M.GBP.EUR.SP00.A,M,GBP,EUR,SP00,A,2023-11,0.8704540909091,A,F,,,P1M,,A,,,,,,,99Q1=100,,,5,,4F0,,Pound sterling/Euro ECB reference exchange rate,"ECB reference exchange rate, Pound sterling/Euro, 2.15 pm (C.E.T.)",GBP,0
EXR.M.GBP.EUR.SP00.A,M,GBP,EUR,SP00,A,2023-12,0.8616826315789,A,F,,,P1M,,A,,,,,,,99Q1=100,,,5,,4F0,,Pound sterling/Euro ECB reference exchange rate,"ECB reference exchange rate, Pound sterling/Euro, 2.15 pm (C.E.T.)",GBP,0
EXR.M.GBP.EUR.SP00.A,M,GBP,EUR,SP00,A,2024-01,0.8587309090909,A,F,,,P1M,,A,,,,,,,99Q1=100,,,5,,4F0,,Pound sterling/Euro ECB reference exchange rate,"ECB reference exchange rate, Pound sterling/Euro, 2.15 pm (C.E.T.)",GBP,0
EXR.M.GBP.EUR.SP00.A,M,GBP,EUR,SP00,A,2024-02,0.8546623809524,A,F,,,P1M,,A,,,,,,,99Q1=100,,,5,,4F0,,Pound sterling/Euro ECB reference exchange rate,"ECB reference exchange rate, Pound sterling/Euro, 2.15 pm (C.E.T.)",GBP,0
EXR.M.GBP.EUR.SP00.A,M,GBP,EUR,SP00,A,2024-03,0.8552375,A,F,,,P1M,,A,,,,,,,99Q1=100,,,5,,4F0,,Pound sterling/Euro ECB reference exchange rate,"ECB reference exchange rate, Pound sterling/Euro, 2.15 pm (C.E.T.)",GBP,0
EXR.M.GBP.EUR.SP00.A,M,GBP,EUR,SP00,A,2024-04,0.8565766666667,A,F,,,P1M,,A,,,,,,,99Q1=100,,,5,,4F0,,Pound sterling/Euro ECB reference exchange rate,"ECB reference exchange rate, Pound sterling/Euro, 2.15 pm (C.E.T.)",GBP,0
EXR.M.GBP.EUR.SP00.A,M,GBP,EUR,SP00,A,2024-05,0.8556404545455,A,F,,,P1M,,A,,,,,,,99Q1=100,,,5,,4F0,,Pound sterling/Euro ECB reference exchange rate,"ECB reference exchange rate, Pound sterling/Euro, 2.15 pm (C.E.T.)",GBP,0
EXR.M.GBP.EUR.SP00.A,M,GBP,EUR,SP00,A,2024-06,0.8464315,A,F,,,P1M,,A,,,,,,,99Q1=100,,,5,,4F0,,Pound sterling/Euro ECB reference exchange rate,"ECB reference exchange rate, Pound sterling/Euro, 2.15 pm (C.E.T.)",GBP,0
EXR.M.GBP.EUR.SP00.A,M,GBP,EUR,SP00,A,2024-07,0.843317826087,A,F,,,P1M,,A,,,,,,,99Q1=100,,,5,,4F0,,Pound sterling/Euro ECB reference exchange rate,"ECB reference exchange rate, Pound sterling/Euro, 2.15 pm (C.E.T.)",GBP,0
EXR.M.GBP.EUR.SP00.A,M,GBP,EUR,SP00,A,2024-08,0.8515036363636,A,F,,,P1M,,A,,,,,,,99Q1=100,,,5,,4F0,,Pound sterling/Euro ECB reference exchange rate,"ECB reference exchange rate, Pound sterling/Euro, 2.15 pm (C.E.T.)",GBP,0
EXR.M.GBP.EUR.SP00.A,M,GBP,EUR,SP00,A,2024-09,0.8402123809524,A,F,,,P1M,,A,,,,,,,99Q1=100,,,5,,4F0,,Pound sterling/Euro ECB reference exchange rate,"ECB reference exchange rate, Pound sterling/Euro, 2.15 pm (C.E.T.)",GBP,0
EXR.M.GBP.EUR.SP00.A,M,GBP,EUR,SP00,A,2024-10,0.8349586956522,A,F,,,P1M,,A,,,,,,,99Q1=100,,,5,,4F0,,Pound sterling/Euro ECB reference exchange rate,"ECB reference exchange rate, Pound sterling/Euro, 2.15 pm (C.E.T.)",GBP,0
EXR.M.GBP.EUR.SP00.A,M,GBP,EUR,SP00,A,2024-11,0.8337876190476,A,F,,,P1M,,A,,,,,,,99Q1=100,,,5,,4F0,,Pound sterling/Euro ECB reference exchange rate,"ECB reference exchange rate, Pound sterling/Euro, 2.15 pm (C.E.T.)",GBP,0
EXR.M.GBP.EUR.SP00.A,M,GBP,EUR,SP00,A,2024-12,0.828042,A,F,,,P1M,,A,,,,,,,99Q1=100,,,5,,4F0,,Pound sterling/Euro ECB reference exchange rate,"ECB reference exchange rate, Pound sterling/Euro, 2.15 pm (C.E.T.)",GBP,0
EXR.M.GBP.EUR.SP00.A,M,GBP,EUR,SP00,A,2025-01,0.8390809090909,A,F,,,P1M,,A,,,,,,,99Q1=100,,,5,,4F0,,Pound sterling/Euro ECB reference exchange rate,"ECB reference exchange rate, Pound sterling/Euro, 2.15 pm (C.E.T.)",GBP,0
EXR.M.GBP.EUR.SP00.A,M,GBP,EUR,SP00,A,2025-02,0.83071,A,F,,,P1M,,A,,,,,,,99Q1=100,,,5,,4F0,,Pound sterling/Euro ECB reference exchange rate,"ECB reference exchange rate, Pound sterling/Euro, 2.15 pm (C.E.T.)",GBP,0
EXR.M.GBP.EUR.SP00.A,M,GBP,EUR,SP00,A,2025-03,0.8370252380952,A,F,,,P1M,,A,,,,,,,99Q1=100,,,5,,4F0,,Pound sterling/Euro ECB reference exchange rate,"ECB reference exchange rate, Pound sterling/Euro, 2.15 pm (C.E.T.)",GBP,0
EXR.M.GBP.EUR.SP00.A,M,GBP,EUR,SP00,A,2025-04,0.8537865,A,F,,,P1M,,A,,,,,,,99Q1=100,,,5,,4F0,,Pound sterling/Euro ECB reference exchange rate,"ECB reference exchange rate, Pound sterling/Euro, 2.15 pm (C.E.T.)",GBP,0
EXR.M.GBP.EUR.SP00.A,M,GBP,EUR,SP00,A,2025-05,0.8434952380952383,A,F,,,P1M,,A,,,,,,,99Q1=100,,,5,,4F0,,Pound sterling/Euro ECB reference exchange rate,"ECB reference exchange rate, Pound sterling/Euro, 2.15 pm (C.E.T.)",GBP,0
EXR.M.GBP.EUR.SP00.A,M,GBP,EUR,SP00,A,2025-06,0.8498095238095237,A,F,,,P1M,,A,,,,,,,99Q1=100,,,5,,4F0,,Pound sterling/Euro ECB reference exchange rate,"ECB reference exchange rate, Pound sterling/Euro, 2.15 pm (C.E.T.)",GBP,0
EXR.M.GBP.EUR.SP00.A,M,GBP,EUR,SP00,A,2025-07,0.8646869565217391,A,F,,,P1M,,A,,,,,,,99Q1=100,,,5,,4F0,,Pound sterling/Euro ECB reference exchange rate,"ECB reference exchange rate, Pound sterling/Euro, 2.15 pm (C.E.T.)",GBP,0
EXR.M.GBP.EUR.SP00.A,M,GBP,EUR,SP00,A,2025-08,0.8652761904761904,A,F,,,P1M,,A,,,,,,,99Q1=100,,,5,,4F0,,Pound sterling/Euro ECB reference exchange rate,"ECB reference exchange rate, Pound sterling/Euro, 2.15 pm (C.E.T.)",GBP,0
EXR.M.GBP.EUR.SP00.A,M,GBP,EUR,SP00,A,2025-09,0.8689454545454546,A,F,,,P1M,,A,,,,,,,99Q1=100,,,5,,4F0,,Pound sterling/Euro ECB reference exchange rate,"ECB reference exchange rate, Pound sterling/Euro, 2.15 pm (C.E.T.)",GBP,0
EXR.M.GBP.EUR.SP00.A,M,GBP,EUR,SP00,A,2025-10,0.8715521739130435,A,F,,,P1M,,A,,,,,,,99Q1=100,,,5,,4F0,,Pound sterling/Euro ECB reference exchange rate,"ECB reference exchange rate, Pound sterling/Euro, 2.15 pm (C.E.T.)",GBP,0
EXR.M.GBP.EUR.SP00.A,M,GBP,EUR,SP00,A,2025-11,0.8799649999999998,A,F,,,P1M,,A,,,,,,,99Q1=100,,,5,,4F0,,Pound sterling/Euro ECB reference exchange rate,"ECB reference exchange rate, Pound sterling/Euro, 2.15 pm (C.E.T.)",GBP,0
EXR.M.GBP.EUR.SP00.A,M,GBP,EUR,SP00,A,2025-12,0.875,A,F,,,P1M,,A,,,,,,,99Q1=100,,,5,,4F0,,Pound sterling/Euro ECB reference exchange rate,"ECB reference exchange rate, Pound sterling/Euro, 2.15 pm (C.E.T.)",GBP,0
EXR.M.JPY.EUR.SP00.A,M,JPY,EUR,SP00,A,2020-12,126.2781818181818,A,F,,,P1M,,A,,,,,,,99Q1=100,,,2,,4F0,,Japanese yen/Euro ECB reference exchange rate,"ECB reference exchange rate, Japanese yen/Euro, 2.15 pm (C.E.T.)",JPY,0
EXR.M.JPY.EUR.SP00.A,M,JPY,EUR,SP00,A,2021-01,126.308,A,F,,,P1M,,A,,,,,,,99Q1=100,,,2,,4F0,,Japanese yen/Euro ECB reference exchange rate,"ECB reference exchange rate, Japanese yen/Euro, 2.15 pm (C.E.T.)",JPY,0
EXR.M.JPY.EUR.SP00.A,M,JPY,EUR,SP00,A,2021-02,127.4925,A,F,,,P1M,,A,,,,,,,99Q1=100,,,2,,4F0,,Japanese yen/Euro ECB reference exchange rate,"ECB reference exchange rate, Japanese yen/Euro, 2.15 pm (C.E.T.)",JPY,0
EXR.M.JPY.EUR.SP00.A,M,JPY,EUR,SP00,A,2021-03,129.3804347826087,A,F,,,P1M,,A,,,,,,,99Q1=100,,,2,,4F0,,Japanese yen/Euro ECB reference exchange rate,"ECB reference exchange rate, Japanese yen/Euro, 2.15 pm (C.E.T.)",JPY,0
EXR.M.JPY.EUR.SP00.A,M,JPY,EUR,SP00,A,2021-04,130.489,A,F,,,P1M,,A,,,,,,,99Q1=100,,,2,,4F0,,Japanese yen/Euro ECB reference exchange rate,"ECB reference exchange rate, Japanese yen/Euro, 2.15 pm (C.E.T.)",JPY,0
EXR.M.JPY.EUR.SP00.A,M,JPY,EUR,SP00,A,2021-05,132.5690476190476,A,F,,,P1M,,A,,,,,,,99Q1=100,,,2,,4F0,,Japanese yen/Euro ECB reference exchange rate,"ECB reference exchange rate, Japanese yen/Euro, 2.15 pm (C.E.T.)",JPY,0
EXR.M.JPY.EUR.SP00.A,M,JPY,EUR,SP00,A,2021-06,132.6313636363636,A,F,,,P1M,,A,,,,,,,99Q1=100,,,2,,4F0,,Japanese yen/Euro ECB reference exchange rate,"ECB reference exchange rate, Japanese yen/Euro, 2.15 pm (C.E.T.)",JPY,0
EXR.M.JPY.EUR.SP00.A,M,JPY,EUR,SP00,A,2021-07,130.3490909090909,A,F,,,P1M,,A,,,,,,,99Q1=100,,,2,,4F0,,Japanese yen/Euro ECB reference exchange rate,"ECB reference exchange rate, Japanese yen/Euro, 2.15 pm (C.E.T.)",JPY,0
EXR.M.JPY.EUR.SP00.A,M,JPY,EUR,SP00,A,2021-08,129.2840909090909,A,F,,,P1M,,A,,,,,,,99Q1=100,,,2,,4F0,,Japanese yen/Euro ECB reference exchange rate,"ECB reference exchange rate, Japanese yen/Euro, 2.15 pm (C.E.T.)",JPY,0
EXR.M.JPY.EUR.SP00.A,M,JPY,EUR,SP00,A,2021-09,129.6563636363636,A,F,,,P1M,,A,,,,,,,99Q1=100,,,2,,4F0,,Japanese yen/Euro ECB reference exchange rate,"ECB reference exchange rate, Japanese yen/Euro, 2.15 pm (C.E.T.)",JPY,0
EXR.M.JPY.EUR.SP00.A,M,JPY,EUR,SP00,A,2021-10,131.2123809523809,A,F,,,P1M,,A,,,,,,,99Q1=100,,,2,,4F0,,Japanese yen/Euro ECB reference exchange rate,"ECB reference exchange rate, Japanese yen/Euro, 2.15 pm (C.E.T.)",JPY,0
EXR.M.JPY.EUR.SP00.A,M,JPY,EUR,SP00,A,2021-11,130.1177272727273,A,F,,,P1M,,A,,,,,,,99Q1=100,,,2,,4F0,,Japanese yen/Euro ECB reference exchange rate,"ECB reference exchange rate, Japanese yen/Euro, 2.15 pm (C.E.T.)",JPY,0
EXR.M.JPY.EUR.SP00.A,M,JPY,EUR,SP00,A,2021-12,128.7995652173913,A,F,,,P1M,,A,,,,,,,99Q1=100,,,2,,4F0,,Japanese yen/Euro ECB reference exchange rate,"ECB reference exchange rate, Japanese yen/Euro, 2.15 pm (C.E.T.)",JPY,0
EXR.M.JPY.EUR.SP00.A,M,JPY,EUR,SP00,A,2022-01,130.0090476190476,A,F,,,P1M,,A,,,,,,,99Q1=100,,,2,,4F0,,Japanese yen/Euro ECB reference exchange rate,"ECB reference exchange rate, Japanese yen/Euro, 2.15 pm (C.E.T.)",JPY,0
EXR.M.JPY.EUR.SP00.A,M,JPY,EUR,SP00,A,2022-02,130.6565,A,F,,,P1M,,A,,,,,,,99Q1=100,,,2,,4F0,,Japanese yen/Euro ECB reference exchange rate,"ECB reference exchange rate, Japanese yen/Euro, 2.15 pm (C.E.T.)",JPY,0
EXR.M.JPY.EUR.SP00.A,M,JPY,EUR,SP00,A,2022-03,130.7108695652174,A,F,,,P1M,,A,,,,,,,99Q1=100,,,2,,4F0,,Japanese yen/Euro ECB reference exchange rate,"ECB reference exchange rate, Japanese yen/Euro, 2.15 pm (C.E.T.)",JPY,0
EXR.M.JPY.EUR.SP00.A,M,JPY,EUR,SP00,A,2022-04,136.6063157894737,A,F,,,P1M,,A,,,,,,,99Q1=100,,,2,,4F0,,Japanese yen/Euro ECB reference exchange rate,"ECB reference exchange rate, Japanese yen/Euro, 2.15 pm (C.E.T.)",JPY,0
EXR.M.JPY.EUR.SP00.A,M,JPY,EUR,SP00,A,2022-05,136.2409090909091,A,F,,,P1M,,A,,,,,,,99Q1=100,,,2,,4F0,,Japanese yen/Euro ECB reference exchange rate,"ECB reference exchange rate, Japanese yen/Euro, 2.15 pm (C.E.T.)",JPY,0
EXR.M.JPY.EUR.SP00.A,M,JPY,EUR,SP00,A,2022-06,141.5686363636364,A,F,,,P1M,,A,,,,,,,99Q1=100,,,2,,4F0,,Japanese yen/Euro ECB reference exchange rate,"ECB reference exchange rate, Japanese yen/Euro, 2.15 pm (C.E.T.)",JPY,0
EXR.M.JPY.EUR.SP00.A,M,JPY,EUR,SP00,A,2022-07,139.1738095238096,A,F,,,P1M,,A,,,,,,,99Q1=100,,,2,,4F0,,Japanese yen/Euro ECB reference exchange rate,"ECB reference exchange rate, Japanese yen/Euro, 2.15 pm (C.E.T.)",JPY,0
EXR.M.JPY.EUR.SP00.A,M,JPY,EUR,SP00,A,2022-08,136.8547826086957,A,F,,,P1M,,A,,,,,,,99Q1=100,,,2,,4F0,,Japanese yen/Euro ECB reference exchange rate,"ECB reference exchange rate, Japanese yen/Euro, 2.15 pm (C.E.T.)",JPY,0
EXR.M.JPY.EUR.SP00.A,M,JPY,EUR,SP00,A,2022-09,141.5681818181818,A,F,,,P1M,,A,,,,,,,99Q1=100,,,2,,4F0,,Japanese yen/Euro ECB reference exchange rate,"ECB reference exchange rate, Japanese yen/Euro, 2.15 pm (C.E.T.)",JPY,0
EXR.M.JPY.EUR.SP00.A,M,JPY,EUR,SP00,A,2022-10,144.7252380952381,A,F,,,P1M,,A,,,,,,,99Q1=100,,,2,,4F0,,Japanese yen/Euro ECB reference exchange rate,"ECB reference exchange rate, Japanese yen/Euro, 2.15 pm (C.E.T.)",JPY,0
EXR.M.JPY.EUR.SP00.A,M,JPY,EUR,SP00,A,2022-11,145.1240909090909,A,F,,,P1M,,A,,,,,,,99Q1=100,,,2,,4F0,,Japanese yen/Euro ECB reference exchange rate,"ECB reference exchange rate, Japanese yen/Euro, 2.15 pm (C.E.T.)",JPY,0
EXR.M.JPY.EUR.SP00.A,M,JPY,EUR,SP00,A,2022-12,142.8223809523809,A,F,,,P1M,,A,,,,,,,99Q1=100,,,2,,4F0,,Japanese yen/Euro ECB reference exchange rate,"ECB reference exchange rate, Japanese yen/Euro, 2.15 pm (C.E.T.)",JPY,0
EXR.M.JPY.EUR.SP00.A,M,JPY,EUR,SP00,A,2023-01,140.5440909090909,A,F,,,P1M,,A,,,,,,,99Q1=100,,,2,,4F0,,Japanese yen/Euro ECB reference exchange rate,"ECB reference exchange rate, Japanese yen/Euro, 2.15 pm (C.E.T.)",JPY,0
EXR.M.JPY.EUR.SP00.A,M,JPY,EUR,SP00,A,2023-02,142.377,A,F,,,P1M,,A,,,,,,,99Q1=100,,,2,,4F0,,Japanese yen/Euro ECB reference exchange rate,"ECB reference exchange rate, Japanese yen/Euro, 2.15 pm (C.E.T.)",JPY,0
EXR.M.JPY.EUR.SP00.A,M,JPY,EUR,SP00,A,2023-03,143.01,A,F,,,P1M,,A,,,,,,,99Q1=100,,,2,,4F0,,Japanese yen/Euro ECB reference exchange rate,"ECB reference exchange rate, Japanese yen/Euro, 2.15 pm (C.E.T.)",JPY,0
EXR.M.JPY.EUR.SP00.A,M,JPY,EUR,SP00,A,2023-04,146.5111111111111,A,F,,,P1M,,A,,,,,,,99Q1=100,,,2,,4F0,,Japanese yen/Euro ECB reference exchange rate,"ECB reference exchange rate, Japanese yen/Euro, 2.15 pm (C.E.T.)",JPY,0
EXR.M.JPY.EUR.SP00.A,M,JPY,EUR,SP00,A,2023-05,148.9254545454546,A,F,,,P1M,,A,,,,,,,99Q1=100,,,2,,4F0,,Japanese yen/Euro ECB reference exchange rate,"ECB reference exchange rate, Japanese yen/Euro, 2.15 pm (C.E.T.)",JPY,0
EXR.M.JPY.EUR.SP00.A,M,JPY,EUR,SP00,A,2023-06,153.1486363636364,A,F,,,P1M,,A,,,,,,,99Q1=100,,,2,,4F0,,Japanese yen/Euro ECB reference exchange rate,"ECB reference exchange rate, Japanese yen/Euro, 2.15 pm (C.E.T.)",JPY,0
EXR.M.JPY.EUR.SP00.A,M,JPY,EUR,SP00,A,2023-07,155.9371428571429,A,F,,,P1M,,A,,,,,,,99Q1=100,,,2,,4F0,,Japanese yen/Euro ECB reference exchange rate,"ECB reference exchange rate, Japanese yen/Euro, 2.15 pm (C.E.T.)",JPY,0
EXR.M.JPY.EUR.SP00.A,M,JPY,EUR,SP00,A,2023-08,157.9621739130435,A,F,,,P1M,,A,,,,,,,99Q1=100,,,2,,4F0,,Japanese yen/Euro ECB reference exchange rate,"ECB reference exchange rate, Japanese yen/Euro, 2.15 pm (C.E.T.)",JPY,0
EXR.M.JPY.EUR.SP00.A,M,JPY,EUR,SP00,A,2023-09,157.7952380952381,A,F,,,P1M,,A,,,,,,,99Q1=100,,,2,,4F0,,Japanese yen/Euro ECB reference exchange rate,"ECB reference exchange rate, Japanese yen/Euro, 2.15 pm (C.E.T.)",JPY,0
EXR.M.JPY.EUR.SP00.A,M,JPY,EUR,SP00,A,2023-10,158.0377272727273,A,F,,,P1M,,A,,,,,,,99Q1=100,,,2,,4F0,,Japanese yen/Euro ECB reference exchange rate,"ECB reference exchange rate, Japanese yen/Euro, 2.15 pm (C.E.T.)",JPY,0
EXR.M.JPY.EUR.SP00.A,M,JPY,EUR,SP00,A,2023-11,161.8440909090909,A,F,,,P1M,,A,,,,,,,99Q1=100,,,2,,4F0,,Japanese yen/Euro ECB reference exchange rate,"ECB reference exchange rate, Japanese yen/Euro, 2.15 pm (C.E.T.)",JPY,0
EXR.M.JPY.EUR.SP00.A,M,JPY,EUR,SP00,A,2023-12,157.2126315789474,A,F,,,P1M,,A,,,,,,,99Q1=100,,,2,,4F0,,Japanese yen/Euro ECB reference exchange rate,"ECB reference exchange rate, Japanese yen/Euro, 2.15 pm (C.E.T.)",JPY,0
EXR.M.JPY.EUR.SP00.A,M,JPY,EUR,SP00,A,2024-01,159.4581818181818,A,F,,,P1M,,A,,,,,,,99Q1=100,,,2,,4F0,,Japanese yen/Euro ECB reference exchange rate,"ECB reference exchange rate, Japanese yen/Euro, 2.15 pm (C.E.T.)",JPY,0
EXR.M.JPY.EUR.SP00.A,M,JPY,EUR,SP00,A,2024-02,161.3771428571428,A,F,,,P1M,,A,,,,,,,99Q1=100,,,2,,4F0,,Japanese yen/Euro ECB reference exchange rate,"ECB reference exchange rate, Japanese yen/Euro, 2.15 pm (C.E.T.)",JPY,0
EXR.M.JPY.EUR.SP00.A,M,JPY,EUR,SP00,A,2024-03,162.7725,A,F,,,P1M,,A,,,,,,,99Q1=100,,,2,,4F0,,Japanese yen/Euro ECB reference exchange rate,"ECB reference exchange rate, Japanese yen/Euro, 2.15 pm (C.E.T.)",JPY,0
EXR.M.JPY.EUR.SP00.A,M,JPY,EUR,SP00,A,2024-04,165.0295238095238,A,F,,,P1M,,A,,,,,,,99Q1=100,,,2,,4F0,,Japanese yen/Euro ECB reference exchange rate,"ECB reference exchange rate, Japanese yen/Euro, 2.15 pm (C.E.T.)",JPY,0
EXR.M.JPY.EUR.SP00.A,M,JPY,EUR,SP00,A,2024-05,168.5363636363636,A,F,,,P1M,,A,,,,,,,99Q1=100,,,2,,4F0,,Japanese yen/Euro ECB reference exchange rate,"ECB reference exchange rate, Japanese yen/Euro, 2.15 pm (C.E.T.)",JPY,0
EXR.M.JPY.EUR.SP00.A,M,JPY,EUR,SP00,A,2024-06,169.813,A,F,,,P1M,,A,,,,,,,99Q1=100,,,2,,4F0,,Japanese yen/Euro ECB reference exchange rate,"ECB reference exchange rate, Japanese yen/Euro, 2.15 pm (C.E.T.)",JPY,0
EXR.M.JPY.EUR.SP00.A,M,JPY,EUR,SP00,A,2024-07,171.1708695652174,A,F,,,P1M,,A,,,,,,,99Q1=100,,,2,,4F0,,Japanese yen/Euro ECB reference exchange rate,"ECB reference exchange rate, Japanese yen/Euro, 2.15 pm (C.E.T.)",JPY,0
EXR.M.JPY.EUR.SP00.A,M,JPY,EUR,SP00,A,2024-08,161.0554545454545,A,F,,,P1M,,A,,,,,,,99Q1=100,,,2,,4F0,,Japanese yen/Euro ECB reference exchange rate,"ECB reference exchange rate, Japanese yen/Euro, 2.15 pm (C.E.T.)",JPY,0
EXR.M.JPY.EUR.SP00.A,M,JPY,EUR,SP00,A,2024-09,159.0809523809524,A,F,,,P1M,,A,,,,,,,99Q1=100,,,2,,4F0,,Japanese yen/Euro ECB reference exchange rate,"ECB reference exchange rate, Japanese yen/Euro, 2.15 pm (C.E.T.)",JPY,0
EXR.M.JPY.EUR.SP00.A,M,JPY,EUR,SP00,A,2024-10,163.1969565217391,A,F,,,P1M,,A,,,,,,,99Q1=100,,,2,,4F0,,Japanese yen/Euro ECB reference exchange rate,"ECB reference exchange rate, Japanese yen/Euro, 2.15 pm (C.E.T.)",JPY,0
EXR.M.JPY.EUR.SP00.A,M,JPY,EUR,SP00,A,2024-11,163.2338095238095,A,F,,,P1M,,A,,,,,,,99Q1=100,,,2,,4F0,,Japanese yen/Euro ECB reference exchange rate,"ECB reference exchange rate, Japanese yen/Euro, 2.15 pm (C.E.T.)",JPY,0
EXR.M.JPY.EUR.SP00.A,M,JPY,EUR,SP00,A,2024-12,161.0835,A,F,,,P1M,,A,,,,,,,99Q1=100,,,2,,4F0,,Japanese yen/Euro ECB reference exchange rate,"ECB reference exchange rate, Japanese yen/Euro, 2.15 pm (C.E.T.)",JPY,0
EXR.M.JPY.EUR.SP00.A,M,JPY,EUR,SP00,A,2025-01,161.9213636363637,A,F,,,P1M,,A,,,,,,,99Q1=100,,,2,,4F0,,Japanese yen/Euro ECB reference exchange rate,"ECB reference exchange rate, Japanese yen/Euro, 2.15 pm (C.E.T.)",JPY,0
EXR.M.JPY.EUR.SP00.A,M,JPY,EUR,SP00,A,2025-02,158.087,A,F,,,P1M,,A,,,,,,,99Q1=100,,,2,,4F0,,Japanese yen/Euro ECB reference exchange rate,"ECB reference exchange rate, Japanese yen/Euro, 2.15 pm (C.E.T.)",JPY,0
EXR.M.JPY.EUR.SP00.A,M,JPY,EUR,SP00,A,2025-03,161.1666666666667,A,F,,,P1M,,A,,,,,,,99Q1=100,,,2,,4F0,,Japanese yen/Euro ECB reference exchange rate,"ECB reference exchange rate, Japanese yen/Euro, 2.15 pm (C.E.T.)",JPY,0
EXR.M.JPY.EUR.SP00.A,M,JPY,EUR,SP00,A,2025-04,161.6705,A,F,,,P1M,,A,,,,,,,99Q1=100,,,2,,4F0,,Japanese yen/Euro ECB reference exchange rate,"ECB reference exchange rate, Japanese yen/Euro, 2.15 pm (C.E.T.)",JPY,0
EXR.M.JPY.EUR.SP00.A,M,JPY,EUR,SP00,A,2025-05,163.1442857142857,A,F,,,P1M,,A,,,,,,,99Q1=100,,,2,,4F0,,Japanese yen/Euro ECB reference exchange rate,"ECB reference exchange rate, Japanese yen/Euro, 2.15 pm (C.E.T.)",JPY,0
EXR.M.JPY.EUR.SP00.A,M,JPY,EUR,SP00,A,2025-06,166.5233333333333,A,F,,,P1M,,A,,,,,,,99Q1=100,,,2,,4F0,,Japanese yen/Euro ECB reference exchange rate,"ECB reference exchange rate, Japanese yen/Euro, 2.15 pm (C.E.T.)",JPY,0
EXR.M.JPY.EUR.SP00.A,M,JPY,EUR,SP00,A,2025-07,171.5313043478261,A,F,,,P1M,,A,,,,,,,99Q1=100,,,2,,4F0,,Japanese yen/Euro ECB reference exchange rate,"ECB reference exchange rate, Japanese yen/Euro, 2.15 pm (C.E.T.)",JPY,0
EXR.M.JPY.EUR.SP00.A,M,JPY,EUR,SP00,A,2025-08,171.7895238095238,A,F,,,P1M,,A,,,,,,,99Q1=100,,,2,,4F0,,Japanese yen/Euro ECB reference exchange rate,"ECB reference exchange rate, Japanese yen/Euro, 2.15 pm (C.E.T.)",JPY,0
EXR.M.JPY.EUR.SP00.A,M,JPY,EUR,SP00,A,2025-09,173.54863636363643,A,F,,,P1M,,A,,,,,,,99Q1=100,,,2,,4F0,,Japanese yen/Euro ECB reference exchange rate,"ECB reference exchange rate, Japanese yen/Euro, 2.15 pm (C.E.T.)",JPY,0
EXR.M.JPY.EUR.SP00.A,M,JPY,EUR,SP00,A,2025-10,176.1526086956522,A,F,,,P1M,,A,,,,,,,99Q1=100,,,2,,4F0,,Japanese yen/Euro ECB reference exchange rate,"ECB reference exchange rate, Japanese yen/Euro, 2.15 pm (C.E.T.)",JPY,0
EXR.M.JPY.EUR.SP00.A,M,JPY,EUR,SP00,A,2025-11,179.31599999999997,A,F,,,P1M,,A,,,,,,,99Q1=100,,,2,,4F0,,Japanese yen/Euro ECB reference exchange rate,"ECB reference exchange rate, Japanese yen/Euro, 2.15 pm (C.E.T.)",JPY,0
EXR.M.JPY.EUR.SP00.A,M,JPY,EUR,SP00,A,2025-12,182.49714285714285,A,F,,,P1M,,A,,,,,,,99Q1=100,,,2,,4F0,,Japanese yen/Euro ECB reference exchange rate,"ECB reference exchange rate, Japanese yen/Euro, 2.15 pm (C.E.T.)",JPY,0
EXR.M.NOK.EUR.SP00.A,M,NOK,EUR,SP00,A,2020-12,10.6007636363636,A,F,,,P1M,,A,,,,,,,99Q1=100,,,4,,4F0,,Norwegian krone/Euro ECB reference exchange rate,"ECB reference exchange rate, Norwegian krone/Euro, 2.15 pm (C.E.T.)",NOK,0
EXR.M.NOK.EUR.SP00.A,M,NOK,EUR,SP00,A,2021-01,10.36606,A,F,,,P1M,,A,,,,,,,99Q1=100,,,4,,4F0,,Norwegian krone/Euro ECB reference exchange rate,"ECB reference exchange rate, Norwegian krone/Euro, 2.15 pm (C.E.T.)",NOK,0
EXR.M.NOK.EUR.SP00.A,M,NOK,EUR,SP00,A,2021-02,10.279055,A,F,,,P1M,,A,,,,,,,99Q1=100,,,4,,4F0,,Norwegian krone/Euro ECB reference exchange rate,"ECB reference exchange rate, Norwegian krone/Euro, 2.15 pm (C.E.T.)",NOK,0
EXR.M.NOK.EUR.SP00.A,M,NOK,EUR,SP00,A,2021-03,10.1468739130435,A,F,,,P1M,,A,,,,,,,99Q1=100,,,4,,4F0,,Norwegian krone/Euro ECB reference exchange rate,"ECB reference exchange rate, Norwegian krone/Euro, 2.15 pm (C.E.T.)",NOK,0
EXR.M.NOK.EUR.SP00.A,M,NOK,EUR,SP00,A,2021-04,10.03762,A,F,,,P1M,,A,,,,,,,99Q1=100,,,4,,4F0,,Norwegian krone/Euro ECB reference exchange rate,"ECB reference exchange rate, Norwegian krone/Euro, 2.15 pm (C.E.T.)",NOK,0
EXR.M.NOK.EUR.SP00.A,M,NOK,EUR,SP00,A,2021-05,10.0931095238095,A,F,,,P1M,,A,,,,,,,99Q1=100,,,4,,4F0,,Norwegian krone/Euro ECB reference exchange rate,"ECB reference exchange rate, Norwegian krone/Euro, 2.15 pm (C.E.T.)",NOK,0
EXR.M.NOK.EUR.SP00.A,M,NOK,EUR,SP00,A,2021-06,10.1443772727273,A,F,,,P1M,,A,,,,,,,99Q1=100,,,4,,4F0,,Norwegian krone/Euro ECB reference exchange rate,"ECB reference exchange rate, Norwegian krone/Euro, 2.15 pm (C.E.T.)",NOK,0
EXR.M.NOK.EUR.SP00.A,M,NOK,EUR,SP00,A,2021-07,10.3767227272727,A,F,,,P1M,,A,,,,,,,99Q1=100,,,4,,4F0,,Norwegian krone/Euro ECB reference exchange rate,"ECB reference exchange rate, Norwegian krone/Euro, 2.15 pm (C.E.T.)",NOK,0
EXR.M.NOK.EUR.SP00.A,M,NOK,EUR,SP00,A,2021-08,10.4195045454545,A,F,,,P1M,,A,,,,,,,99Q1=100,,,4,,4F0,,Norwegian krone/Euro ECB reference exchange rate,"ECB reference exchange rate, Norwegian krone/Euro, 2.15 pm (C.E.T.)",NOK,0
EXR.M.NOK.EUR.SP00.A,M,NOK,EUR,SP00,A,2021-09,10.1860590909091,A,F,,,P1M,,A,,,,,,,99Q1=100,,,4,,4F0,,Norwegian krone/Euro ECB reference exchange rate,"ECB reference exchange rate, Norwegian krone/Euro, 2.15 pm (C.E.T.)",NOK,0
EXR.M.NOK.EUR.SP00.A,M,NOK,EUR,SP00,A,2021-10,9.8143476190476,A,F,,,P1M,,A,,,,,,,99Q1=100,,,4,,4F0,,Norwegian krone/Euro ECB reference exchange rate,"ECB reference exchange rate, Norwegian krone/Euro, 2.15 pm (C.E.T.)",NOK,0
EXR.M.NOK.EUR.SP00.A,M,NOK,EUR,SP00,A,2021-11,9.9661,A,F,,,P1M,,A,,,,,,,99Q1=100,,,4,,4F0,,Norwegian krone/Euro ECB reference exchange rate,"ECB reference exchange rate, Norwegian krone/Euro, 2.15 pm (C.E.T.)",NOK,0
EXR.M.NOK.EUR.SP00.A,M,NOK,EUR,SP00,A,2021-12,10.1308304347826,A,F,,,P1M,,A,,,,,,,99Q1=100,,,4,,4F0,,Norwegian krone/Euro ECB reference exchange rate,"ECB reference exchange rate, Norwegian krone/Euro, 2.15 pm (C.E.T.)",NOK,0
EXR.M.NOK.EUR.SP00.A,M,NOK,EUR,SP00,A,2022-01,10.0069571428571,A,F,,,P1M,,A,,,,,,,99Q1=100,,,4,,4F0,,Norwegian krone/Euro ECB reference exchange rate,"ECB reference exchange rate, Norwegian krone/Euro, 2.15 pm (C.E.T.)",NOK,0
EXR.M.NOK.EUR.SP00.A,M,NOK,EUR,SP00,A,2022-02,10.054405,A,F,,,P1M,,A,,,,,,,99Q1=100,,,4,,4F0,,Norwegian krone/Euro ECB reference exchange rate,"ECB reference exchange rate, Norwegian krone/Euro, 2.15 pm (C.E.T.)",NOK,0
EXR.M.NOK.EUR.SP00.A,M,NOK,EUR,SP00,A,2022-03,9.7367217391304,A,F,,,P1M,,A,,,,,,,99Q1=100,,,4,,4F0,,Norwegian krone/Euro ECB reference exchange rate,"ECB reference exchange rate, Norwegian krone/Euro, 2.15 pm (C.E.T.)",NOK,0
EXR.M.NOK.EUR.SP00.A,M,NOK,EUR,SP00,A,2022-04,9.6190526315789,A,F,,,P1M,,A,,,,,,,99Q1=100,,,4,,4F0,,Norwegian krone/Euro ECB reference exchange rate,"ECB reference exchange rate, Norwegian krone/Euro, 2.15 pm (C.E.T.)",NOK,0
EXR.M.NOK.EUR.SP00.A,M,NOK,EUR,SP00,A,2022-05,10.1452545454545,A,F,,,P1M,,A,,,,,,,99Q1=100,,,4,,4F0,,Norwegian krone/Euro ECB reference exchange rate,"ECB reference exchange rate, Norwegian krone/Euro, 2.15 pm (C.E.T.)",NOK,0
EXR.M.NOK.EUR.SP00.A,M,NOK,EUR,SP00,A,2022-06,10.29715,A,F,,,P1M,,A,,,,,,,99Q1=100,,,4,,4F0,,Norwegian krone/Euro ECB reference exchange rate,"ECB reference exchange rate, Norwegian krone/Euro, 2.15 pm (C.E.T.)",NOK,0
EXR.M.NOK.EUR.SP00.A,M,NOK,EUR,SP00,A,2022-07,10.1822857142857,A,F,,,P1M,,A,,,,,,,99Q1=100,,,4,,4F0,,Norwegian krone/Euro ECB reference exchange rate,"ECB reference exchange rate, Norwegian krone/Euro, 2.15 pm (C.E.T.)",NOK,0
EXR.M.NOK.EUR.SP00.A,M,NOK,EUR,SP00,A,2022-08,9.8308652173913,A,F,,,P1M,,A,,,,,,,99Q1=100,,,4,,4F0,,Norwegian krone/Euro ECB reference exchange rate,"ECB reference exchange rate, Norwegian krone/Euro, 2.15 pm (C.E.T.)",NOK,0
EXR.M.NOK.EUR.SP00.A,M,NOK,EUR,SP00,A,2022-09,10.1697272727273,A,F,,,P1M,,A,,,,,,,99Q1=100,,,4,,4F0,,Norwegian krone/Euro ECB reference exchange rate,"ECB reference exchange rate, Norwegian krone/Euro, 2.15 pm (C.E.T.)",NOK,0
EXR.M.NOK.EUR.SP00.A,M,NOK,EUR,SP00,A,2022-10,10.3918904761905,A,F,,,P1M,,A,,,,,,,99Q1=100,,,4,,4F0,,Norwegian krone/Euro ECB reference exchange rate,"ECB reference exchange rate, Norwegian krone/Euro, 2.15 pm (C.E.T.)",NOK,0
EXR.M.NOK.EUR.SP00.A,M,NOK,EUR,SP00,A,2022-11,10.3357090909091,A,F,,,P1M,,A,,,,,,,99Q1=100,,,4,,4F0,,Norwegian krone/Euro ECB reference exchange rate,"ECB reference exchange rate, Norwegian krone/Euro, 2.15 pm (C.E.T.)",NOK,0
EXR.M.NOK.EUR.SP00.A,M,NOK,EUR,SP00,A,2022-12,10.4480380952381,A,F,,,P1M,,A,,,,,,,99Q1=100,,,4,,4F0,,Norwegian krone/Euro ECB reference exchange rate,"ECB reference exchange rate, Norwegian krone/Euro, 2.15 pm (C.E.T.)",NOK,0
EXR.M.NOK.EUR.SP00.A,M,NOK,EUR,SP00,A,2023-01,10.71485,A,F,,,P1M,,A,,,,,,,99Q1=100,,,4,,4F0,,Norwegian krone/Euro ECB reference exchange rate,"ECB reference exchange rate, Norwegian krone/Euro, 2.15 pm (C.E.T.)",NOK,0
EXR.M.NOK.EUR.SP00.A,M,NOK,EUR,SP00,A,2023-02,10.952935,A,F,,,P1M,,A,,,,,,,99Q1=100,,,4,,4F0,,Norwegian krone/Euro ECB reference exchange rate,"ECB reference exchange rate, Norwegian krone/Euro, 2.15 pm (C.E.T.)",NOK,0
EXR.M.NOK.EUR.SP00.A,M,NOK,EUR,SP00,A,2023-03,11.2857913043478,A,F,,,P1M,,A,,,,,,,99Q1=100,,,4,,4F0,,Norwegian krone/Euro ECB reference exchange rate,"ECB reference exchange rate, Norwegian krone/Euro, 2.15 pm (C.E.T.)",NOK,0
EXR.M.NOK.EUR.SP00.A,M,NOK,EUR,SP00,A,2023-04,11.5186666666667,A,F,,,P1M,,A,,,,,,,99Q1=100,,,4,,4F0,,Norwegian krone/Euro ECB reference exchange rate,"ECB reference exchange rate, Norwegian krone/Euro, 2.15 pm (C.E.T.)",NOK,0
EXR.M.NOK.EUR.SP00.A,M,NOK,EUR,SP00,A,2023-05,11.733,A,F,,,P1M,,A,,,,,,,99Q1=100,,,4,,4F0,,Norwegian krone/Euro ECB reference exchange rate,"ECB reference exchange rate, Norwegian krone/Euro, 2.15 pm (C.E.T.)",NOK,0
EXR.M.NOK.EUR.SP00.A,M,NOK,EUR,SP00,A,2023-06,11.7164227272727,A,F,,,P1M,,A,,,,,,,99Q1=100,,,4,,4F0,,Norwegian krone/Euro ECB reference exchange rate,"ECB reference exchange rate, Norwegian krone/Euro, 2.15 pm (C.E.T.)",NOK,0
EXR.M.NOK.EUR.SP00.A,M,NOK,EUR,SP00,A,2023-07,11.347419047619,A,F,,,P1M,,A,,,,,,,99Q1=100,,,4,,4F0,,Norwegian krone/Euro ECB reference exchange rate,"ECB reference exchange rate, Norwegian krone/Euro, 2.15 pm (C.E.T.)",NOK,0
EXR.M.NOK.EUR.SP00.A,M,NOK,EUR,SP00,A,2023-08,11.4126565217391,A,F,,,P1M,,A,,,,,,,99Q1=100,,,4,,4F0,,Norwegian krone/Euro ECB reference exchange rate,"ECB reference exchange rate, Norwegian krone/Euro, 2.15 pm (C.E.T.)",NOK,0
EXR.M.NOK.EUR.SP00.A,M,NOK,EUR,SP00,A,2023-09,11.4524952380952,A,F,,,P1M,,A,,,,,,,99Q1=100,,,4,,4F0,,Norwegian krone/Euro ECB reference exchange rate,"ECB reference exchange rate, Norwegian krone/Euro, 2.15 pm (C.E.T.)",NOK,0
EXR.M.NOK.EUR.SP00.A,M,NOK,EUR,SP00,A,2023-10,11.6283545454545,A,F,,,P1M,,A,,,,,,,99Q1=100,,,4,,4F0,,Norwegian krone/Euro ECB reference exchange rate,"ECB reference exchange rate, Norwegian krone/Euro, 2.15 pm (C.E.T.)",NOK,0
EXR.M.NOK.EUR.SP00.A,M,NOK,EUR,SP00,A,2023-11,11.7957636363636,A,F,,,P1M,,A,,,,,,,99Q1=100,,,4,,4F0,,Norwegian krone/Euro ECB reference exchange rate,"ECB reference exchange rate, Norwegian krone/Euro, 2.15 pm (C.E.T.)",NOK,0
EXR.M.NOK.EUR.SP00.A,M,NOK,EUR,SP00,A,2023-12,11.5332631578947,A,F,,,P1M,,A,,,,,,,99Q1=100,,,4,,4F0,,Norwegian krone/Euro ECB reference exchange rate,"ECB reference exchange rate, Norwegian krone/Euro, 2.15 pm (C.E.T.)",NOK,0
EXR.M.NOK.EUR.SP00.A,M,NOK,EUR,SP00,A,2024-01,11.3500863636364,A,F,,,P1M,,A,,,,,,,99Q1=100,,,4,,4F0,,Norwegian krone/Euro ECB reference exchange rate,"ECB reference exchange rate, Norwegian krone/Euro, 2.15 pm (C.E.T.)",NOK,0
EXR.M.NOK.EUR.SP00.A,M,NOK,EUR,SP00,A,2024-02,11.3842857142857,A,F,,,P1M,,A,,,,,,,99Q1=100,,,4,,4F0,,Norwegian krone/Euro ECB reference exchange rate,"ECB reference exchange rate, Norwegian krone/Euro, 2.15 pm (C.E.T.)",NOK,0
EXR.M.NOK.EUR.SP00.A,M,NOK,EUR,SP00,A,2024-03,11.52139,A,F,,,P1M,,A,,,,,,,99Q1=100,,,4,,4F0,,Norwegian krone/Euro ECB reference exchange rate,"ECB reference exchange rate, Norwegian krone/Euro, 2.15 pm (C.E.T.)",NOK,0
EXR.M.NOK.EUR.SP00.A,M,NOK,EUR,SP00,A,2024-04,11.6828,A,F,,,P1M,,A,,,,,,,99Q1=100,,,4,,4F0,,Norwegian krone/Euro ECB reference exchange rate,"ECB reference exchange rate, Norwegian krone/Euro, 2.15 pm (C.E.T.)",NOK,0
EXR.M.NOK.EUR.SP00.A,M,NOK,EUR,SP00,A,2024-05,11.5987545454545,A,F,,,P1M,,A,,,,,,,99Q1=100,,,4,,4F0,,Norwegian krone/Euro ECB reference exchange rate,"ECB reference exchange rate, Norwegian krone/Euro, 2.15 pm (C.E.T.)",NOK,0
EXR.M.NOK.EUR.SP00.A,M,NOK,EUR,SP00,A,2024-06,11.4178,A,F,,,P1M,,A,,,,,,,99Q1=100,,,4,,4F0,,Norwegian krone/Euro ECB reference exchange rate,"ECB reference exchange rate, Norwegian krone/Euro, 2.15 pm (C.E.T.)",NOK,0
EXR.M.NOK.EUR.SP00.A,M,NOK,EUR,SP00,A,2024-07,11.7160347826087,A,F,,,P1M,,A,,,,,,,99Q1=100,,,4,,4F0,,Norwegian krone/Euro ECB reference exchange rate,"ECB reference exchange rate, Norwegian krone/Euro, 2.15 pm (C.E.T.)",NOK,0
EXR.M.NOK.EUR.SP00.A,M,NOK,EUR,SP00,A,2024-08,11.7894909090909,A,F,,,P1M,,A,,,,,,,99Q1=100,,,4,,4F0,,Norwegian krone/Euro ECB reference exchange rate,"ECB reference exchange rate, Norwegian krone/Euro, 2.15 pm (C.E.T.)",NOK,0
EXR.M.NOK.EUR.SP00.A,M,NOK,EUR,SP00,A,2024-09,11.7852428571429,A,F,,,P1M,,A,,,,,,,99Q1=100,,,4,,4F0,,Norwegian krone/Euro ECB reference exchange rate,"ECB reference exchange rate, Norwegian krone/Euro, 2.15 pm (C.E.T.)",NOK,0
EXR.M.NOK.EUR.SP00.A,M,NOK,EUR,SP00,A,2024-10,11.7907086956522,A,F,,,P1M,,A,,,,,,,99Q1=100,,,4,,4F0,,Norwegian krone/Euro ECB reference exchange rate,"ECB reference exchange rate, Norwegian krone/Euro, 2.15 pm (C.E.T.)",NOK,0
EXR.M.NOK.EUR.SP00.A,M,NOK,EUR,SP00,A,2024-11,11.7407619047619,A,F,,,P1M,,A,,,,,,,99Q1=100,,,4,,4F0,,Norwegian krone/Euro ECB reference exchange rate,"ECB reference exchange rate, Norwegian krone/Euro, 2.15 pm (C.E.T.)",NOK,0
EXR.M.NOK.EUR.SP00.A,M,NOK,EUR,SP00,A,2024-12,11.744705,A,F,,,P1M,,A,,,,,,,99Q1=100,,,4,,4F0,,Norwegian krone/Euro ECB reference exchange rate,"ECB reference exchange rate, Norwegian krone/Euro, 2.15 pm (C.E.T.)",NOK,0
EXR.M.NOK.EUR.SP00.A,M,NOK,EUR,SP00,A,2025-01,11.7455727272727,A,F,,,P1M,,A,,,,,,,99Q1=100,,,4,,4F0,,Norwegian krone/Euro ECB reference exchange rate,"ECB reference exchange rate, Norwegian krone/Euro, 2.15 pm (C.E.T.)",NOK,0
EXR.M.NOK.EUR.SP00.A,M,NOK,EUR,SP00,A,2025-02,11.657395,A,F,,,P1M,,A,,,,,,,99Q1=100,,,4,,4F0,,Norwegian krone/Euro ECB reference exchange rate,"ECB reference exchange rate, Norwegian krone/Euro, 2.15 pm (C.E.T.)",NOK,0
EXR.M.NOK.EUR.SP00.A,M,NOK,EUR,SP00,A,2025-03,11.547180952381,A,F,,,P1M,,A,,,,,,,99Q1=100,,,4,,4F0,,Norwegian krone/Euro ECB reference exchange rate,"ECB reference exchange rate, Norwegian krone/Euro, 2.15 pm (C.E.T.)",NOK,0
EXR.M.NOK.EUR.SP00.A,M,NOK,EUR,SP00,A,2025-04,11.837979999999998,A,F,,,P1M,,A,,,,,,,99Q1=100,,,4,,4F0,,Norwegian krone/Euro ECB reference exchange rate,"ECB reference exchange rate, Norwegian krone/Euro, 2.15 pm (C.E.T.)",NOK,0
EXR.M.NOK.EUR.SP00.A,M,NOK,EUR,SP00,A,2025-05,11.596766666666666,A,F,,,P1M,,A,,,,,,,99Q1=100,,,4,,4F0,,Norwegian krone/Euro ECB reference exchange rate,"ECB reference exchange rate, Norwegian krone/Euro, 2.15 pm (C.E.T.)",NOK,0
EXR.M.NOK.EUR.SP00.A,M,NOK,EUR,SP00,A,2025-06,11.584133333333332,A,F,,,P1M,,A,,,,,,,99Q1=100,,,4,,4F0,,Norwegian krone/Euro ECB reference exchange rate,"ECB reference exchange rate, Norwegian krone/Euro, 2.15 pm (C.E.T.)",NOK,0
EXR.M.NOK.EUR.SP00.A,M,NOK,EUR,SP00,A,2025-07,11.85369565217391,A,F,,,P1M,,A,,,,,,,99Q1=100,,,4,,4F0,,Norwegian krone/Euro ECB reference exchange rate,"ECB reference exchange rate, Norwegian krone/Euro, 2.15 pm (C.E.T.)",NOK,0
EXR.M.NOK.EUR.SP00.A,M,NOK,EUR,SP00,A,2025-08,11.865280952380957,A,F,,,P1M,,A,,,,,,,99Q1=100,,,4,,4F0,,Norwegian krone/Euro ECB reference exchange rate,"ECB reference exchange rate, Norwegian krone/Euro, 2.15 pm (C.E.T.)",NOK,0
EXR.M.NOK.EUR.SP00.A,M,NOK,EUR,SP00,A,2025-09,11.670181818181817,A,F,,,P1M,,A,,,,,,,99Q1=100,,,4,,4F0,,Norwegian krone/Euro ECB reference exchange rate,"ECB reference exchange rate, Norwegian krone/Euro, 2.15 pm (C.E.T.)",NOK,0
EXR.M.NOK.EUR.SP00.A,M,NOK,EUR,SP00,A,2025-10,11.663252173913042,A,F,,,P1M,,A,,,,,,,99Q1=100,,,4,,4F0,,Norwegian krone/Euro ECB reference exchange rate,"ECB reference exchange rate, Norwegian krone/Euro, 2.15 pm (C.E.T.)",NOK,0
EXR.M.NOK.EUR.SP00.A,M,NOK,EUR,SP00,A,2025-11,11.740205000000001,A,F,,,P1M,,A,,,,,,,99Q1=100,,,4,,4F0,,Norwegian krone/Euro ECB reference exchange rate,"ECB reference exchange rate, Norwegian krone/Euro, 2.15 pm (C.E.T.)",NOK,0
EXR.M.NOK.EUR.SP00.A,M,NOK,EUR,SP00,A,2025-12,11.842847619047618,A,F,,,P1M,,A,,,,,,,99Q1=100,,,4,,4F0,,Norwegian krone/Euro ECB reference exchange rate,"ECB reference exchange rate, Norwegian krone/Euro, 2.15 pm (C.E.T.)",NOK,0
EXR.M.SEK.EUR.SP00.A,M,SEK,EUR,SP00,A,2020-12,10.1735954545455,A,F,,,P1M,,A,,,,,,,99Q1=100,,,4,,4F0,,Swedish krona/Euro ECB reference exchange rate,"ECB reference exchange rate, Swedish krona/Euro, 2.15 pm (C.E.T.)",SEK,0
EXR.M.SEK.EUR.SP00.A,M,SEK,EUR,SP00,A,2021-01,10.09523,A,F,,,P1M,,A,,,,,,,99Q1=100,,,4,,4F0,,Swedish krona/Euro ECB reference exchange rate,"ECB reference exchange rate, Swedish krona/Euro, 2.15 pm (C.E.T.)",SEK,0
EXR.M.SEK.EUR.SP00.A,M,SEK,EUR,SP00,A,2021-02,10.088665,A,F,,,P1M,,A,,,,,,,99Q1=100,,,4,,4F0,,Swedish krona/Euro ECB reference exchange rate,"ECB reference exchange rate, Swedish krona/Euro, 2.15 pm (C.E.T.)",SEK,0
EXR.M.SEK.EUR.SP00.A,M,SEK,EUR,SP00,A,2021-03,10.169247826087,A,F,,,P1M,,A,,,,,,,99Q1=100,,,4,,4F0,,Swedish krona/Euro ECB reference exchange rate,"ECB reference exchange rate, Swedish krona/Euro, 2.15 pm (C.E.T.)",SEK,0
EXR.M.SEK.EUR.SP00.A,M,SEK,EUR,SP00,A,2021-04,10.16202,A,F,,,P1M,,A,,,,,,,99Q1=100,,,4,,4F0,,Swedish krona/Euro ECB reference exchange rate,"ECB reference exchange rate, Swedish krona/Euro, 2.15 pm (C.E.T.)",SEK,0
EXR.M.SEK.EUR.SP00.A,M,SEK,EUR,SP00,A,2021-05,10.1470666666667,A,F,,,P1M,,A,,,,,,,99Q1=100,,,4,,4F0,,Swedish krona/Euro ECB reference exchange rate,"ECB reference exchange rate, Swedish krona/Euro, 2.15 pm (C.E.T.)",SEK,0
EXR.M.SEK.EUR.SP00.A,M,SEK,EUR,SP00,A,2021-06,10.11715,A,F,,,P1M,,A,,,,,,,99Q1=100,,,4,,4F0,,Swedish krona/Euro ECB reference exchange rate,"ECB reference exchange rate, Swedish krona/Euro, 2.15 pm (C.E.T.)",SEK,0
EXR.M.SEK.EUR.SP00.A,M,SEK,EUR,SP00,A,2021-07,10.1978681818182,A,F,,,P1M,,A,,,,,,,99Q1=100,,,4,,4F0,,Swedish krona/Euro ECB reference exchange rate,"ECB reference exchange rate, Swedish krona/Euro, 2.15 pm (C.E.T.)",SEK,0
EXR.M.SEK.EUR.SP00.A,M,SEK,EUR,SP00,A,2021-08,10.2156772727273,A,F,,,P1M,,A,,,,,,,99Q1=100,,,4,,4F0,,Swedish krona/Euro ECB reference exchange rate,"ECB reference exchange rate, Swedish krona/Euro, 2.15 pm (C.E.T.)",SEK,0
EXR.M.SEK.EUR.SP00.A,M,SEK,EUR,SP00,A,2021-09,10.171,A,F,,,P1M,,A,,,,,,,99Q1=100,,,4,,4F0,,Swedish krona/Euro ECB reference exchange rate,"ECB reference exchange rate, Swedish krona/Euro, 2.15 pm (C.E.T.)",SEK,0
EXR.M.SEK.EUR.SP00.A,M,SEK,EUR,SP00,A,2021-10,10.055719047619,A,F,,,P1M,,A,,,,,,,99Q1=100,,,4,,4F0,,Swedish krona/Euro ECB reference exchange rate,"ECB reference exchange rate, Swedish krona/Euro, 2.15 pm (C.E.T.)",SEK,0
EXR.M.SEK.EUR.SP00.A,M,SEK,EUR,SP00,A,2021-11,10.0459136363636,A,F,,,P1M,,A,,,,,,,99Q1=100,,,4,,4F0,,Swedish krona/Euro ECB reference exchange rate,"ECB reference exchange rate, Swedish krona/Euro, 2.15 pm (C.E.T.)",SEK,0
EXR.M.SEK.EUR.SP00.A,M,SEK,EUR,SP00,A,2021-12,10.2726347826087,A,F,,,P1M,,A,,,,,,,99Q1=100,,,4,,4F0,,Swedish krona/Euro ECB reference exchange rate,"ECB reference exchange rate, Swedish krona/Euro, 2.15 pm (C.E.T.)",SEK,0
EXR.M.SEK.EUR.SP00.A,M,SEK,EUR,SP00,A,2022-01,10.3578761904762,A,F,,,P1M,,A,,,,,,,99Q1=100,,,4,,4F0,,Swedish krona/Euro ECB reference exchange rate,"ECB reference exchange rate, Swedish krona/Euro, 2.15 pm (C.E.T.)",SEK,0
EXR.M.SEK.EUR.SP00.A,M,SEK,EUR,SP00,A,2022-02,10.534175,A,F,,,P1M,,A,,,,,,,99Q1=100,,,4,,4F0,,Swedish krona/Euro ECB reference exchange rate,"ECB reference exchange rate, Swedish krona/Euro, 2.15 pm (C.E.T.)",SEK,0
EXR.M.SEK.EUR.SP00.A,M,SEK,EUR,SP00,A,2022-03,10.5462695652174,A,F,,,P1M,,A,,,,,,,99Q1=100,,,4,,4F0,,Swedish krona/Euro ECB reference exchange rate,"ECB reference exchange rate, Swedish krona/Euro, 2.15 pm (C.E.T.)",SEK,0
EXR.M.SEK.EUR.SP00.A,M,SEK,EUR,SP00,A,2022-04,10.3175421052632,A,F,,,P1M,,A,,,,,,,99Q1=100,,,4,,4F0,,Swedish krona/Euro ECB reference exchange rate,"ECB reference exchange rate, Swedish krona/Euro, 2.15 pm (C.E.T.)",SEK,0
EXR.M.SEK.EUR.SP00.A,M,SEK,EUR,SP00,A,2022-05,10.4956318181818,A,F,,,P1M,,A,,,,,,,99Q1=100,,,4,,4F0,,Swedish krona/Euro ECB reference exchange rate,"ECB reference exchange rate, Swedish krona/Euro, 2.15 pm (C.E.T.)",SEK,0
EXR.M.SEK.EUR.SP00.A,M,SEK,EUR,SP00,A,2022-06,10.6005181818182,A,F,,,P1M,,A,,,,,,,99Q1=100,,,4,,4F0,,Swedish krona/Euro ECB reference exchange rate,"ECB reference exchange rate, Swedish krona/Euro, 2.15 pm (C.E.T.)",SEK,0
EXR.M.SEK.EUR.SP00.A,M,SEK,EUR,SP00,A,2022-07,10.5751571428571,A,F,,,P1M,,A,,,,,,,99Q1=100,,,4,,4F0,,Swedish krona/Euro ECB reference exchange rate,"ECB reference exchange rate, Swedish krona/Euro, 2.15 pm (C.E.T.)",SEK,0
EXR.M.SEK.EUR.SP00.A,M,SEK,EUR,SP00,A,2022-08,10.5020913043478,A,F,,,P1M,,A,,,,,,,99Q1=100,,,4,,4F0,,Swedish krona/Euro ECB reference exchange rate,"ECB reference exchange rate, Swedish krona/Euro, 2.15 pm (C.E.T.)",SEK,0
EXR.M.SEK.EUR.SP00.A,M,SEK,EUR,SP00,A,2022-09,10.7839681818182,A,F,,,P1M,,A,,,,,,,99Q1=100,,,4,,4F0,,Swedish krona/Euro ECB reference exchange rate,"ECB reference exchange rate, Swedish krona/Euro, 2.15 pm (C.E.T.)",SEK,0
EXR.M.SEK.EUR.SP00.A,M,SEK,EUR,SP00,A,2022-10,10.9502666666667,A,F,,,P1M,,A,,,,,,,99Q1=100,,,4,,4F0,,Swedish krona/Euro ECB reference exchange rate,"ECB reference exchange rate, Swedish krona/Euro, 2.15 pm (C.E.T.)",SEK,0
EXR.M.SEK.EUR.SP00.A,M,SEK,EUR,SP00,A,2022-11,10.8798045454546,A,F,,,P1M,,A,,,,,,,99Q1=100,,,4,,4F0,,Swedish krona/Euro ECB reference exchange rate,"ECB reference exchange rate, Swedish krona/Euro, 2.15 pm (C.E.T.)",SEK,0
EXR.M.SEK.EUR.SP00.A,M,SEK,EUR,SP00,A,2022-12,10.9859095238095,A,F,,,P1M,,A,,,,,,,99Q1=100,,,4,,4F0,,Swedish krona/Euro ECB reference exchange rate,"ECB reference exchange rate, Swedish krona/Euro, 2.15 pm (C.E.T.)",SEK,0
EXR.M.SEK.EUR.SP00.A,M,SEK,EUR,SP00,A,2023-01,11.2050909090909,A,F,,,P1M,,A,,,,,,,99Q1=100,,,4,,4F0,,Swedish krona/Euro ECB reference exchange rate,"ECB reference exchange rate, Swedish krona/Euro, 2.15 pm (C.E.T.)",SEK,0
EXR.M.SEK.EUR.SP00.A,M,SEK,EUR,SP00,A,2023-02,11.172465,A,F,,,P1M,,A,,,,,,,99Q1=100,,,4,,4F0,,Swedish krona/Euro ECB reference exchange rate,"ECB reference exchange rate, Swedish krona/Euro, 2.15 pm (C.E.T.)",SEK,0
EXR.M.SEK.EUR.SP00.A,M,SEK,EUR,SP00,A,2023-03,11.227552173913,A,F,,,P1M,,A,,,,,,,99Q1=100,,,4,,4F0,,Swedish krona/Euro ECB reference exchange rate,"ECB reference exchange rate, Swedish krona/Euro, 2.15 pm (C.E.T.)",SEK,0
EXR.M.SEK.EUR.SP00.A,M,SEK,EUR,SP00,A,2023-04,11.3369944444444,A,F,,,P1M,,A,,,,,,,99Q1=100,,,4,,4F0,,Swedish krona/Euro ECB reference exchange rate,"ECB reference exchange rate, Swedish krona/Euro, 2.15 pm (C.E.T.)",SEK,0
EXR.M.SEK.EUR.SP00.A,M,SEK,EUR,SP00,A,2023-05,11.3696772727273,A,F,,,P1M,,A,,,,,,,99Q1=100,,,4,,4F0,,Swedish krona/Euro ECB reference exchange rate,"ECB reference exchange rate, Swedish krona/Euro, 2.15 pm (C.E.T.)",SEK,0
EXR.M.SEK.EUR.SP00.A,M,SEK,EUR,SP00,A,2023-06,11.6765954545455,A,F,,,P1M,,A,,,,,,,99Q1=100,,,4,,4F0,,Swedish krona/Euro ECB reference exchange rate,"ECB reference exchange rate, Swedish krona/Euro, 2.15 pm (C.E.T.)",SEK,0
EXR.M.SEK.EUR.SP00.A,M,SEK,EUR,SP00,A,2023-07,11.6343238095238,A,F,,,P1M,,A,,,,,,,99Q1=100,,,4,,4F0,,Swedish krona/Euro ECB reference exchange rate,"ECB reference exchange rate, Swedish krona/Euro, 2.15 pm (C.E.T.)",SEK,0
EXR.M.SEK.EUR.SP00.A,M,SEK,EUR,SP00,A,2023-08,11.8117,A,F,,,P1M,,A,,,,,,,99Q1=100,,,4,,4F0,,Swedish krona/Euro ECB reference exchange rate,"ECB reference exchange rate, Swedish krona/Euro, 2.15 pm (C.E.T.)",SEK,0
EXR.M.SEK.EUR.SP00.A,M,SEK,EUR,SP00,A,2023-09,11.8417380952381,A,F,,,P1M,,A,,,,,,,99Q1=100,,,4,,4F0,,Swedish krona/Euro ECB reference exchange rate,"ECB reference exchange rate, Swedish krona/Euro, 2.15 pm (C.E.T.)",SEK,0
EXR.M.SEK.EUR.SP00.A,M,SEK,EUR,SP00,A,2023-10,11.6472409090909,A,F,,,P1M,,A,,,,,,,99Q1=100,,,4,,4F0,,Swedish krona/Euro ECB reference exchange rate,"ECB reference exchange rate, Swedish krona/Euro, 2.15 pm (C.E.T.)",SEK,0
EXR.M.SEK.EUR.SP00.A,M,SEK,EUR,SP00,A,2023-11,11.5474909090909,A,F,,,P1M,,A,,,,,,,99Q1=100,,,4,,4F0,,Swedish krona/Euro ECB reference exchange rate,"ECB reference exchange rate, Swedish krona/Euro, 2.15 pm (C.E.T.)",SEK,0
EXR.M.SEK.EUR.SP00.A,M,SEK,EUR,SP00,A,2023-12,11.2028421052632,A,F,,,P1M,,A,,,,,,,99Q1=100,,,4,,4F0,,Swedish krona/Euro ECB reference exchange rate,"ECB reference exchange rate, Swedish krona/Euro, 2.15 pm (C.E.T.)",SEK,0
EXR.M.SEK.EUR.SP00.A,M,SEK,EUR,SP00,A,2024-01,11.2833772727273,A,F,,,P1M,,A,,,,,,,99Q1=100,,,4,,4F0,,Swedish krona/Euro ECB reference exchange rate,"ECB reference exchange rate, Swedish krona/Euro, 2.15 pm (C.E.T.)",SEK,0
EXR.M.SEK.EUR.SP00.A,M,SEK,EUR,SP00,A,2024-02,11.249980952381,A,F,,,P1M,,A,,,,,,,99Q1=100,,,4,,4F0,,Swedish krona/Euro ECB reference exchange rate,"ECB reference exchange rate, Swedish krona/Euro, 2.15 pm (C.E.T.)",SEK,0
EXR.M.SEK.EUR.SP00.A,M,SEK,EUR,SP00,A,2024-03,11.30538,A,F,,,P1M,,A,,,,,,,99Q1=100,,,4,,4F0,,Swedish krona/Euro ECB reference exchange rate,"ECB reference exchange rate, Swedish krona/Euro, 2.15 pm (C.E.T.)",SEK,0
EXR.M.SEK.EUR.SP00.A,M,SEK,EUR,SP00,A,2024-04,11.5909619047619,A,F,,,P1M,,A,,,,,,,99Q1=100,,,4,,4F0,,Swedish krona/Euro ECB reference exchange rate,"ECB reference exchange rate, Swedish krona/Euro, 2.15 pm (C.E.T.)",SEK,0
EXR.M.SEK.EUR.SP00.A,M,SEK,EUR,SP00,A,2024-05,11.6186045454545,A,F,,,P1M,,A,,,,,,,99Q1=100,,,4,,4F0,,Swedish krona/Euro ECB reference exchange rate,"ECB reference exchange rate, Swedish krona/Euro, 2.15 pm (C.E.T.)",SEK,0
EXR.M.SEK.EUR.SP00.A,M,SEK,EUR,SP00,A,2024-06,11.28512,A,F,,,P1M,,A,,,,,,,99Q1=100,,,4,,4F0,,Swedish krona/Euro ECB reference exchange rate,"ECB reference exchange rate, Swedish krona/Euro, 2.15 pm (C.E.T.)",SEK,0
EXR.M.SEK.EUR.SP00.A,M,SEK,EUR,SP00,A,2024-07,11.5324043478261,A,F,,,P1M,,A,,,,,,,99Q1=100,,,4,,4F0,,Swedish krona/Euro ECB reference exchange rate,"ECB reference exchange rate, Swedish krona/Euro, 2.15 pm (C.E.T.)",SEK,0
EXR.M.SEK.EUR.SP00.A,M,SEK,EUR,SP00,A,2024-08,11.4556590909091,A,F,,,P1M,,A,,,,,,,99Q1=100,,,4,,4F0,,Swedish krona/Euro ECB reference exchange rate,"ECB reference exchange rate, Swedish krona/Euro, 2.15 pm (C.E.T.)",SEK,0
EXR.M.SEK.EUR.SP00.A,M,SEK,EUR,SP00,A,2024-09,11.3577285714286,A,F,,,P1M,,A,,,,,,,99Q1=100,,,4,,4F0,,Swedish krona/Euro ECB reference exchange rate,"ECB reference exchange rate, Swedish krona/Euro, 2.15 pm (C.E.T.)",SEK,0
EXR.M.SEK.EUR.SP00.A,M,SEK,EUR,SP00,A,2024-10,11.404752173913,A,F,,,P1M,,A,,,,,,,99Q1=100,,,4,,4F0,,Swedish krona/Euro ECB reference exchange rate,"ECB reference exchange rate, Swedish krona/Euro, 2.15 pm (C.E.T.)",SEK,0
EXR.M.SEK.EUR.SP00.A,M,SEK,EUR,SP00,A,2024-11,11.5828333333333,A,F,,,P1M,,A,,,,,,,99Q1=100,,,4,,4F0,,Swedish krona/Euro ECB reference exchange rate,"ECB reference exchange rate, Swedish krona/Euro, 2.15 pm (C.E.T.)",SEK,0
EXR.M.SEK.EUR.SP00.A,M,SEK,EUR,SP00,A,2024-12,11.50403,A,F,,,P1M,,A,,,,,,,99Q1=100,,,4,,4F0,,Swedish krona/Euro ECB reference exchange rate,"ECB reference exchange rate, Swedish krona/Euro, 2.15 pm (C.E.T.)",SEK,0
EXR.M.SEK.EUR.SP00.A,M,SEK,EUR,SP00,A,2025-01,11.4796727272727,A,F,,,P1M,,A,,,,,,,99Q1=100,,,4,,4F0,,Swedish krona/Euro ECB reference exchange rate,"ECB reference exchange rate, Swedish krona/Euro, 2.15 pm (C.E.T.)",SEK,0
EXR.M.SEK.EUR.SP00.A,M,SEK,EUR,SP00,A,2025-02,11.24739,A,F,,,P1M,,A,,,,,,,99Q1=100,,,4,,4F0,,Swedish krona/Euro ECB reference exchange rate,"ECB reference exchange rate, Swedish krona/Euro, 2.15 pm (C.E.T.)",SEK,0
EXR.M.SEK.EUR.SP00.A,M,SEK,EUR,SP00,A,2025-03,10.9675142857143,A,F,,,P1M,,A,,,,,,,99Q1=100,,,4,,4F0,,Swedish krona/Euro ECB reference exchange rate,"ECB reference exchange rate, Swedish krona/Euro, 2.15 pm (C.E.T.)",SEK,0
EXR.M.SEK.EUR.SP00.A,M,SEK,EUR,SP00,A,2025-04,10.974425,A,F,,,P1M,,A,,,,,,,99Q1=100,,,4,,4F0,,Swedish krona/Euro ECB reference exchange rate,"ECB reference exchange rate, Swedish krona/Euro, 2.15 pm (C.E.T.)",SEK,0
EXR.M.SEK.EUR.SP00.A,M,SEK,EUR,SP00,A,2025-05,10.881166666666667,A,F,,,P1M,,A,,,,,,,99Q1=100,,,4,,4F0,,Swedish krona/Euro ECB reference exchange rate,"ECB reference exchange rate, Swedish krona/Euro, 2.15 pm (C.E.T.)",SEK,0
EXR.M.SEK.EUR.SP00.A,M,SEK,EUR,SP00,A,2025-06,11.009419047619048,A,F,,,P1M,,A,,,,,,,99Q1=100,,,4,,4F0,,Swedish krona/Euro ECB reference exchange rate,"ECB reference exchange rate, Swedish krona/Euro, 2.15 pm (C.E.T.)",SEK,0
EXR.M.SEK.EUR.SP00.A,M,SEK,EUR,SP00,A,2025-07,11.198521739130436,A,F,,,P1M,,A,,,,,,,99Q1=100,,,4,,4F0,,Swedish krona/Euro ECB reference exchange rate,"ECB reference exchange rate, Swedish krona/Euro, 2.15 pm (C.E.T.)",SEK,0
EXR.M.SEK.EUR.SP00.A,M,SEK,EUR,SP00,A,2025-08,11.160952380952379,A,F,,,P1M,,A,,,,,,,99Q1=100,,,4,,4F0,,Swedish krona/Euro ECB reference exchange rate,"ECB reference exchange rate, Swedish krona/Euro, 2.15 pm (C.E.T.)",SEK,0
EXR.M.SEK.EUR.SP00.A,M,SEK,EUR,SP00,A,2025-09,11.000386363636363,A,F,,,P1M,,A,,,,,,,99Q1=100,,,4,,4F0,,Swedish krona/Euro ECB reference exchange rate,"ECB reference exchange rate, Swedish krona/Euro, 2.15 pm (C.E.T.)",SEK,0
EXR.M.SEK.EUR.SP00.A,M,SEK,EUR,SP00,A,2025-10,10.969926086956523,A,F,,,P1M,,A,,,,,,,99Q1=100,,,4,,4F0,,Swedish krona/Euro ECB reference exchange rate,"ECB reference exchange rate, Swedish krona/Euro, 2.15 pm (C.E.T.)",SEK,0
EXR.M.SEK.EUR.SP00.A,M,SEK,EUR,SP00,A,2025-11,10.99145,A,F,,,P1M,,A,,,,,,,99Q1=100,,,4,,4F0,,Swedish krona/Euro ECB reference exchange rate,"ECB reference exchange rate, Swedish krona/Euro, 2.15 pm (C.E.T.)",SEK,0
EXR.M.SEK.EUR.SP00.A,M,SEK,EUR,SP00,A,2025-12,10.89557142857143,A,F,,,P1M,,A,,,,,,,99Q1=100,,,4,,4F0,,Swedish krona/Euro ECB reference exchange rate,"ECB reference exchange rate, Swedish krona/Euro, 2.15 pm (C.E.T.)",SEK,0
EXR.M.USD.EUR.SP00.A,M,USD,EUR,SP00,A,2020-12,1.2169727272727,A,F,,,P1M,,A,,,,,,,99Q1=100,,,4,,4F0,,US dollar/Euro ECB reference exchange rate,"ECB reference exchange rate, US dollar/Euro, 2.15 pm (C.E.T.)",USD,0
EXR.M.USD.EUR.SP00.A,M,USD,EUR,SP00,A,2021-01,1.217085,A,F,,,P1M,,A,,,,,,,99Q1=100,,,4,,4F0,,US dollar/Euro ECB reference exchange rate,"ECB reference exchange rate, US dollar/Euro, 2.15 pm (C.E.T.)",USD,0
EXR.M.USD.EUR.SP00.A,M,USD,EUR,SP00,A,2021-02,1.20979,A,F,,,P1M,,A,,,,,,,99Q1=100,,,4,,4F0,,US dollar/Euro ECB reference exchange rate,"ECB reference exchange rate, US dollar/Euro, 2.15 pm (C.E.T.)",USD,0
EXR.M.USD.EUR.SP00.A,M,USD,EUR,SP00,A,2021-03,1.1899086956522,A,F,,,P1M,,A,,,,,,,99Q1=100,,,4,,4F0,,US dollar/Euro ECB reference exchange rate,"ECB reference exchange rate, US dollar/Euro, 2.15 pm (C.E.T.)",USD,0
EXR.M.USD.EUR.SP00.A,M,USD,EUR,SP00,A,2021-04,1.19791,A,F,,,P1M,,A,,,,,,,99Q1=100,,,4,,4F0,,US dollar/Euro ECB reference exchange rate,"ECB reference exchange rate, US dollar/Euro, 2.15 pm (C.E.T.)",USD,0
EXR.M.USD.EUR.SP00.A,M,USD,EUR,SP00,A,2021-05,1.2145904761905,A,F,,,P1M,,A,,,,,,,99Q1=100,,,4,,4F0,,US dollar/Euro ECB reference exchange rate,"ECB reference exchange rate, US dollar/Euro, 2.15 pm (C.E.T.)",USD,0
EXR.M.USD.EUR.SP00.A,M,USD,EUR,SP00,A,2021-06,1.2047090909091,A,F,,,P1M,,A,,,,,,,99Q1=100,,,4,,4F0,,US dollar/Euro ECB reference exchange rate,"ECB reference exchange rate, US dollar/Euro, 2.15 pm (C.E.T.)",USD,0
EXR.M.USD.EUR.SP00.A,M,USD,EUR,SP00,A,2021-07,1.1821818181818,A,F,,,P1M,,A,,,,,,,99Q1=100,,,4,,4F0,,US dollar/Euro ECB reference exchange rate,"ECB reference exchange rate, US dollar/Euro, 2.15 pm (C.E.T.)",USD,0
EXR.M.USD.EUR.SP00.A,M,USD,EUR,SP00,A,2021-08,1.1771818181818,A,F,,,P1M,,A,,,,,,,99Q1=100,,,4,,4F0,,US dollar/Euro ECB reference exchange rate,"ECB reference exchange rate, US dollar/Euro, 2.15 pm (C.E.T.)",USD,0
EXR.M.USD.EUR.SP00.A,M,USD,EUR,SP00,A,2021-09,1.1770318181818,A,F,,,P1M,,A,,,,,,,99Q1=100,,,4,,4F0,,US dollar/Euro ECB reference exchange rate,"ECB reference exchange rate, US dollar/Euro, 2.15 pm (C.E.T.)",USD,0
EXR.M.USD.EUR.SP00.A,M,USD,EUR,SP00,A,2021-10,1.1601476190476,A,F,,,P1M,,A,,,,,,,99Q1=100,,,4,,4F0,,US dollar/Euro ECB reference exchange rate,"ECB reference exchange rate, US dollar/Euro, 2.15 pm (C.E.T.)",USD,0
EXR.M.USD.EUR.SP00.A,M,USD,EUR,SP00,A,2021-11,1.1414045454545,A,F,,,P1M,,A,,,,,,,99Q1=100,,,4,,4F0,,US dollar/Euro ECB reference exchange rate,"ECB reference exchange rate, US dollar/Euro, 2.15 pm (C.E.T.)",USD,0
EXR.M.USD.EUR.SP00.A,M,USD,EUR,SP00,A,2021-12,1.1303782608696,A,F,,,P1M,,A,,,,,,,99Q1=100,,,4,,4F0,,US dollar/Euro ECB reference exchange rate,"ECB reference exchange rate, US dollar/Euro, 2.15 pm (C.E.T.)",USD,0
EXR.M.USD.EUR.SP00.A,M,USD,EUR,SP00,A,2022-01,1.1314476190476,A,F,,,P1M,,A,,,,,,,99Q1=100,,,4,,4F0,,US dollar/Euro ECB reference exchange rate,"ECB reference exchange rate, US dollar/Euro, 2.15 pm (C.E.T.)",USD,0
EXR.M.USD.EUR.SP00.A,M,USD,EUR,SP00,A,2022-02,1.13419,A,F,,,P1M,,A,,,,,,,99Q1=100,,,4,,4F0,,US dollar/Euro ECB reference exchange rate,"ECB reference exchange rate, US dollar/Euro, 2.15 pm (C.E.T.)",USD,0
EXR.M.USD.EUR.SP00.A,M,USD,EUR,SP00,A,2022-03,1.1018956521739,A,F,,,P1M,,A,,,,,,,99Q1=100,,,4,,4F0,,US dollar/Euro ECB reference exchange rate,"ECB reference exchange rate, US dollar/Euro, 2.15 pm (C.E.T.)",USD,0
EXR.M.USD.EUR.SP00.A,M,USD,EUR,SP00,A,2022-04,1.0818736842105,A,F,,,P1M,,A,,,,,,,99Q1=100,,,4,,4F0,,US dollar/Euro ECB reference exchange rate,"ECB reference exchange rate, US dollar/Euro, 2.15 pm (C.E.T.)",USD,0
EXR.M.USD.EUR.SP00.A,M,USD,EUR,SP00,A,2022-05,1.05785,A,F,,,P1M,,A,,,,,,,99Q1=100,,,4,,4F0,,US dollar/Euro ECB reference exchange rate,"ECB reference exchange rate, US dollar/Euro, 2.15 pm (C.E.T.)",USD,0
EXR.M.USD.EUR.SP00.A,M,USD,EUR,SP00,A,2022-06,1.0565818181818,A,F,,,P1M,,A,,,,,,,99Q1=100,,,4,,4F0,,US dollar/Euro ECB reference exchange rate,"ECB reference exchange rate, US dollar/Euro, 2.15 pm (C.E.T.)",USD,0
EXR.M.USD.EUR.SP00.A,M,USD,EUR,SP00,A,2022-07,1.0178904761905,A,F,,,P1M,,A,,,,,,,99Q1=100,,,4,,4F0,,US dollar/Euro ECB reference exchange rate,"ECB reference exchange rate, US dollar/Euro, 2.15 pm (C.E.T.)",USD,0
EXR.M.USD.EUR.SP00.A,M,USD,EUR,SP00,A,2022-08,1.0128434782609,A,F,,,P1M,,A,,,,,,,99Q1=100,,,4,,4F0,,US dollar/Euro ECB reference exchange rate,"ECB reference exchange rate, US dollar/Euro, 2.15 pm (C.E.T.)",USD,0
EXR.M.USD.EUR.SP00.A,M,USD,EUR,SP00,A,2022-09,0.9903772727273,A,F,,,P1M,,A,,,,,,,99Q1=100,,,4,,4F0,,US dollar/Euro ECB reference exchange rate,"ECB reference exchange rate, US dollar/Euro, 2.15 pm (C.E.T.)",USD,0
EXR.M.USD.EUR.SP00.A,M,USD,EUR,SP00,A,2022-10,0.9825666666667,A,F,,,P1M,,A,,,,,,,99Q1=100,,,4,,4F0,,US dollar/Euro ECB reference exchange rate,"ECB reference exchange rate, US dollar/Euro, 2.15 pm (C.E.T.)",USD,0
EXR.M.USD.EUR.SP00.A,M,USD,EUR,SP00,A,2022-11,1.0201272727273,A,F,,,P1M,,A,,,,,,,99Q1=100,,,4,,4F0,,US dollar/Euro ECB reference exchange rate,"ECB reference exchange rate, US dollar/Euro, 2.15 pm (C.E.T.)",USD,0
EXR.M.USD.EUR.SP00.A,M,USD,EUR,SP00,A,2022-12,1.058880952381,A,F,,,P1M,,A,,,,,,,99Q1=100,,,4,,4F0,,US dollar/Euro ECB reference exchange rate,"ECB reference exchange rate, US dollar/Euro, 2.15 pm (C.E.T.)",USD,0
EXR.M.USD.EUR.SP00.A,M,USD,EUR,SP00,A,2023-01,1.0769,A,F,,,P1M,,A,,,,,,,99Q1=100,,,4,,4F0,,US dollar/Euro ECB reference exchange rate,"ECB reference exchange rate, US dollar/Euro, 2.15 pm (C.E.T.)",USD,0
EXR.M.USD.EUR.SP00.A,M,USD,EUR,SP00,A,2023-02,1.07151,A,F,,,P1M,,A,,,,,,,99Q1=100,,,4,,4F0,,US dollar/Euro ECB reference exchange rate,"ECB reference exchange rate, US dollar/Euro, 2.15 pm (C.E.T.)",USD,0
EXR.M.USD.EUR.SP00.A,M,USD,EUR,SP00,A,2023-03,1.0705826086957,A,F,,,P1M,,A,,,,,,,99Q1=100,,,4,,4F0,,US dollar/Euro ECB reference exchange rate,"ECB reference exchange rate, US dollar/Euro, 2.15 pm (C.E.T.)",USD,0
EXR.M.USD.EUR.SP00.A,M,USD,EUR,SP00,A,2023-04,1.0967722222222,A,F,,,P1M,,A,,,,,,,99Q1=100,,,4,,4F0,,US dollar/Euro ECB reference exchange rate,"ECB reference exchange rate, US dollar/Euro, 2.15 pm (C.E.T.)",USD,0
EXR.M.USD.EUR.SP00.A,M,USD,EUR,SP00,A,2023-05,1.08675,A,F,,,P1M,,A,,,,,,,99Q1=100,,,4,,4F0,,US dollar/Euro ECB reference exchange rate,"ECB reference exchange rate, US dollar/Euro, 2.15 pm (C.E.T.)",USD,0
EXR.M.USD.EUR.SP00.A,M,USD,EUR,SP00,A,2023-06,1.0839863636364,A,F,,,P1M,,A,,,,,,,99Q1=100,,,4,,4F0,,US dollar/Euro ECB reference exchange rate,"ECB reference exchange rate, US dollar/Euro, 2.15 pm (C.E.T.)",USD,0
EXR.M.USD.EUR.SP00.A,M,USD,EUR,SP00,A,2023-07,1.1058142857143,A,F,,,P1M,,A,,,,,,,99Q1=100,,,4,,4F0,,US dollar/Euro ECB reference exchange rate,"ECB reference exchange rate, US dollar/Euro, 2.15 pm (C.E.T.)",USD,0
EXR.M.USD.EUR.SP00.A,M,USD,EUR,SP00,A,2023-08,1.0908869565217,A,F,,,P1M,,A,,,,,,,99Q1=100,,,4,,4F0,,US dollar/Euro ECB reference exchange rate,"ECB reference exchange rate, US dollar/Euro, 2.15 pm (C.E.T.)",USD,0
EXR.M.USD.EUR.SP00.A,M,USD,EUR,SP00,A,2023-09,1.068380952381,A,F,,,P1M,,A,,,,,,,99Q1=100,,,4,,4F0,,US dollar/Euro ECB reference exchange rate,"ECB reference exchange rate, US dollar/Euro, 2.15 pm (C.E.T.)",USD,0
EXR.M.USD.EUR.SP00.A,M,USD,EUR,SP00,A,2023-10,1.0562545454545,A,F,,,P1M,,A,,,,,,,99Q1=100,,,4,,4F0,,US dollar/Euro ECB reference exchange rate,"ECB reference exchange rate, US dollar/Euro, 2.15 pm (C.E.T.)",USD,0
EXR.M.USD.EUR.SP00.A,M,USD,EUR,SP00,A,2023-11,1.0808227272727,A,F,,,P1M,,A,,,,,,,99Q1=100,,,4,,4F0,,US dollar/Euro ECB reference exchange rate,"ECB reference exchange rate, US dollar/Euro, 2.15 pm (C.E.T.)",USD,0
EXR.M.USD.EUR.SP00.A,M,USD,EUR,SP00,A,2023-12,1.0903052631579,A,F,,,P1M,,A,,,,,,,99Q1=100,,,4,,4F0,,US dollar/Euro ECB reference exchange rate,"ECB reference exchange rate, US dollar/Euro, 2.15 pm (C.E.T.)",USD,0
EXR.M.USD.EUR.SP00.A,M,USD,EUR,SP00,A,2024-01,1.0905136363636,A,F,,,P1M,,A,,,,,,,99Q1=100,,,4,,4F0,,US dollar/Euro ECB reference exchange rate,"ECB reference exchange rate, US dollar/Euro, 2.15 pm (C.E.T.)",USD,0
EXR.M.USD.EUR.SP00.A,M,USD,EUR,SP00,A,2024-02,1.0794714285714,A,F,,,P1M,,A,,,,,,,99Q1=100,,,4,,4F0,,US dollar/Euro ECB reference exchange rate,"ECB reference exchange rate, US dollar/Euro, 2.15 pm (C.E.T.)",USD,0
EXR.M.USD.EUR.SP00.A,M,USD,EUR,SP00,A,2024-03,1.08722,A,F,,,P1M,,A,,,,,,,99Q1=100,,,4,,4F0,,US dollar/Euro ECB reference exchange rate,"ECB reference exchange rate, US dollar/Euro, 2.15 pm (C.E.T.)",USD,0
EXR.M.USD.EUR.SP00.A,M,USD,EUR,SP00,A,2024-04,1.0727761904762,A,F,,,P1M,,A,,,,,,,99Q1=100,,,4,,4F0,,US dollar/Euro ECB reference exchange rate,"ECB reference exchange rate, US dollar/Euro, 2.15 pm (C.E.T.)",USD,0
EXR.M.USD.EUR.SP00.A,M,USD,EUR,SP00,A,2024-05,1.0812227272727,A,F,,,P1M,,A,,,,,,,99Q1=100,,,4,,4F0,,US dollar/Euro ECB reference exchange rate,"ECB reference exchange rate, US dollar/Euro, 2.15 pm (C.E.T.)",USD,0
EXR.M.USD.EUR.SP00.A,M,USD,EUR,SP00,A,2024-06,1.0759,A,F,,,P1M,,A,,,,,,,99Q1=100,,,4,,4F0,,US dollar/Euro ECB reference exchange rate,"ECB reference exchange rate, US dollar/Euro, 2.15 pm (C.E.T.)",USD,0
EXR.M.USD.EUR.SP00.A,M,USD,EUR,SP00,A,2024-07,1.0844086956522,A,F,,,P1M,,A,,,,,,,99Q1=100,,,4,,4F0,,US dollar/Euro ECB reference exchange rate,"ECB reference exchange rate, US dollar/Euro, 2.15 pm (C.E.T.)",USD,0
EXR.M.USD.EUR.SP00.A,M,USD,EUR,SP00,A,2024-08,1.1012181818182,A,F,,,P1M,,A,,,,,,,99Q1=100,,,4,,4F0,,US dollar/Euro ECB reference exchange rate,"ECB reference exchange rate, US dollar/Euro, 2.15 pm (C.E.T.)",USD,0
EXR.M.USD.EUR.SP00.A,M,USD,EUR,SP00,A,2024-09,1.1106,A,F,,,P1M,,A,,,,,,,99Q1=100,,,4,,4F0,,US dollar/Euro ECB reference exchange rate,"ECB reference exchange rate, US dollar/Euro, 2.15 pm (C.E.T.)",USD,0
EXR.M.USD.EUR.SP00.A,M,USD,EUR,SP00,A,2024-10,1.0904347826087,A,F,,,P1M,,A,,,,,,,99Q1=100,,,4,,4F0,,US dollar/Euro ECB reference exchange rate,"ECB reference exchange rate, US dollar/Euro, 2.15 pm (C.E.T.)",USD,0
EXR.M.USD.EUR.SP00.A,M,USD,EUR,SP00,A,2024-11,1.0630142857143,A,F,,,P1M,,A,,,,,,,99Q1=100,,,4,,4F0,,US dollar/Euro ECB reference exchange rate,"ECB reference exchange rate, US dollar/Euro, 2.15 pm (C.E.T.)",USD,0
EXR.M.USD.EUR.SP00.A,M,USD,EUR,SP00,A,2024-12,1.047875,A,F,,,P1M,,A,,,,,,,99Q1=100,,,4,,4F0,,US dollar/Euro ECB reference exchange rate,"ECB reference exchange rate, US dollar/Euro, 2.15 pm (C.E.T.)",USD,0
EXR.M.USD.EUR.SP00.A,M,USD,EUR,SP00,A,2025-01,1.0353727272727,A,F,,,P1M,,A,,,,,,,99Q1=100,,,4,,4F0,,US dollar/Euro ECB reference exchange rate,"ECB reference exchange rate, US dollar/Euro, 2.15 pm (C.E.T.)",USD,0
EXR.M.USD.EUR.SP00.A,M,USD,EUR,SP00,A,2025-02,1.04125,A,F,,,P1M,,A,,,,,,,99Q1=100,,,4,,4F0,,US dollar/Euro ECB reference exchange rate,"ECB reference exchange rate, US dollar/Euro, 2.15 pm (C.E.T.)",USD,0
EXR.M.USD.EUR.SP00.A,M,USD,EUR,SP00,A,2025-03,1.080680952381,A,F,,,P1M,,A,,,,,,,99Q1=100,,,4,,4F0,,US dollar/Euro ECB reference exchange rate,"ECB reference exchange rate, US dollar/Euro, 2.15 pm (C.E.T.)",USD,0
EXR.M.USD.EUR.SP00.A,M,USD,EUR,SP00,A,2025-04,1.1213950000000001,A,F,,,P1M,,A,,,,,,,99Q1=100,,,4,,4F0,,US dollar/Euro ECB reference exchange rate,"ECB reference exchange rate, US dollar/Euro, 2.15 pm (C.E.T.)",USD,0
EXR.M.USD.EUR.SP00.A,M,USD,EUR,SP00,A,2025-05,1.1278047619047618,A,F,,,P1M,,A,,,,,,,99Q1=100,,,4,,4F0,,US dollar/Euro ECB reference exchange rate,"ECB reference exchange rate, US dollar/Euro, 2.15 pm (C.E.T.)",USD,0
EXR.M.USD.EUR.SP00.A,M,USD,EUR,SP00,A,2025-06,1.1516190476190478,A,F,,,P1M,,A,,,,,,,99Q1=100,,,4,,4F0,,US dollar/Euro ECB reference exchange rate,"ECB reference exchange rate, US dollar/Euro, 2.15 pm (C.E.T.)",USD,0
EXR.M.USD.EUR.SP00.A,M,USD,EUR,SP00,A,2025-07,1.1676869565217392,A,F,,,P1M,,A,,,,,,,99Q1=100,,,4,,4F0,,US dollar/Euro ECB reference exchange rate,"ECB reference exchange rate, US dollar/Euro, 2.15 pm (C.E.T.)",USD,0
EXR.M.USD.EUR.SP00.A,M,USD,EUR,SP00,A,2025-08,1.1631428571428575,A,F,,,P1M,,A,,,,,,,99Q1=100,,,4,,4F0,,US dollar/Euro ECB reference exchange rate,"ECB reference exchange rate, US dollar/Euro, 2.15 pm (C.E.T.)",USD,0
EXR.M.USD.EUR.SP00.A,M,USD,EUR,SP00,A,2025-09,1.1732227272727274,A,F,,,P1M,,A,,,,,,,99Q1=100,,,4,,4F0,,US dollar/Euro ECB reference exchange rate,"ECB reference exchange rate, US dollar/Euro, 2.15 pm (C.E.T.)",USD,0
EXR.M.USD.EUR.SP00.A,M,USD,EUR,SP00,A,2025-10,1.1630434782608696,A,F,,,P1M,,A,,,,,,,99Q1=100,,,4,,4F0,,US dollar/Euro ECB reference exchange rate,"ECB reference exchange rate, US dollar/Euro, 2.15 pm (C.E.T.)",USD,0
EXR.M.USD.EUR.SP00.A,M,USD,EUR,SP00,A,2025-11,1.15602,A,F,,,P1M,,A,,,,,,,99Q1=100,,,4,,4F0,,US dollar/Euro ECB reference exchange rate,"ECB reference exchange rate, US dollar/Euro, 2.15 pm (C.E.T.)",USD,0
EXR.M.USD.EUR.SP00.A,M,USD,EUR,SP00,A,2025-12,1.1708714285714283,A,F,,,P1M,,A,,,,,,,99Q1=100,,,4,,4F0,,US dollar/Euro ECB reference exchange rate,"ECB reference exchange rate, US dollar/Euro, 2.15 pm (C.E.T.)",USD,0
