STRUCTURE,STRUCTURE_ID,STRUCTURE_NAME,ACTION,REF_AREA,Reference area,FREQ,Frequency of observation,MEASURE,Measure,UNIT_MEASURE,Unit of measure,ACTIVITY,Economic activity,ADJUSTMENT,Adjustment,TRANSFORMATION,Transformation,TIME_HORIZ,Time horizon,METHODOLOGY,Calculation methodology,TIME_PERIOD,Time period,OBS_VALUE,Observation value,OBS_STATUS,Observation status,UNIT_MULT,Unit multiplier,DECIMALS,Decimals,BASE_PER,Base period
DATAFLOW,OECD.SDD.STES:DSD_STES@DF_FINMARK(4.0),Financial market,I,SWE,Sweden,M,Monthly,SHARE,Share prices,IX,Index,_Z,Not applicable,_Z,Not applicable,_Z,Not applicable,_Z,Not applicable,N,National,2021-07,,185.9968,,A,Normal value,0,Units,2,Two,2015,
DATAFLOW,OECD.SDD.STES:DSD_STES@DF_FINMARK(4.0),Financial market,I,SWE,Sweden,M,Monthly,SHARE,Share prices,IX,Index,_Z,Not applicable,_Z,Not applicable,_Z,Not applicable,_Z,Not applicable,N,National,2021-06,,178.315,,A,Normal value,0,Units,2,Two,2015,
DATAFLOW,OECD.SDD.STES:DSD_STES@DF_FINMARK(4.0),Financial market,I,SWE,Sweden,M,Monthly,SHARE,Share prices,IX,Index,_Z,Not applicable,_Z,Not applicable,_Z,Not applicable,_Z,Not applicable,N,National,2021-05,,174.1487,,A,Normal value,0,Units,2,Two,2015,
DATAFLOW,OECD.SDD.STES:DSD_STES@DF_FINMARK(4.0),Financial market,I,PRT,Portugal,M,Monthly,SHARE,Share prices,IX,Index,_Z,Not applicable,_Z,Not applicable,_Z,Not applicable,_Z,Not applicable,N,National,2021-05,,151.978,,A,Normal value,0,Units,2,Two,2015,
DATAFLOW,OECD.SDD.STES:DSD_STES@DF_FINMARK(4.0),Financial market,I,PRT,Portugal,M,Monthly,SHARE,Share prices,IX,Index,_Z,Not applicable,_Z,Not applicable,_Z,Not applicable,_Z,Not applicable,N,National,2021-04,,149.2953,,A,Normal value,0,Units,2,Two,2015,
DATAFLOW,OECD.SDD.STES:DSD_STES@DF_FINMARK(4.0),Financial market,I,PRT,Portugal,M,Monthly,SHARE,Share prices,IX,Index,_Z,Not applicable,_Z,Not applicable,_Z,Not applicable,_Z,Not applicable,N,National,2021-03,,141.542,,A,Normal value,0,Units,2,Two,2015,
DATAFLOW,OECD.SDD.STES:DSD_STES@DF_FINMARK(4.0),Financial market,I,PRT,Portugal,M,Monthly,SHARE,Share prices,IX,Index,_Z,Not applicable,_Z,Not applicable,_Z,Not applicable,_Z,Not applicable,N,National,2021-02,,145.6694,,A,Normal value,0,Units,2,Two,2015,
DATAFLOW,OECD.SDD.STES:DSD_STES@DF_FINMARK(4.0),Financial market,I,PRT,Portugal,M,Monthly,SHARE,Share prices,IX,Index,_Z,Not applicable,_Z,Not applicable,_Z,Not applicable,_Z,Not applicable,N,National,2021-01,,156.455,,A,Normal value,0,Units,2,Two,2015,
DATAFLOW,OECD.SDD.STES:DSD_STES@DF_FINMARK(4.0),Financial market,I,PRT,Portugal,M,Monthly,SHARE,Share prices,IX,Index,_Z,Not applicable,_Z,Not applicable,_Z,Not applicable,_Z,Not applicable,N,National,2020-12,,144.4066,,A,Normal value,0,Units,2,Two,2015,
DATAFLOW,OECD.SDD.STES:DSD_STES@DF_FINMARK(4.0),Financial market,I,PRT,Portugal,M,Monthly,SHARE,Share prices,IX,Index,_Z,Not applicable,_Z,Not applicable,_Z,Not applicable,_Z,Not applicable,N,National,2022-08,,193.0429,,A,Normal value,0,Units,2,Two,2015,
DATAFLOW,OECD.SDD.STES:DSD_STES@DF_FINMARK(4.0),Financial market,I,PRT,Portugal,M,Monthly,SHARE,Share prices,IX,Index,_Z,Not applicable,_Z,Not applicable,_Z,Not applicable,_Z,Not applicable,N,National,2022-07,,183.1035,,A,Normal value,0,Units,2,Two,2015,
DATAFLOW,OECD.SDD.STES:DSD_STES@DF_FINMARK(4.0),Financial market,I,PRT,Portugal,M,Monthly,SHARE,Share prices,IX,Index,_Z,Not applicable,_Z,Not applicable,_Z,Not applicable,_Z,Not applicable,N,National,2022-06,,180.1439,,A,Normal value,0,Units,2,Two,2015,
DATAFLOW,OECD.SDD.STES:DSD_STES@DF_FINMARK(4.0),Financial market,I,PRT,Portugal,M,Monthly,SHARE,Share prices,IX,Index,_Z,Not applicable,_Z,Not applicable,_Z,Not applicable,_Z,Not applicable,N,National,2022-05,,174.1513,,A,Normal value,0,Units,2,Two,2015,
DATAFLOW,OECD.SDD.STES:DSD_STES@DF_FINMARK(4.0),Financial market,I,PRT,Portugal,M,Monthly,SHARE,Share prices,IX,Index,_Z,Not applicable,_Z,Not applicable,_Z,Not applicable,_Z,Not applicable,N,National,2022-04,,177.235,,A,Normal value,0,Units,2,Two,2015,
DATAFLOW,OECD.SDD.STES:DSD_STES@DF_FINMARK(4.0),Financial market,I,PRT,Portugal,M,Monthly,SHARE,Share prices,IX,Index,_Z,Not applicable,_Z,Not applicable,_Z,Not applicable,_Z,Not applicable,N,National,2022-03,,166.9784,,A,Normal value,0,Units,2,Two,2015,
DATAFLOW,OECD.SDD.STES:DSD_STES@DF_FINMARK(4.0),Financial market,I,PRT,Portugal,M,Monthly,SHARE,Share prices,IX,Index,_Z,Not applicable,_Z,Not applicable,_Z,Not applicable,_Z,Not applicable,N,National,2022-02,,157.1647,,A,Normal value,0,Units,2,Two,2015,
DATAFLOW,OECD.SDD.STES:DSD_STES@DF_FINMARK(4.0),Financial market,I,PRT,Portugal,M,Monthly,SHARE,Share prices,IX,Index,_Z,Not applicable,_Z,Not applicable,_Z,Not applicable,_Z,Not applicable,N,National,2022-01,,162.8801,,A,Normal value,0,Units,2,Two,2015,
DATAFLOW,OECD.SDD.STES:DSD_STES@DF_FINMARK(4.0),Financial market,I,PRT,Portugal,M,Monthly,SHARE,Share prices,IX,Index,_Z,Not applicable,_Z,Not applicable,_Z,Not applicable,_Z,Not applicable,N,National,2021-12,,165.1471,,A,Normal value,0,Units,2,Two,2015,
DATAFLOW,OECD.SDD.STES:DSD_STES@DF_FINMARK(4.0),Financial market,I,PRT,Portugal,M,Monthly,SHARE,Share prices,IX,Index,_Z,Not applicable,_Z,Not applicable,_Z,Not applicable,_Z,Not applicable,N,National,2021-11,,168.8089,,A,Normal value,0,Units,2,Two,2015,
DATAFLOW,OECD.SDD.STES:DSD_STES@DF_FINMARK(4.0),Financial market,I,PRT,Portugal,M,Monthly,SHARE,Share prices,IX,Index,_Z,Not applicable,_Z,Not applicable,_Z,Not applicable,_Z,Not applicable,N,National,2021-10,,167.0307,,A,Normal value,0,Units,2,Two,2015,
DATAFLOW,OECD.SDD.STES:DSD_STES@DF_FINMARK(4.0),Financial market,I,PRT,Portugal,M,Monthly,SHARE,Share prices,IX,Index,_Z,Not applicable,_Z,Not applicable,_Z,Not applicable,_Z,Not applicable,N,National,2021-09,,161.7749,,A,Normal value,0,Units,2,Two,2015,
DATAFLOW,OECD.SDD.STES:DSD_STES@DF_FINMARK(4.0),Financial market,I,PRT,Portugal,M,Monthly,SHARE,Share prices,IX,Index,_Z,Not applicable,_Z,Not applicable,_Z,Not applicable,_Z,Not applicable,N,National,2021-08,,157.0291,,A,Normal value,0,Units,2,Two,2015,
DATAFLOW,OECD.SDD.STES:DSD_STES@DF_FINMARK(4.0),Financial market,I,PRT,Portugal,M,Monthly,SHARE,Share prices,IX,Index,_Z,Not applicable,_Z,Not applicable,_Z,Not applicable,_Z,Not applicable,N,National,2021-07,,153.0301,,A,Normal value,0,Units,2,Two,2015,
DATAFLOW,OECD.SDD.STES:DSD_STES@DF_FINMARK(4.0),Financial market,I,PRT,Portugal,M,Monthly,SHARE,Share prices,IX,Index,_Z,Not applicable,_Z,Not applicable,_Z,Not applicable,_Z,Not applicable,N,National,2021-06,,151.0301,,A,Normal value,0,Units,2,Two,2015,
DATAFLOW,OECD.SDD.STES:DSD_STES@DF_FINMARK(4.0),Financial market,I,PRT,Portugal,M,Monthly,SHARE,Share prices,IX,Index,_Z,Not applicable,_Z,Not applicable,_Z,Not applicable,_Z,Not applicable,N,National,2025-05,,183.2296,,A,Normal value,0,Units,2,Two,2015,
DATAFLOW,OECD.SDD.STES:DSD_STES@DF_FINMARK(4.0),Financial market,I,PRT,Portugal,M,Monthly,SHARE,Share prices,IX,Index,_Z,Not applicable,_Z,Not applicable,_Z,Not applicable,_Z,Not applicable,N,National,2025-04,,167.1113,,A,Normal value,0,Units,2,Two,2015,
DATAFLOW,OECD.SDD.STES:DSD_STES@DF_FINMARK(4.0),Financial market,I,PRT,Portugal,M,Monthly,SHARE,Share prices,IX,Index,_Z,Not applicable,_Z,Not applicable,_Z,Not applicable,_Z,Not applicable,N,National,2025-03,,169.3013,,A,Normal value,0,Units,2,Two,2015,
DATAFLOW,OECD.SDD.STES:DSD_STES@DF_FINMARK(4.0),Financial market,I,PRT,Portugal,M,Monthly,SHARE,Share prices,IX,Index,_Z,Not applicable,_Z,Not applicable,_Z,Not applicable,_Z,Not applicable,N,National,2025-02,,167.8689,,A,Normal value,0,Units,2,Two,2015,
DATAFLOW,OECD.SDD.STES:DSD_STES@DF_FINMARK(4.0),Financial market,I,PRT,Portugal,M,Monthly,SHARE,Share prices,IX,Index,_Z,Not applicable,_Z,Not applicable,_Z,Not applicable,_Z,Not applicable,N,National,2025-01,,166.0193,,A,Normal value,0,Units,2,Two,2015,
DATAFLOW,OECD.SDD.STES:DSD_STES@DF_FINMARK(4.0),Financial market,I,PRT,Portugal,M,Monthly,SHARE,Share prices,IX,Index,_Z,Not applicable,_Z,Not applicable,_Z,Not applicable,_Z,Not applicable,N,National,2024-12,,166.1126,,A,Normal value,0,Units,2,Two,2015,
DATAFLOW,OECD.SDD.STES:DSD_STES@DF_FINMARK(4.0),Financial market,I,PRT,Portugal,M,Monthly,SHARE,Share prices,IX,Index,_Z,Not applicable,_Z,Not applicable,_Z,Not applicable,_Z,Not applicable,N,National,2024-11,,170.0542,,A,Normal value,0,Units,2,Two,2015,
DATAFLOW,OECD.SDD.STES:DSD_STES@DF_FINMARK(4.0),Financial market,I,PRT,Portugal,M,Monthly,SHARE,Share prices,IX,Index,_Z,Not applicable,_Z,Not applicable,_Z,Not applicable,_Z,Not applicable,N,National,2024-10,,180.3522,,A,Normal value,0,Units,2,Two,2015,
DATAFLOW,OECD.SDD.STES:DSD_STES@DF_FINMARK(4.0),Financial market,I,PRT,Portugal,M,Monthly,SHARE,Share prices,IX,Index,_Z,Not applicable,_Z,Not applicable,_Z,Not applicable,_Z,Not applicable,N,National,2024-09,,186.2978,,A,Normal value,0,Units,2,Two,2015,
DATAFLOW,OECD.SDD.STES:DSD_STES@DF_FINMARK(4.0),Financial market,I,PRT,Portugal,M,Monthly,SHARE,Share prices,IX,Index,_Z,Not applicable,_Z,Not applicable,_Z,Not applicable,_Z,Not applicable,N,National,2024-08,,181.7841,,A,Normal value,0,Units,2,Two,2015,
DATAFLOW,OECD.SDD.STES:DSD_STES@DF_FINMARK(4.0),Financial market,I,PRT,Portugal,M,Monthly,SHARE,Share prices,IX,Index,_Z,Not applicable,_Z,Not applicable,_Z,Not applicable,_Z,Not applicable,N,National,2024-07,,184.344,,A,Normal value,0,Units,2,Two,2015,
DATAFLOW,OECD.SDD.STES:DSD_STES@DF_FINMARK(4.0),Financial market,I,PRT,Portugal,M,Monthly,SHARE,Share prices,IX,Index,_Z,Not applicable,_Z,Not applicable,_Z,Not applicable,_Z,Not applicable,N,National,2024-06,,183.5612,,A,Normal value,0,Units,2,Two,2015,
DATAFLOW,OECD.SDD.STES:DSD_STES@DF_FINMARK(4.0),Financial market,I,PRT,Portugal,M,Monthly,SHARE,Share prices,IX,Index,_Z,Not applicable,_Z,Not applicable,_Z,Not applicable,_Z,Not applicable,N,National,2024-05,,186.5288,,A,Normal value,0,Units,2,Two,2015,
DATAFLOW,OECD.SDD.STES:DSD_STES@DF_FINMARK(4.0),Financial market,I,PRT,Portugal,M,Monthly,SHARE,Share prices,IX,Index,_Z,Not applicable,_Z,Not applicable,_Z,Not applicable,_Z,Not applicable,N,National,2024-04,,169.2885,,A,Normal value,0,Units,2,Two,2015,
DATAFLOW,OECD.SDD.STES:DSD_STES@DF_FINMARK(4.0),Financial market,I,PRT,Portugal,M,Monthly,SHARE,Share prices,IX,Index,_Z,Not applicable,_Z,Not applicable,_Z,Not applicable,_Z,Not applicable,N,National,2024-03,,167.1592,,A,Normal value,0,Units,2,Two,2015,
DATAFLOW,OECD.SDD.STES:DSD_STES@DF_FINMARK(4.0),Financial market,I,PRT,Portugal,M,Monthly,SHARE,Share prices,IX,Index,_Z,Not applicable,_Z,Not applicable,_Z,Not applicable,_Z,Not applicable,N,National,2024-02,,171.8675,,A,Normal value,0,Units,2,Two,2015,
DATAFLOW,OECD.SDD.STES:DSD_STES@DF_FINMARK(4.0),Financial market,I,PRT,Portugal,M,Monthly,SHARE,Share prices,IX,Index,_Z,Not applicable,_Z,Not applicable,_Z,Not applicable,_Z,Not applicable,N,National,2024-01,,182.6292,,A,Normal value,0,Units,2,Two,2015,
DATAFLOW,OECD.SDD.STES:DSD_STES@DF_FINMARK(4.0),Financial market,I,PRT,Portugal,M,Monthly,SHARE,Share prices,IX,Index,_Z,Not applicable,_Z,Not applicable,_Z,Not applicable,_Z,Not applicable,N,National,2023-12,,187.6651,,A,Normal value,0,Units,2,Two,2015,
DATAFLOW,OECD.SDD.STES:DSD_STES@DF_FINMARK(4.0),Financial market,I,PRT,Portugal,M,Monthly,SHARE,Share prices,IX,Index,_Z,Not applicable,_Z,Not applicable,_Z,Not applicable,_Z,Not applicable,N,National,2023-11,,179.8032,,A,Normal value,0,Units,2,Two,2015,
DATAFLOW,OECD.SDD.STES:DSD_STES@DF_FINMARK(4.0),Financial market,I,PRT,Portugal,M,Monthly,SHARE,Share prices,IX,Index,_Z,Not applicable,_Z,Not applicable,_Z,Not applicable,_Z,Not applicable,N,National,2023-10,,168.8436,,A,Normal value,0,Units,2,Two,2015,
DATAFLOW,OECD.SDD.STES:DSD_STES@DF_FINMARK(4.0),Financial market,I,PRT,Portugal,M,Monthly,SHARE,Share prices,IX,Index,_Z,Not applicable,_Z,Not applicable,_Z,Not applicable,_Z,Not applicable,N,National,2023-09,,176.8759,,A,Normal value,0,Units,2,Two,2015,
DATAFLOW,OECD.SDD.STES:DSD_STES@DF_FINMARK(4.0),Financial market,I,PRT,Portugal,M,Monthly,SHARE,Share prices,IX,Index,_Z,Not applicable,_Z,Not applicable,_Z,Not applicable,_Z,Not applicable,N,National,2023-08,,178.072,,A,Normal value,0,Units,2,Two,2015,
DATAFLOW,OECD.SDD.STES:DSD_STES@DF_FINMARK(4.0),Financial market,I,PRT,Portugal,M,Monthly,SHARE,Share prices,IX,Index,_Z,Not applicable,_Z,Not applicable,_Z,Not applicable,_Z,Not applicable,N,National,2023-07,,181.4929,,A,Normal value,0,Units,2,Two,2015,
DATAFLOW,OECD.SDD.STES:DSD_STES@DF_FINMARK(4.0),Financial market,I,PRT,Portugal,M,Monthly,SHARE,Share prices,IX,Index,_Z,Not applicable,_Z,Not applicable,_Z,Not applicable,_Z,Not applicable,N,National,2023-06,,183.3246,,A,Normal value,0,Units,2,Two,2015,
DATAFLOW,OECD.SDD.STES:DSD_STES@DF_FINMARK(4.0),Financial market,I,PRT,Portugal,M,Monthly,SHARE,Share prices,IX,Index,_Z,Not applicable,_Z,Not applicable,_Z,Not applicable,_Z,Not applicable,N,National,2023-05,,183.011,,A,Normal value,0,Units,2,Two,2015,
DATAFLOW,OECD.SDD.STES:DSD_STES@DF_FINMARK(4.0),Financial market,I,PRT,Portugal,M,Monthly,SHARE,Share prices,IX,Index,_Z,Not applicable,_Z,Not applicable,_Z,Not applicable,_Z,Not applicable,N,National,2023-04,,184.1632,,A,Normal value,0,Units,2,Two,2015,
DATAFLOW,OECD.SDD.STES:DSD_STES@DF_FINMARK(4.0),Financial market,I,PRT,Portugal,M,Monthly,SHARE,Share prices,IX,Index,_Z,Not applicable,_Z,Not applicable,_Z,Not applicable,_Z,Not applicable,N,National,2023-03,,176.7366,,A,Normal value,0,Units,2,Two,2015,
DATAFLOW,OECD.SDD.STES:DSD_STES@DF_FINMARK(4.0),Financial market,I,PRT,Portugal,M,Monthly,SHARE,Share prices,IX,Index,_Z,Not applicable,_Z,Not applicable,_Z,Not applicable,_Z,Not applicable,N,National,2023-02,,176.2934,,A,Normal value,0,Units,2,Two,2015,
DATAFLOW,OECD.SDD.STES:DSD_STES@DF_FINMARK(4.0),Financial market,I,PRT,Portugal,M,Monthly,SHARE,Share prices,IX,Index,_Z,Not applicable,_Z,Not applicable,_Z,Not applicable,_Z,Not applicable,N,National,2023-01,,179.9181,,A,Normal value,0,Units,2,Two,2015,
DATAFLOW,OECD.SDD.STES:DSD_STES@DF_FINMARK(4.0),Financial market,I,PRT,Portugal,M,Monthly,SHARE,Share prices,IX,Index,_Z,Not applicable,_Z,Not applicable,_Z,Not applicable,_Z,Not applicable,N,National,2022-12,,178.173,,A,Normal value,0,Units,2,Two,2015,
DATAFLOW,OECD.SDD.STES:DSD_STES@DF_FINMARK(4.0),Financial market,I,PRT,Portugal,M,Monthly,SHARE,Share prices,IX,Index,_Z,Not applicable,_Z,Not applicable,_Z,Not applicable,_Z,Not applicable,N,National,2022-11,,176.6461,,A,Normal value,0,Units,2,Two,2015,
DATAFLOW,OECD.SDD.STES:DSD_STES@DF_FINMARK(4.0),Financial market,I,PRT,Portugal,M,Monthly,SHARE,Share prices,IX,Index,_Z,Not applicable,_Z,Not applicable,_Z,Not applicable,_Z,Not applicable,N,National,2022-10,,167.4337,,A,Normal value,0,Units,2,Two,2015,
DATAFLOW,OECD.SDD.STES:DSD_STES@DF_FINMARK(4.0),Financial market,I,PRT,Portugal,M,Monthly,SHARE,Share prices,IX,Index,_Z,Not applicable,_Z,Not applicable,_Z,Not applicable,_Z,Not applicable,N,National,2022-09,,181.4977,,A,Normal value,0,Units,2,Two,2015,
DATAFLOW,OECD.SDD.STES:DSD_STES@DF_FINMARK(4.0),Financial market,I,BEL,Belgium,M,Monthly,SHARE,Share prices,IX,Index,_Z,Not applicable,_Z,Not applicable,_Z,Not applicable,_Z,Not applicable,N,National,2021-01,,84.32821,,A,Normal value,0,Units,2,Two,2015,
DATAFLOW,OECD.SDD.STES:DSD_STES@DF_FINMARK(4.0),Financial market,I,BEL,Belgium,M,Monthly,SHARE,Share prices,IX,Index,_Z,Not applicable,_Z,Not applicable,_Z,Not applicable,_Z,Not applicable,N,National,2020-12,,83.30549,,A,Normal value,0,Units,2,Two,2015,
DATAFLOW,OECD.SDD.STES:DSD_STES@DF_FINMARK(4.0),Financial market,I,NOR,Norway,M,Monthly,SHARE,Share prices,IX,Index,_Z,Not applicable,_Z,Not applicable,_Z,Not applicable,_Z,Not applicable,N,National,2025-12,,285.7881,,A,Normal value,0,Units,2,Two,2015,
DATAFLOW,OECD.SDD.STES:DSD_STES@DF_FINMARK(4.0),Financial market,I,NOR,Norway,M,Monthly,SHARE,Share prices,IX,Index,_Z,Not applicable,_Z,Not applicable,_Z,Not applicable,_Z,Not applicable,N,National,2025-11,,278.5538,,A,Normal value,0,Units,2,Two,2015,
DATAFLOW,OECD.SDD.STES:DSD_STES@DF_FINMARK(4.0),Financial market,I,NOR,Norway,M,Monthly,SHARE,Share prices,IX,Index,_Z,Not applicable,_Z,Not applicable,_Z,Not applicable,_Z,Not applicable,N,National,2025-10,,284.2752,,A,Normal value,0,Units,2,Two,2015,
DATAFLOW,OECD.SDD.STES:DSD_STES@DF_FINMARK(4.0),Financial market,I,NOR,Norway,M,Monthly,SHARE,Share prices,IX,Index,_Z,Not applicable,_Z,Not applicable,_Z,Not applicable,_Z,Not applicable,N,National,2025-09,,285.9887,,A,Normal value,0,Units,2,Two,2015,
DATAFLOW,OECD.SDD.STES:DSD_STES@DF_FINMARK(4.0),Financial market,I,NOR,Norway,M,Monthly,SHARE,Share prices,IX,Index,_Z,Not applicable,_Z,Not applicable,_Z,Not applicable,_Z,Not applicable,N,National,2025-08,,284.1756,,A,Normal value,0,Units,2,Two,2015,
DATAFLOW,OECD.SDD.STES:DSD_STES@DF_FINMARK(4.0),Financial market,I,NOR,Norway,M,Monthly,SHARE,Share prices,IX,Index,_Z,Not applicable,_Z,Not applicable,_Z,Not applicable,_Z,Not applicable,N,National,2025-07,,282.3776,,A,Normal value,0,Units,2,Two,2015,
DATAFLOW,OECD.SDD.STES:DSD_STES@DF_FINMARK(4.0),Financial market,I,NOR,Norway,M,Monthly,SHARE,Share prices,IX,Index,_Z,Not applicable,_Z,Not applicable,_Z,Not applicable,_Z,Not applicable,N,National,2025-06,,278.9188,,A,Normal value,0,Units,2,Two,2015,
DATAFLOW,OECD.SDD.STES:DSD_STES@DF_FINMARK(4.0),Financial market,I,NOR,Norway,M,Monthly,SHARE,Share prices,IX,Index,_Z,Not applicable,_Z,Not applicable,_Z,Not applicable,_Z,Not applicable,N,National,2025-05,,265.2586,,A,Normal value,0,Units,2,Two,2015,
DATAFLOW,OECD.SDD.STES:DSD_STES@DF_FINMARK(4.0),Financial market,I,NOR,Norway,M,Monthly,SHARE,Share prices,IX,Index,_Z,Not applicable,_Z,Not applicable,_Z,Not applicable,_Z,Not applicable,N,National,2025-04,,249.7989,,A,Normal value,0,Units,2,Two,2015,
DATAFLOW,OECD.SDD.STES:DSD_STES@DF_FINMARK(4.0),Financial market,I,NOR,Norway,M,Monthly,SHARE,Share prices,IX,Index,_Z,Not applicable,_Z,Not applicable,_Z,Not applicable,_Z,Not applicable,N,National,2025-03,,261.1362,,A,Normal value,0,Units,2,Two,2015,
DATAFLOW,OECD.SDD.STES:DSD_STES@DF_FINMARK(4.0),Financial market,I,NOR,Norway,M,Monthly,SHARE,Share prices,IX,Index,_Z,Not applicable,_Z,Not applicable,_Z,Not applicable,_Z,Not applicable,N,National,2025-02,,258.418,,A,Normal value,0,Units,2,Two,2015,
DATAFLOW,OECD.SDD.STES:DSD_STES@DF_FINMARK(4.0),Financial market,I,NOR,Norway,M,Monthly,SHARE,Share prices,IX,Index,_Z,Not applicable,_Z,Not applicable,_Z,Not applicable,_Z,Not applicable,N,National,2025-01,,257.7679,,A,Normal value,0,Units,2,Two,2015,
DATAFLOW,OECD.SDD.STES:DSD_STES@DF_FINMARK(4.0),Financial market,I,NOR,Norway,M,Monthly,SHARE,Share prices,IX,Index,_Z,Not applicable,_Z,Not applicable,_Z,Not applicable,_Z,Not applicable,N,National,2024-12,,248.4233,,A,Normal value,0,Units,2,Two,2015,
DATAFLOW,OECD.SDD.STES:DSD_STES@DF_FINMARK(4.0),Financial market,I,NOR,Norway,M,Monthly,SHARE,Share prices,IX,Index,_Z,Not applicable,_Z,Not applicable,_Z,Not applicable,_Z,Not applicable,N,National,2024-11,,249.0146,,A,Normal value,0,Units,2,Two,2015,
DATAFLOW,OECD.SDD.STES:DSD_STES@DF_FINMARK(4.0),Financial market,I,NOR,Norway,M,Monthly,SHARE,Share prices,IX,Index,_Z,Not applicable,_Z,Not applicable,_Z,Not applicable,_Z,Not applicable,N,National,2024-10,,250.4838,,A,Normal value,0,Units,2,Two,2015,
DATAFLOW,OECD.SDD.STES:DSD_STES@DF_FINMARK(4.0),Financial market,I,NOR,Norway,M,Monthly,SHARE,Share prices,IX,Index,_Z,Not applicable,_Z,Not applicable,_Z,Not applicable,_Z,Not applicable,N,National,2024-09,,243.5526,,A,Normal value,0,Units,2,Two,2015,
DATAFLOW,OECD.SDD.STES:DSD_STES@DF_FINMARK(4.0),Financial market,I,NOR,Norway,M,Monthly,SHARE,Share prices,IX,Index,_Z,Not applicable,_Z,Not applicable,_Z,Not applicable,_Z,Not applicable,N,National,2024-08,,248.3403,,A,Normal value,0,Units,2,Two,2015,
DATAFLOW,OECD.SDD.STES:DSD_STES@DF_FINMARK(4.0),Financial market,I,NOR,Norway,M,Monthly,SHARE,Share prices,IX,Index,_Z,Not applicable,_Z,Not applicable,_Z,Not applicable,_Z,Not applicable,N,National,2024-07,,249.9302,,A,Normal value,0,Units,2,Two,2015,
DATAFLOW,OECD.SDD.STES:DSD_STES@DF_FINMARK(4.0),Financial market,I,NOR,Norway,M,Monthly,SHARE,Share prices,IX,Index,_Z,Not applicable,_Z,Not applicable,_Z,Not applicable,_Z,Not applicable,N,National,2024-06,,246.5679,,A,Normal value,0,Units,2,Two,2015,
DATAFLOW,OECD.SDD.STES:DSD_STES@DF_FINMARK(4.0),Financial market,I,NOR,Norway,M,Monthly,SHARE,Share prices,IX,Index,_Z,Not applicable,_Z,Not applicable,_Z,Not applicable,_Z,Not applicable,N,National,2024-05,,247.1381,,A,Normal value,0,Units,2,Two,2015,
DATAFLOW,OECD.SDD.STES:DSD_STES@DF_FINMARK(4.0),Financial market,I,NOR,Norway,M,Monthly,SHARE,Share prices,IX,Index,_Z,Not applicable,_Z,Not applicable,_Z,Not applicable,_Z,Not applicable,N,National,2024-04,,237.5416,,A,Normal value,0,Units,2,Two,2015,
DATAFLOW,OECD.SDD.STES:DSD_STES@DF_FINMARK(4.0),Financial market,I,NOR,Norway,M,Monthly,SHARE,Share prices,IX,Index,_Z,Not applicable,_Z,Not applicable,_Z,Not applicable,_Z,Not applicable,N,National,2024-03,,226.8243,,A,Normal value,0,Units,2,Two,2015,
DATAFLOW,OECD.SDD.STES:DSD_STES@DF_FINMARK(4.0),Financial market,I,NOR,Norway,M,Monthly,SHARE,Share prices,IX,Index,_Z,Not applicable,_Z,Not applicable,_Z,Not applicable,_Z,Not applicable,N,National,2024-02,,220.4664,,A,Normal value,0,Units,2,Two,2015,
DATAFLOW,OECD.SDD.STES:DSD_STES@DF_FINMARK(4.0),Financial market,I,NOR,Norway,M,Monthly,SHARE,Share prices,IX,Index,_Z,Not applicable,_Z,Not applicable,_Z,Not applicable,_Z,Not applicable,N,National,2024-01,,226.7519,,A,Normal value,0,Units,2,Two,2015,
DATAFLOW,OECD.SDD.STES:DSD_STES@DF_FINMARK(4.0),Financial market,I,NOR,Norway,M,Monthly,SHARE,Share prices,IX,Index,_Z,Not applicable,_Z,Not applicable,_Z,Not applicable,_Z,Not applicable,N,National,2023-12,,227.6645,,A,Normal value,0,Units,2,Two,2015,
DATAFLOW,OECD.SDD.STES:DSD_STES@DF_FINMARK(4.0),Financial market,I,NOR,Norway,M,Monthly,SHARE,Share prices,IX,Index,_Z,Not applicable,_Z,Not applicable,_Z,Not applicable,_Z,Not applicable,N,National,2023-11,,228.5424,,A,Normal value,0,Units,2,Two,2015,
DATAFLOW,OECD.SDD.STES:DSD_STES@DF_FINMARK(4.0),Financial market,I,NOR,Norway,M,Monthly,SHARE,Share prices,IX,Index,_Z,Not applicable,_Z,Not applicable,_Z,Not applicable,_Z,Not applicable,N,National,2023-10,,225.5377,,A,Normal value,0,Units,2,Two,2015,
DATAFLOW,OECD.SDD.STES:DSD_STES@DF_FINMARK(4.0),Financial market,I,NOR,Norway,M,Monthly,SHARE,Share prices,IX,Index,_Z,Not applicable,_Z,Not applicable,_Z,Not applicable,_Z,Not applicable,N,National,2023-09,,224.0443,,A,Normal value,0,Units,2,Two,2015,
DATAFLOW,OECD.SDD.STES:DSD_STES@DF_FINMARK(4.0),Financial market,I,NOR,Norway,M,Monthly,SHARE,Share prices,IX,Index,_Z,Not applicable,_Z,Not applicable,_Z,Not applicable,_Z,Not applicable,N,National,2023-08,,215.38,,A,Normal value,0,Units,2,Two,2015,
DATAFLOW,OECD.SDD.STES:DSD_STES@DF_FINMARK(4.0),Financial market,I,NOR,Norway,M,Monthly,SHARE,Share prices,IX,Index,_Z,Not applicable,_Z,Not applicable,_Z,Not applicable,_Z,Not applicable,N,National,2023-07,,209.3147,,A,Normal value,0,Units,2,Two,2015,
DATAFLOW,OECD.SDD.STES:DSD_STES@DF_FINMARK(4.0),Financial market,I,NOR,Norway,M,Monthly,SHARE,Share prices,IX,Index,_Z,Not applicable,_Z,Not applicable,_Z,Not applicable,_Z,Not applicable,N,National,2023-06,,209.7687,,A,Normal value,0,Units,2,Two,2015,
DATAFLOW,OECD.SDD.STES:DSD_STES@DF_FINMARK(4.0),Financial market,I,NOR,Norway,M,Monthly,SHARE,Share prices,IX,Index,_Z,Not applicable,_Z,Not applicable,_Z,Not applicable,_Z,Not applicable,N,National,2023-05,,207.5906,,A,Normal value,0,Units,2,Two,2015,
DATAFLOW,OECD.SDD.STES:DSD_STES@DF_FINMARK(4.0),Financial market,I,NOR,Norway,M,Monthly,SHARE,Share prices,IX,Index,_Z,Not applicable,_Z,Not applicable,_Z,Not applicable,_Z,Not applicable,N,National,2023-04,,207.4971,,A,Normal value,0,Units,2,Two,2015,
DATAFLOW,OECD.SDD.STES:DSD_STES@DF_FINMARK(4.0),Financial market,I,NOR,Norway,M,Monthly,SHARE,Share prices,IX,Index,_Z,Not applicable,_Z,Not applicable,_Z,Not applicable,_Z,Not applicable,N,National,2023-03,,204.9494,,A,Normal value,0,Units,2,Two,2015,
DATAFLOW,OECD.SDD.STES:DSD_STES@DF_FINMARK(4.0),Financial market,I,NOR,Norway,M,Monthly,SHARE,Share prices,IX,Index,_Z,Not applicable,_Z,Not applicable,_Z,Not applicable,_Z,Not applicable,N,National,2023-02,,211.1037,,A,Normal value,0,Units,2,Two,2015,
DATAFLOW,OECD.SDD.STES:DSD_STES@DF_FINMARK(4.0),Financial market,I,NOR,Norway,M,Monthly,SHARE,Share prices,IX,Index,_Z,Not applicable,_Z,Not applicable,_Z,Not applicable,_Z,Not applicable,N,National,2023-01,,204.2404,,A,Normal value,0,Units,2,Two,2015,
DATAFLOW,OECD.SDD.STES:DSD_STES@DF_FINMARK(4.0),Financial market,I,NOR,Norway,M,Monthly,SHARE,Share prices,IX,Index,_Z,Not applicable,_Z,Not applicable,_Z,Not applicable,_Z,Not applicable,N,National,2022-12,,207.1697,,A,Normal value,0,Units,2,Two,2015,
DATAFLOW,OECD.SDD.STES:DSD_STES@DF_FINMARK(4.0),Financial market,I,NOR,Norway,M,Monthly,SHARE,Share prices,IX,Index,_Z,Not applicable,_Z,Not applicable,_Z,Not applicable,_Z,Not applicable,N,National,2022-11,,208.4383,,A,Normal value,0,Units,2,Two,2015,
DATAFLOW,OECD.SDD.STES:DSD_STES@DF_FINMARK(4.0),Financial market,I,NOR,Norway,M,Monthly,SHARE,Share prices,IX,Index,_Z,Not applicable,_Z,Not applicable,_Z,Not applicable,_Z,Not applicable,N,National,2022-10,,198.4421,,A,Normal value,0,Units,2,Two,2015,
DATAFLOW,OECD.SDD.STES:DSD_STES@DF_FINMARK(4.0),Financial market,I,NOR,Norway,M,Monthly,SHARE,Share prices,IX,Index,_Z,Not applicable,_Z,Not applicable,_Z,Not applicable,_Z,Not applicable,N,National,2022-09,,203.6008,,A,Normal value,0,Units,2,Two,2015,
DATAFLOW,OECD.SDD.STES:DSD_STES@DF_FINMARK(4.0),Financial market,I,NOR,Norway,M,Monthly,SHARE,Share prices,IX,Index,_Z,Not applicable,_Z,Not applicable,_Z,Not applicable,_Z,Not applicable,N,National,2022-08,,216.4268,,A,Normal value,0,Units,2,Two,2015,
DATAFLOW,OECD.SDD.STES:DSD_STES@DF_FINMARK(4.0),Financial market,I,NOR,Norway,M,Monthly,SHARE,Share prices,IX,Index,_Z,Not applicable,_Z,Not applicable,_Z,Not applicable,_Z,Not applicable,N,National,2022-07,,204.4682,,A,Normal value,0,Units,2,Two,2015,
DATAFLOW,OECD.SDD.STES:DSD_STES@DF_FINMARK(4.0),Financial market,I,NOR,Norway,M,Monthly,SHARE,Share prices,IX,Index,_Z,Not applicable,_Z,Not applicable,_Z,Not applicable,_Z,Not applicable,N,National,2022-06,,210.5893,,A,Normal value,0,Units,2,Two,2015,
DATAFLOW,OECD.SDD.STES:DSD_STES@DF_FINMARK(4.0),Financial market,I,NOR,Norway,M,Monthly,SHARE,Share prices,IX,Index,_Z,Not applicable,_Z,Not applicable,_Z,Not applicable,_Z,Not applicable,N,National,2022-05,,210.4716,,A,Normal value,0,Units,2,Two,2015,
DATAFLOW,OECD.SDD.STES:DSD_STES@DF_FINMARK(4.0),Financial market,I,NOR,Norway,M,Monthly,SHARE,Share prices,IX,Index,_Z,Not applicable,_Z,Not applicable,_Z,Not applicable,_Z,Not applicable,N,National,2022-04,,214.2366,,A,Normal value,0,Units,2,Two,2015,
DATAFLOW,OECD.SDD.STES:DSD_STES@DF_FINMARK(4.0),Financial market,I,NOR,Norway,M,Monthly,SHARE,Share prices,IX,Index,_Z,Not applicable,_Z,Not applicable,_Z,Not applicable,_Z,Not applicable,N,National,2022-03,,206.0158,,A,Normal value,0,Units,2,Two,2015,
DATAFLOW,OECD.SDD.STES:DSD_STES@DF_FINMARK(4.0),Financial market,I,NOR,Norway,M,Monthly,SHARE,Share prices,IX,Index,_Z,Not applicable,_Z,Not applicable,_Z,Not applicable,_Z,Not applicable,N,National,2022-02,,196.6244,,A,Normal value,0,Units,2,Two,2015,
DATAFLOW,OECD.SDD.STES:DSD_STES@DF_FINMARK(4.0),Financial market,I,NOR,Norway,M,Monthly,SHARE,Share prices,IX,Index,_Z,Not applicable,_Z,Not applicable,_Z,Not applicable,_Z,Not applicable,N,National,2022-01,,196.6908,,A,Normal value,0,Units,2,Two,2015,
DATAFLOW,OECD.SDD.STES:DSD_STES@DF_FINMARK(4.0),Financial market,I,NOR,Norway,M,Monthly,SHARE,Share prices,IX,Index,_Z,Not applicable,_Z,Not applicable,_Z,Not applicable,_Z,Not applicable,N,National,2021-12,,195.389,,A,Normal value,0,Units,2,Two,2015,
DATAFLOW,OECD.SDD.STES:DSD_STES@DF_FINMARK(4.0),Financial market,I,NOR,Norway,M,Monthly,SHARE,Share prices,IX,Index,_Z,Not applicable,_Z,Not applicable,_Z,Not applicable,_Z,Not applicable,N,National,2021-11,,200.6127,,A,Normal value,0,Units,2,Two,2015,
DATAFLOW,OECD.SDD.STES:DSD_STES@DF_FINMARK(4.0),Financial market,I,NOR,Norway,M,Monthly,SHARE,Share prices,IX,Index,_Z,Not applicable,_Z,Not applicable,_Z,Not applicable,_Z,Not applicable,N,National,2021-10,,196.4464,,A,Normal value,0,Units,2,Two,2015,
DATAFLOW,OECD.SDD.STES:DSD_STES@DF_FINMARK(4.0),Financial market,I,NOR,Norway,M,Monthly,SHARE,Share prices,IX,Index,_Z,Not applicable,_Z,Not applicable,_Z,Not applicable,_Z,Not applicable,N,National,2021-09,,187.9209,,A,Normal value,0,Units,2,Two,2015,
DATAFLOW,OECD.SDD.STES:DSD_STES@DF_FINMARK(4.0),Financial market,I,NOR,Norway,M,Monthly,SHARE,Share prices,IX,Index,_Z,Not applicable,_Z,Not applicable,_Z,Not applicable,_Z,Not applicable,N,National,2021-08,,185.42,,A,Normal value,0,Units,2,Two,2015,
DATAFLOW,OECD.SDD.STES:DSD_STES@DF_FINMARK(4.0),Financial market,I,NOR,Norway,M,Monthly,SHARE,Share prices,IX,Index,_Z,Not applicable,_Z,Not applicable,_Z,Not applicable,_Z,Not applicable,N,National,2021-07,,182.2553,,A,Normal value,0,Units,2,Two,2015,
DATAFLOW,OECD.SDD.STES:DSD_STES@DF_FINMARK(4.0),Financial market,I,NOR,Norway,M,Monthly,SHARE,Share prices,IX,Index,_Z,Not applicable,_Z,Not applicable,_Z,Not applicable,_Z,Not applicable,N,National,2021-06,,183.0125,,A,Normal value,0,Units,2,Two,2015,
DATAFLOW,OECD.SDD.STES:DSD_STES@DF_FINMARK(4.0),Financial market,I,NOR,Norway,M,Monthly,SHARE,Share prices,IX,Index,_Z,Not applicable,_Z,Not applicable,_Z,Not applicable,_Z,Not applicable,N,National,2021-05,,176.1327,,A,Normal value,0,Units,2,Two,2015,
DATAFLOW,OECD.SDD.STES:DSD_STES@DF_FINMARK(4.0),Financial market,I,NOR,Norway,M,Monthly,SHARE,Share prices,IX,Index,_Z,Not applicable,_Z,Not applicable,_Z,Not applicable,_Z,Not applicable,N,National,2021-04,,174.1928,,A,Normal value,0,Units,2,Two,2015,
DATAFLOW,OECD.SDD.STES:DSD_STES@DF_FINMARK(4.0),Financial market,I,NOR,Norway,M,Monthly,SHARE,Share prices,IX,Index,_Z,Not applicable,_Z,Not applicable,_Z,Not applicable,_Z,Not applicable,N,National,2021-03,,172.3858,,A,Normal value,0,Units,2,Two,2015,
DATAFLOW,OECD.SDD.STES:DSD_STES@DF_FINMARK(4.0),Financial market,I,NOR,Norway,M,Monthly,SHARE,Share prices,IX,Index,_Z,Not applicable,_Z,Not applicable,_Z,Not applicable,_Z,Not applicable,N,National,2021-02,,163.3368,,A,Normal value,0,Units,2,Two,2015,
DATAFLOW,OECD.SDD.STES:DSD_STES@DF_FINMARK(4.0),Financial market,I,NOR,Norway,M,Monthly,SHARE,Share prices,IX,Index,_Z,Not applicable,_Z,Not applicable,_Z,Not applicable,_Z,Not applicable,N,National,2021-01,,161.0018,,A,Normal value,0,Units,2,Two,2015,
DATAFLOW,OECD.SDD.STES:DSD_STES@DF_FINMARK(4.0),Financial market,I,NOR,Norway,M,Monthly,SHARE,Share prices,IX,Index,_Z,Not applicable,_Z,Not applicable,_Z,Not applicable,_Z,Not applicable,N,National,2020-12,,153.6528,,A,Normal value,0,Units,2,Two,2015,
DATAFLOW,OECD.SDD.STES:DSD_STES@DF_FINMARK(4.0),Financial market,I,PRT,Portugal,M,Monthly,SHARE,Share prices,IX,Index,_Z,Not applicable,_Z,Not applicable,_Z,Not applicable,_Z,Not applicable,N,National,2025-12,,211.4118,,A,Normal value,0,Units,2,Two,2015,
DATAFLOW,OECD.SDD.STES:DSD_STES@DF_FINMARK(4.0),Financial market,I,PRT,Portugal,M,Monthly,SHARE,Share prices,IX,Index,_Z,Not applicable,_Z,Not applicable,_Z,Not applicable,_Z,Not applicable,N,National,2025-11,,215.8688,,A,Normal value,0,Units,2,Two,2015,
DATAFLOW,OECD.SDD.STES:DSD_STES@DF_FINMARK(4.0),Financial market,I,PRT,Portugal,M,Monthly,SHARE,Share prices,IX,Index,_Z,Not applicable,_Z,Not applicable,_Z,Not applicable,_Z,Not applicable,N,National,2025-10,,218.0951,,A,Normal value,0,Units,2,Two,2015,
DATAFLOW,OECD.SDD.STES:DSD_STES@DF_FINMARK(4.0),Financial market,I,PRT,Portugal,M,Monthly,SHARE,Share prices,IX,Index,_Z,Not applicable,_Z,Not applicable,_Z,Not applicable,_Z,Not applicable,N,National,2025-09,,204.2598,,A,Normal value,0,Units,2,Two,2015,
DATAFLOW,OECD.SDD.STES:DSD_STES@DF_FINMARK(4.0),Financial market,I,PRT,Portugal,M,Monthly,SHARE,Share prices,IX,Index,_Z,Not applicable,_Z,Not applicable,_Z,Not applicable,_Z,Not applicable,N,National,2025-08,,203.8221,,A,Normal value,0,Units,2,Two,2015,
DATAFLOW,OECD.SDD.STES:DSD_STES@DF_FINMARK(4.0),Financial market,I,PRT,Portugal,M,Monthly,SHARE,Share prices,IX,Index,_Z,Not applicable,_Z,Not applicable,_Z,Not applicable,_Z,Not applicable,N,National,2025-07,,201.2431,,A,Normal value,0,Units,2,Two,2015,
DATAFLOW,OECD.SDD.STES:DSD_STES@DF_FINMARK(4.0),Financial market,I,PRT,Portugal,M,Monthly,SHARE,Share prices,IX,Index,_Z,Not applicable,_Z,Not applicable,_Z,Not applicable,_Z,Not applicable,N,National,2025-06,,192.689,,A,Normal value,0,Units,2,Two,2015,
DATAFLOW,OECD.SDD.STES:DSD_STES@DF_FINMARK(4.0),Financial market,I,DNK,Denmark,M,Monthly,SHARE,Share prices,IX,Index,_Z,Not applicable,_Z,Not applicable,_Z,Not applicable,_Z,Not applicable,N,National,2022-09,,169.521,,A,Normal value,0,Units,2,Two,2015,
DATAFLOW,OECD.SDD.STES:DSD_STES@DF_FINMARK(4.0),Financial market,I,DNK,Denmark,M,Monthly,SHARE,Share prices,IX,Index,_Z,Not applicable,_Z,Not applicable,_Z,Not applicable,_Z,Not applicable,N,National,2022-08,,185.1871,,A,Normal value,0,Units,2,Two,2015,
DATAFLOW,OECD.SDD.STES:DSD_STES@DF_FINMARK(4.0),Financial market,I,DNK,Denmark,M,Monthly,SHARE,Share prices,IX,Index,_Z,Not applicable,_Z,Not applicable,_Z,Not applicable,_Z,Not applicable,N,National,2022-07,,182.3539,,A,Normal value,0,Units,2,Two,2015,
DATAFLOW,OECD.SDD.STES:DSD_STES@DF_FINMARK(4.0),Financial market,I,DNK,Denmark,M,Monthly,SHARE,Share prices,IX,Index,_Z,Not applicable,_Z,Not applicable,_Z,Not applicable,_Z,Not applicable,N,National,2022-06,,176.1982,,A,Normal value,0,Units,2,Two,2015,
DATAFLOW,OECD.SDD.STES:DSD_STES@DF_FINMARK(4.0),Financial market,I,DNK,Denmark,M,Monthly,SHARE,Share prices,IX,Index,_Z,Not applicable,_Z,Not applicable,_Z,Not applicable,_Z,Not applicable,N,National,2022-05,,179.2659,,A,Normal value,0,Units,2,Two,2015,
DATAFLOW,OECD.SDD.STES:DSD_STES@DF_FINMARK(4.0),Financial market,I,DNK,Denmark,M,Monthly,SHARE,Share prices,IX,Index,_Z,Not applicable,_Z,Not applicable,_Z,Not applicable,_Z,Not applicable,N,National,2022-04,,189.1463,,A,Normal value,0,Units,2,Two,2015,
DATAFLOW,OECD.SDD.STES:DSD_STES@DF_FINMARK(4.0),Financial market,I,DNK,Denmark,M,Monthly,SHARE,Share prices,IX,Index,_Z,Not applicable,_Z,Not applicable,_Z,Not applicable,_Z,Not applicable,N,National,2022-03,,183.4256,,A,Normal value,0,Units,2,Two,2015,
DATAFLOW,OECD.SDD.STES:DSD_STES@DF_FINMARK(4.0),Financial market,I,DNK,Denmark,M,Monthly,SHARE,Share prices,IX,Index,_Z,Not applicable,_Z,Not applicable,_Z,Not applicable,_Z,Not applicable,N,National,2022-02,,179.3973,,A,Normal value,0,Units,2,Two,2015,
DATAFLOW,OECD.SDD.STES:DSD_STES@DF_FINMARK(4.0),Financial market,I,DNK,Denmark,M,Monthly,SHARE,Share prices,IX,Index,_Z,Not applicable,_Z,Not applicable,_Z,Not applicable,_Z,Not applicable,N,National,2022-01,,186.1328,,A,Normal value,0,Units,2,Two,2015,
DATAFLOW,OECD.SDD.STES:DSD_STES@DF_FINMARK(4.0),Financial market,I,DNK,Denmark,M,Monthly,SHARE,Share prices,IX,Index,_Z,Not applicable,_Z,Not applicable,_Z,Not applicable,_Z,Not applicable,N,National,2021-12,,195.5729,,A,Normal value,0,Units,2,Two,2015,
DATAFLOW,OECD.SDD.STES:DSD_STES@DF_FINMARK(4.0),Financial market,I,DNK,Denmark,M,Monthly,SHARE,Share prices,IX,Index,_Z,Not applicable,_Z,Not applicable,_Z,Not applicable,_Z,Not applicable,N,National,2021-11,,199.6418,,A,Normal value,0,Units,2,Two,2015,
DATAFLOW,OECD.SDD.STES:DSD_STES@DF_FINMARK(4.0),Financial market,I,DNK,Denmark,M,Monthly,SHARE,Share prices,IX,Index,_Z,Not applicable,_Z,Not applicable,_Z,Not applicable,_Z,Not applicable,N,National,2021-10,,190.5717,,A,Normal value,0,Units,2,Two,2015,
DATAFLOW,OECD.SDD.STES:DSD_STES@DF_FINMARK(4.0),Financial market,I,DNK,Denmark,M,Monthly,SHARE,Share prices,IX,Index,_Z,Not applicable,_Z,Not applicable,_Z,Not applicable,_Z,Not applicable,N,National,2021-09,,194.8602,,A,Normal value,0,Units,2,Two,2015,
DATAFLOW,OECD.SDD.STES:DSD_STES@DF_FINMARK(4.0),Financial market,I,DNK,Denmark,M,Monthly,SHARE,Share prices,IX,Index,_Z,Not applicable,_Z,Not applicable,_Z,Not applicable,_Z,Not applicable,N,National,2021-08,,197.4698,,A,Normal value,0,Units,2,Two,2015,
DATAFLOW,OECD.SDD.STES:DSD_STES@DF_FINMARK(4.0),Financial market,I,DNK,Denmark,M,Monthly,SHARE,Share prices,IX,Index,_Z,Not applicable,_Z,Not applicable,_Z,Not applicable,_Z,Not applicable,N,National,2021-07,,188.0311,,A,Normal value,0,Units,2,Two,2015,
DATAFLOW,OECD.SDD.STES:DSD_STES@DF_FINMARK(4.0),Financial market,I,DNK,Denmark,M,Monthly,SHARE,Share prices,IX,Index,_Z,Not applicable,_Z,Not applicable,_Z,Not applicable,_Z,Not applicable,N,National,2021-06,,180.1344,,A,Normal value,0,Units,2,Two,2015,
DATAFLOW,OECD.SDD.STES:DSD_STES@DF_FINMARK(4.0),Financial market,I,DNK,Denmark,M,Monthly,SHARE,Share prices,IX,Index,_Z,Not applicable,_Z,Not applicable,_Z,Not applicable,_Z,Not applicable,N,National,2021-05,,173.6794,,A,Normal value,0,Units,2,Two,2015,
DATAFLOW,OECD.SDD.STES:DSD_STES@DF_FINMARK(4.0),Financial market,I,DNK,Denmark,M,Monthly,SHARE,Share prices,IX,Index,_Z,Not applicable,_Z,Not applicable,_Z,Not applicable,_Z,Not applicable,N,National,2021-04,,169.8882,,A,Normal value,0,Units,2,Two,2015,
DATAFLOW,OECD.SDD.STES:DSD_STES@DF_FINMARK(4.0),Financial market,I,DNK,Denmark,M,Monthly,SHARE,Share prices,IX,Index,_Z,Not applicable,_Z,Not applicable,_Z,Not applicable,_Z,Not applicable,N,National,2021-03,,161.2164,,A,Normal value,0,Units,2,Two,2015,
DATAFLOW,OECD.SDD.STES:DSD_STES@DF_FINMARK(4.0),Financial market,I,DNK,Denmark,M,Monthly,SHARE,Share prices,IX,Index,_Z,Not applicable,_Z,Not applicable,_Z,Not applicable,_Z,Not applicable,N,National,2021-02,,163.8166,,A,Normal value,0,Units,2,Two,2015,
DATAFLOW,OECD.SDD.STES:DSD_STES@DF_FINMARK(4.0),Financial market,I,DNK,Denmark,M,Monthly,SHARE,Share prices,IX,Index,_Z,Not applicable,_Z,Not applicable,_Z,Not applicable,_Z,Not applicable,N,National,2021-01,,165.4561,,A,Normal value,0,Units,2,Two,2015,
DATAFLOW,OECD.SDD.STES:DSD_STES@DF_FINMARK(4.0),Financial market,I,DNK,Denmark,M,Monthly,SHARE,Share prices,IX,Index,_Z,Not applicable,_Z,Not applicable,_Z,Not applicable,_Z,Not applicable,N,National,2020-12,,159.0769,,A,Normal value,0,Units,2,Two,2015,
DATAFLOW,OECD.SDD.STES:DSD_STES@DF_FINMARK(4.0),Financial market,I,ESP,Spain,M,Monthly,SHARE,Share prices,IX,Index,_Z,Not applicable,_Z,Not applicable,_Z,Not applicable,_Z,Not applicable,N,National,2025-12,,154.7221,,A,Normal value,0,Units,2,Two,2015,
DATAFLOW,OECD.SDD.STES:DSD_STES@DF_FINMARK(4.0),Financial market,I,ESP,Spain,M,Monthly,SHARE,Share prices,IX,Index,_Z,Not applicable,_Z,Not applicable,_Z,Not applicable,_Z,Not applicable,N,National,2025-11,,148.2151,,A,Normal value,0,Units,2,Two,2015,
DATAFLOW,OECD.SDD.STES:DSD_STES@DF_FINMARK(4.0),Financial market,I,ESP,Spain,M,Monthly,SHARE,Share prices,IX,Index,_Z,Not applicable,_Z,Not applicable,_Z,Not applicable,_Z,Not applicable,N,National,2025-10,,144.0746,,A,Normal value,0,Units,2,Two,2015,
DATAFLOW,OECD.SDD.STES:DSD_STES@DF_FINMARK(4.0),Financial market,I,ESP,Spain,M,Monthly,SHARE,Share prices,IX,Index,_Z,Not applicable,_Z,Not applicable,_Z,Not applicable,_Z,Not applicable,N,National,2025-09,,139.1076,,A,Normal value,0,Units,2,Two,2015,
DATAFLOW,OECD.SDD.STES:DSD_STES@DF_FINMARK(4.0),Financial market,I,ESP,Spain,M,Monthly,SHARE,Share prices,IX,Index,_Z,Not applicable,_Z,Not applicable,_Z,Not applicable,_Z,Not applicable,N,National,2025-08,,137.2908,,A,Normal value,0,Units,2,Two,2015,
DATAFLOW,OECD.SDD.STES:DSD_STES@DF_FINMARK(4.0),Financial market,I,ESP,Spain,M,Monthly,SHARE,Share prices,IX,Index,_Z,Not applicable,_Z,Not applicable,_Z,Not applicable,_Z,Not applicable,N,National,2025-07,,129.5317,,A,Normal value,0,Units,2,Two,2015,
DATAFLOW,OECD.SDD.STES:DSD_STES@DF_FINMARK(4.0),Financial market,I,ESP,Spain,M,Monthly,SHARE,Share prices,IX,Index,_Z,Not applicable,_Z,Not applicable,_Z,Not applicable,_Z,Not applicable,N,National,2025-06,,128.5766,,A,Normal value,0,Units,2,Two,2015,
DATAFLOW,OECD.SDD.STES:DSD_STES@DF_FINMARK(4.0),Financial market,I,ESP,Spain,M,Monthly,SHARE,Share prices,IX,Index,_Z,Not applicable,_Z,Not applicable,_Z,Not applicable,_Z,Not applicable,N,National,2025-05,,127.0181,,A,Normal value,0,Units,2,Two,2015,
DATAFLOW,OECD.SDD.STES:DSD_STES@DF_FINMARK(4.0),Financial market,I,ESP,Spain,M,Monthly,SHARE,Share prices,IX,Index,_Z,Not applicable,_Z,Not applicable,_Z,Not applicable,_Z,Not applicable,N,National,2025-04,,117.4469,,A,Normal value,0,Units,2,Two,2015,
DATAFLOW,OECD.SDD.STES:DSD_STES@DF_FINMARK(4.0),Financial market,I,ESP,Spain,M,Monthly,SHARE,Share prices,IX,Index,_Z,Not applicable,_Z,Not applicable,_Z,Not applicable,_Z,Not applicable,N,National,2025-03,,120.6953,,A,Normal value,0,Units,2,Two,2015,
DATAFLOW,OECD.SDD.STES:DSD_STES@DF_FINMARK(4.0),Financial market,I,ESP,Spain,M,Monthly,SHARE,Share prices,IX,Index,_Z,Not applicable,_Z,Not applicable,_Z,Not applicable,_Z,Not applicable,N,National,2025-02,,117.3562,,A,Normal value,0,Units,2,Two,2015,
DATAFLOW,OECD.SDD.STES:DSD_STES@DF_FINMARK(4.0),Financial market,I,ESP,Spain,M,Monthly,SHARE,Share prices,IX,Index,_Z,Not applicable,_Z,Not applicable,_Z,Not applicable,_Z,Not applicable,N,National,2025-01,,108.2523,,A,Normal value,0,Units,2,Two,2015,
DATAFLOW,OECD.SDD.STES:DSD_STES@DF_FINMARK(4.0),Financial market,I,ESP,Spain,M,Monthly,SHARE,Share prices,IX,Index,_Z,Not applicable,_Z,Not applicable,_Z,Not applicable,_Z,Not applicable,N,National,2024-12,,105.959,,A,Normal value,0,Units,2,Two,2015,
DATAFLOW,OECD.SDD.STES:DSD_STES@DF_FINMARK(4.0),Financial market,I,ESP,Spain,M,Monthly,SHARE,Share prices,IX,Index,_Z,Not applicable,_Z,Not applicable,_Z,Not applicable,_Z,Not applicable,N,National,2024-11,,105.1724,,A,Normal value,0,Units,2,Two,2015,
DATAFLOW,OECD.SDD.STES:DSD_STES@DF_FINMARK(4.0),Financial market,I,ESP,Spain,M,Monthly,SHARE,Share prices,IX,Index,_Z,Not applicable,_Z,Not applicable,_Z,Not applicable,_Z,Not applicable,N,National,2024-10,,106.729,,A,Normal value,0,Units,2,Two,2015,
DATAFLOW,OECD.SDD.STES:DSD_STES@DF_FINMARK(4.0),Financial market,I,ESP,Spain,M,Monthly,SHARE,Share prices,IX,Index,_Z,Not applicable,_Z,Not applicable,_Z,Not applicable,_Z,Not applicable,N,National,2024-09,,104.842,,A,Normal value,0,Units,2,Two,2015,
DATAFLOW,OECD.SDD.STES:DSD_STES@DF_FINMARK(4.0),Financial market,I,ESP,Spain,M,Monthly,SHARE,Share prices,IX,Index,_Z,Not applicable,_Z,Not applicable,_Z,Not applicable,_Z,Not applicable,N,National,2024-08,,99.51498,,A,Normal value,0,Units,2,Two,2015,
DATAFLOW,OECD.SDD.STES:DSD_STES@DF_FINMARK(4.0),Financial market,I,ESP,Spain,M,Monthly,SHARE,Share prices,IX,Index,_Z,Not applicable,_Z,Not applicable,_Z,Not applicable,_Z,Not applicable,N,National,2024-07,,101.3196,,A,Normal value,0,Units,2,Two,2015,
DATAFLOW,OECD.SDD.STES:DSD_STES@DF_FINMARK(4.0),Financial market,I,ESP,Spain,M,Monthly,SHARE,Share prices,IX,Index,_Z,Not applicable,_Z,Not applicable,_Z,Not applicable,_Z,Not applicable,N,National,2024-06,,102.0415,,A,Normal value,0,Units,2,Two,2015,
DATAFLOW,OECD.SDD.STES:DSD_STES@DF_FINMARK(4.0),Financial market,I,ESP,Spain,M,Monthly,SHARE,Share prices,IX,Index,_Z,Not applicable,_Z,Not applicable,_Z,Not applicable,_Z,Not applicable,N,National,2024-05,,102.6366,,A,Normal value,0,Units,2,Two,2015,
DATAFLOW,OECD.SDD.STES:DSD_STES@DF_FINMARK(4.0),Financial market,I,ESP,Spain,M,Monthly,SHARE,Share prices,IX,Index,_Z,Not applicable,_Z,Not applicable,_Z,Not applicable,_Z,Not applicable,N,National,2024-04,,99.75375,,A,Normal value,0,Units,2,Two,2015,
DATAFLOW,OECD.SDD.STES:DSD_STES@DF_FINMARK(4.0),Financial market,I,ESP,Spain,M,Monthly,SHARE,Share prices,IX,Index,_Z,Not applicable,_Z,Not applicable,_Z,Not applicable,_Z,Not applicable,N,National,2024-03,,96.72746,,A,Normal value,0,Units,2,Two,2015,
DATAFLOW,OECD.SDD.STES:DSD_STES@DF_FINMARK(4.0),Financial market,I,ESP,Spain,M,Monthly,SHARE,Share prices,IX,Index,_Z,Not applicable,_Z,Not applicable,_Z,Not applicable,_Z,Not applicable,N,National,2024-02,,91.35509,,A,Normal value,0,Units,2,Two,2015,
DATAFLOW,OECD.SDD.STES:DSD_STES@DF_FINMARK(4.0),Financial market,I,ESP,Spain,M,Monthly,SHARE,Share prices,IX,Index,_Z,Not applicable,_Z,Not applicable,_Z,Not applicable,_Z,Not applicable,N,National,2024-01,,91.51335,,A,Normal value,0,Units,2,Two,2015,
DATAFLOW,OECD.SDD.STES:DSD_STES@DF_FINMARK(4.0),Financial market,I,ESP,Spain,M,Monthly,SHARE,Share prices,IX,Index,_Z,Not applicable,_Z,Not applicable,_Z,Not applicable,_Z,Not applicable,N,National,2023-12,,92.69518,,A,Normal value,0,Units,2,Two,2015,
DATAFLOW,OECD.SDD.STES:DSD_STES@DF_FINMARK(4.0),Financial market,I,ESP,Spain,M,Monthly,SHARE,Share prices,IX,Index,_Z,Not applicable,_Z,Not applicable,_Z,Not applicable,_Z,Not applicable,N,National,2023-11,,88.25292,,A,Normal value,0,Units,2,Two,2015,
DATAFLOW,OECD.SDD.STES:DSD_STES@DF_FINMARK(4.0),Financial market,I,ESP,Spain,M,Monthly,SHARE,Share prices,IX,Index,_Z,Not applicable,_Z,Not applicable,_Z,Not applicable,_Z,Not applicable,N,National,2023-10,,84.24841,,A,Normal value,0,Units,2,Two,2015,
DATAFLOW,OECD.SDD.STES:DSD_STES@DF_FINMARK(4.0),Financial market,I,ESP,Spain,M,Monthly,SHARE,Share prices,IX,Index,_Z,Not applicable,_Z,Not applicable,_Z,Not applicable,_Z,Not applicable,N,National,2023-09,,86.73422,,A,Normal value,0,Units,2,Two,2015,
DATAFLOW,OECD.SDD.STES:DSD_STES@DF_FINMARK(4.0),Financial market,I,ESP,Spain,M,Monthly,SHARE,Share prices,IX,Index,_Z,Not applicable,_Z,Not applicable,_Z,Not applicable,_Z,Not applicable,N,National,2023-08,,86.23539,,A,Normal value,0,Units,2,Two,2015,
DATAFLOW,OECD.SDD.STES:DSD_STES@DF_FINMARK(4.0),Financial market,I,ESP,Spain,M,Monthly,SHARE,Share prices,IX,Index,_Z,Not applicable,_Z,Not applicable,_Z,Not applicable,_Z,Not applicable,N,National,2023-07,,87.12292,,A,Normal value,0,Units,2,Two,2015,
DATAFLOW,OECD.SDD.STES:DSD_STES@DF_FINMARK(4.0),Financial market,I,ESP,Spain,M,Monthly,SHARE,Share prices,IX,Index,_Z,Not applicable,_Z,Not applicable,_Z,Not applicable,_Z,Not applicable,N,National,2023-06,,85.88371,,A,Normal value,0,Units,2,Two,2015,
DATAFLOW,OECD.SDD.STES:DSD_STES@DF_FINMARK(4.0),Financial market,I,ESP,Spain,M,Monthly,SHARE,Share prices,IX,Index,_Z,Not applicable,_Z,Not applicable,_Z,Not applicable,_Z,Not applicable,N,National,2023-05,,84.23637,,A,Normal value,0,Units,2,Two,2015,
DATAFLOW,OECD.SDD.STES:DSD_STES@DF_FINMARK(4.0),Financial market,I,ESP,Spain,M,Monthly,SHARE,Share prices,IX,Index,_Z,Not applicable,_Z,Not applicable,_Z,Not applicable,_Z,Not applicable,N,National,2023-04,,85.70695,,A,Normal value,0,Units,2,Two,2015,
DATAFLOW,OECD.SDD.STES:DSD_STES@DF_FINMARK(4.0),Financial market,I,ESP,Spain,M,Monthly,SHARE,Share prices,IX,Index,_Z,Not applicable,_Z,Not applicable,_Z,Not applicable,_Z,Not applicable,N,National,2023-03,,83.93467,,A,Normal value,0,Units,2,Two,2015,
DATAFLOW,OECD.SDD.STES:DSD_STES@DF_FINMARK(4.0),Financial market,I,ESP,Spain,M,Monthly,SHARE,Share prices,IX,Index,_Z,Not applicable,_Z,Not applicable,_Z,Not applicable,_Z,Not applicable,N,National,2023-02,,85.02673,,A,Normal value,0,Units,2,Two,2015,
DATAFLOW,OECD.SDD.STES:DSD_STES@DF_FINMARK(4.0),Financial market,I,ESP,Spain,M,Monthly,SHARE,Share prices,IX,Index,_Z,Not applicable,_Z,Not applicable,_Z,Not applicable,_Z,Not applicable,N,National,2023-01,,81.0583,,A,Normal value,0,Units,2,Two,2015,
DATAFLOW,OECD.SDD.STES:DSD_STES@DF_FINMARK(4.0),Financial market,I,ESP,Spain,M,Monthly,SHARE,Share prices,IX,Index,_Z,Not applicable,_Z,Not applicable,_Z,Not applicable,_Z,Not applicable,N,National,2022-12,,76.24863,,A,Normal value,0,Units,2,Two,2015,
DATAFLOW,OECD.SDD.STES:DSD_STES@DF_FINMARK(4.0),Financial market,I,ESP,Spain,M,Monthly,SHARE,Share prices,IX,Index,_Z,Not applicable,_Z,Not applicable,_Z,Not applicable,_Z,Not applicable,N,National,2022-11,,75.01498,,A,Normal value,0,Units,2,Two,2015,
DATAFLOW,OECD.SDD.STES:DSD_STES@DF_FINMARK(4.0),Financial market,I,ESP,Spain,M,Monthly,SHARE,Share prices,IX,Index,_Z,Not applicable,_Z,Not applicable,_Z,Not applicable,_Z,Not applicable,N,National,2022-10,,70.02576,,A,Normal value,0,Units,2,Two,2015,
DATAFLOW,OECD.SDD.STES:DSD_STES@DF_FINMARK(4.0),Financial market,I,ESP,Spain,M,Monthly,SHARE,Share prices,IX,Index,_Z,Not applicable,_Z,Not applicable,_Z,Not applicable,_Z,Not applicable,N,National,2022-09,,71.91928,,A,Normal value,0,Units,2,Two,2015,
DATAFLOW,OECD.SDD.STES:DSD_STES@DF_FINMARK(4.0),Financial market,I,ESP,Spain,M,Monthly,SHARE,Share prices,IX,Index,_Z,Not applicable,_Z,Not applicable,_Z,Not applicable,_Z,Not applicable,N,National,2022-08,,75.58507,,A,Normal value,0,Units,2,Two,2015,
DATAFLOW,OECD.SDD.STES:DSD_STES@DF_FINMARK(4.0),Financial market,I,ESP,Spain,M,Monthly,SHARE,Share prices,IX,Index,_Z,Not applicable,_Z,Not applicable,_Z,Not applicable,_Z,Not applicable,N,National,2022-07,,73.9692,,A,Normal value,0,Units,2,Two,2015,
DATAFLOW,OECD.SDD.STES:DSD_STES@DF_FINMARK(4.0),Financial market,I,ESP,Spain,M,Monthly,SHARE,Share prices,IX,Index,_Z,Not applicable,_Z,Not applicable,_Z,Not applicable,_Z,Not applicable,N,National,2022-06,,77.15559,,A,Normal value,0,Units,2,Two,2015,
DATAFLOW,OECD.SDD.STES:DSD_STES@DF_FINMARK(4.0),Financial market,I,ESP,Spain,M,Monthly,SHARE,Share prices,IX,Index,_Z,Not applicable,_Z,Not applicable,_Z,Not applicable,_Z,Not applicable,N,National,2022-05,,78.53548,,A,Normal value,0,Units,2,Two,2015,
DATAFLOW,OECD.SDD.STES:DSD_STES@DF_FINMARK(4.0),Financial market,I,ESP,Spain,M,Monthly,SHARE,Share prices,IX,Index,_Z,Not applicable,_Z,Not applicable,_Z,Not applicable,_Z,Not applicable,N,National,2022-04,,79.24253,,A,Normal value,0,Units,2,Two,2015,
DATAFLOW,OECD.SDD.STES:DSD_STES@DF_FINMARK(4.0),Financial market,I,ESP,Spain,M,Monthly,SHARE,Share prices,IX,Index,_Z,Not applicable,_Z,Not applicable,_Z,Not applicable,_Z,Not applicable,N,National,2022-03,,75.88493,,A,Normal value,0,Units,2,Two,2015,
DATAFLOW,OECD.SDD.STES:DSD_STES@DF_FINMARK(4.0),Financial market,I,ESP,Spain,M,Monthly,SHARE,Share prices,IX,Index,_Z,Not applicable,_Z,Not applicable,_Z,Not applicable,_Z,Not applicable,N,National,2022-02,,79.54331,,A,Normal value,0,Units,2,Two,2015,
DATAFLOW,OECD.SDD.STES:DSD_STES@DF_FINMARK(4.0),Financial market,I,ESP,Spain,M,Monthly,SHARE,Share prices,IX,Index,_Z,Not applicable,_Z,Not applicable,_Z,Not applicable,_Z,Not applicable,N,National,2022-01,,80.13284,,A,Normal value,0,Units,2,Two,2015,
DATAFLOW,OECD.SDD.STES:DSD_STES@DF_FINMARK(4.0),Financial market,I,ESP,Spain,M,Monthly,SHARE,Share prices,IX,Index,_Z,Not applicable,_Z,Not applicable,_Z,Not applicable,_Z,Not applicable,N,National,2021-12,,77.26388,,A,Normal value,0,Units,2,Two,2015,
DATAFLOW,OECD.SDD.STES:DSD_STES@DF_FINMARK(4.0),Financial market,I,ESP,Spain,M,Monthly,SHARE,Share prices,IX,Index,_Z,Not applicable,_Z,Not applicable,_Z,Not applicable,_Z,Not applicable,N,National,2021-11,,81.32114,,A,Normal value,0,Units,2,Two,2015,
DATAFLOW,OECD.SDD.STES:DSD_STES@DF_FINMARK(4.0),Financial market,I,ESP,Spain,M,Monthly,SHARE,Share prices,IX,Index,_Z,Not applicable,_Z,Not applicable,_Z,Not applicable,_Z,Not applicable,N,National,2021-10,,81.62192,,A,Normal value,0,Units,2,Two,2015,
DATAFLOW,OECD.SDD.STES:DSD_STES@DF_FINMARK(4.0),Financial market,I,ESP,Spain,M,Monthly,SHARE,Share prices,IX,Index,_Z,Not applicable,_Z,Not applicable,_Z,Not applicable,_Z,Not applicable,N,National,2021-09,,80.47989,,A,Normal value,0,Units,2,Two,2015,
DATAFLOW,OECD.SDD.STES:DSD_STES@DF_FINMARK(4.0),Financial market,I,ESP,Spain,M,Monthly,SHARE,Share prices,IX,Index,_Z,Not applicable,_Z,Not applicable,_Z,Not applicable,_Z,Not applicable,N,National,2021-08,,81.27394,,A,Normal value,0,Units,2,Two,2015,
DATAFLOW,OECD.SDD.STES:DSD_STES@DF_FINMARK(4.0),Financial market,I,ESP,Spain,M,Monthly,SHARE,Share prices,IX,Index,_Z,Not applicable,_Z,Not applicable,_Z,Not applicable,_Z,Not applicable,N,National,2021-07,,79.72285,,A,Normal value,0,Units,2,Two,2015,
DATAFLOW,OECD.SDD.STES:DSD_STES@DF_FINMARK(4.0),Financial market,I,ESP,Spain,M,Monthly,SHARE,Share prices,IX,Index,_Z,Not applicable,_Z,Not applicable,_Z,Not applicable,_Z,Not applicable,N,National,2021-06,,83.58299,,A,Normal value,0,Units,2,Two,2015,
DATAFLOW,OECD.SDD.STES:DSD_STES@DF_FINMARK(4.0),Financial market,I,ESP,Spain,M,Monthly,SHARE,Share prices,IX,Index,_Z,Not applicable,_Z,Not applicable,_Z,Not applicable,_Z,Not applicable,N,National,2021-05,,83.49045,,A,Normal value,0,Units,2,Two,2015,
DATAFLOW,OECD.SDD.STES:DSD_STES@DF_FINMARK(4.0),Financial market,I,ESP,Spain,M,Monthly,SHARE,Share prices,IX,Index,_Z,Not applicable,_Z,Not applicable,_Z,Not applicable,_Z,Not applicable,N,National,2021-04,,79.63493,,A,Normal value,0,Units,2,Two,2015,
DATAFLOW,OECD.SDD.STES:DSD_STES@DF_FINMARK(4.0),Financial market,I,ESP,Spain,M,Monthly,SHARE,Share prices,IX,Index,_Z,Not applicable,_Z,Not applicable,_Z,Not applicable,_Z,Not applicable,N,National,2021-03,,78.46606,,A,Normal value,0,Units,2,Two,2015,
DATAFLOW,OECD.SDD.STES:DSD_STES@DF_FINMARK(4.0),Financial market,I,ESP,Spain,M,Monthly,SHARE,Share prices,IX,Index,_Z,Not applicable,_Z,Not applicable,_Z,Not applicable,_Z,Not applicable,N,National,2021-02,,75.2445,,A,Normal value,0,Units,2,Two,2015,
DATAFLOW,OECD.SDD.STES:DSD_STES@DF_FINMARK(4.0),Financial market,I,ESP,Spain,M,Monthly,SHARE,Share prices,IX,Index,_Z,Not applicable,_Z,Not applicable,_Z,Not applicable,_Z,Not applicable,N,National,2021-01,,75.38517,,A,Normal value,0,Units,2,Two,2015,
DATAFLOW,OECD.SDD.STES:DSD_STES@DF_FINMARK(4.0),Financial market,I,ESP,Spain,M,Monthly,SHARE,Share prices,IX,Index,_Z,Not applicable,_Z,Not applicable,_Z,Not applicable,_Z,Not applicable,N,National,2020-12,,74.97704,,A,Normal value,0,Units,2,Two,2015,
DATAFLOW,OECD.SDD.STES:DSD_STES@DF_FINMARK(4.0),Financial market,I,BEL,Belgium,M,Monthly,SHARE,Share prices,IX,Index,_Z,Not applicable,_Z,Not applicable,_Z,Not applicable,_Z,Not applicable,N,National,2025-12,,123.855,,A,Normal value,0,Units,2,Two,2015,
DATAFLOW,OECD.SDD.STES:DSD_STES@DF_FINMARK(4.0),Financial market,I,BEL,Belgium,M,Monthly,SHARE,Share prices,IX,Index,_Z,Not applicable,_Z,Not applicable,_Z,Not applicable,_Z,Not applicable,N,National,2025-11,,122.0014,,A,Normal value,0,Units,2,Two,2015,
DATAFLOW,OECD.SDD.STES:DSD_STES@DF_FINMARK(4.0),Financial market,I,BEL,Belgium,M,Monthly,SHARE,Share prices,IX,Index,_Z,Not applicable,_Z,Not applicable,_Z,Not applicable,_Z,Not applicable,N,National,2025-10,,119.4534,,A,Normal value,0,Units,2,Two,2015,
DATAFLOW,OECD.SDD.STES:DSD_STES@DF_FINMARK(4.0),Financial market,I,BEL,Belgium,M,Monthly,SHARE,Share prices,IX,Index,_Z,Not applicable,_Z,Not applicable,_Z,Not applicable,_Z,Not applicable,N,National,2025-09,,116.0571,,A,Normal value,0,Units,2,Two,2015,
DATAFLOW,OECD.SDD.STES:DSD_STES@DF_FINMARK(4.0),Financial market,I,BEL,Belgium,M,Monthly,SHARE,Share prices,IX,Index,_Z,Not applicable,_Z,Not applicable,_Z,Not applicable,_Z,Not applicable,N,National,2025-08,,116.9661,,A,Normal value,0,Units,2,Two,2015,
DATAFLOW,OECD.SDD.STES:DSD_STES@DF_FINMARK(4.0),Financial market,I,BEL,Belgium,M,Monthly,SHARE,Share prices,IX,Index,_Z,Not applicable,_Z,Not applicable,_Z,Not applicable,_Z,Not applicable,N,National,2025-07,,116.0023,,A,Normal value,0,Units,2,Two,2015,
DATAFLOW,OECD.SDD.STES:DSD_STES@DF_FINMARK(4.0),Financial market,I,BEL,Belgium,M,Monthly,SHARE,Share prices,IX,Index,_Z,Not applicable,_Z,Not applicable,_Z,Not applicable,_Z,Not applicable,N,National,2025-06,,115.2814,,A,Normal value,0,Units,2,Two,2015,
DATAFLOW,OECD.SDD.STES:DSD_STES@DF_FINMARK(4.0),Financial market,I,BEL,Belgium,M,Monthly,SHARE,Share prices,IX,Index,_Z,Not applicable,_Z,Not applicable,_Z,Not applicable,_Z,Not applicable,N,National,2025-05,,114.1452,,A,Normal value,0,Units,2,Two,2015,
DATAFLOW,OECD.SDD.STES:DSD_STES@DF_FINMARK(4.0),Financial market,I,BEL,Belgium,M,Monthly,SHARE,Share prices,IX,Index,_Z,Not applicable,_Z,Not applicable,_Z,Not applicable,_Z,Not applicable,N,National,2025-04,,108.2599,,A,Normal value,0,Units,2,Two,2015,
DATAFLOW,OECD.SDD.STES:DSD_STES@DF_FINMARK(4.0),Financial market,I,BEL,Belgium,M,Monthly,SHARE,Share prices,IX,Index,_Z,Not applicable,_Z,Not applicable,_Z,Not applicable,_Z,Not applicable,N,National,2025-03,,114.6018,,A,Normal value,0,Units,2,Two,2015,
DATAFLOW,OECD.SDD.STES:DSD_STES@DF_FINMARK(4.0),Financial market,I,BEL,Belgium,M,Monthly,SHARE,Share prices,IX,Index,_Z,Not applicable,_Z,Not applicable,_Z,Not applicable,_Z,Not applicable,N,National,2025-02,,110.8475,,A,Normal value,0,Units,2,Two,2015,
DATAFLOW,OECD.SDD.STES:DSD_STES@DF_FINMARK(4.0),Financial market,I,BEL,Belgium,M,Monthly,SHARE,Share prices,IX,Index,_Z,Not applicable,_Z,Not applicable,_Z,Not applicable,_Z,Not applicable,N,National,2025-01,,106.7893,,A,Normal value,0,Units,2,Two,2015,
DATAFLOW,OECD.SDD.STES:DSD_STES@DF_FINMARK(4.0),Financial market,I,BEL,Belgium,M,Monthly,SHARE,Share prices,IX,Index,_Z,Not applicable,_Z,Not applicable,_Z,Not applicable,_Z,Not applicable,N,National,2024-12,,104.895,,A,Normal value,0,Units,2,Two,2015,
DATAFLOW,OECD.SDD.STES:DSD_STES@DF_FINMARK(4.0),Financial market,I,BEL,Belgium,M,Monthly,SHARE,Share prices,IX,Index,_Z,Not applicable,_Z,Not applicable,_Z,Not applicable,_Z,Not applicable,N,National,2024-11,,106.988,,A,Normal value,0,Units,2,Two,2015,
DATAFLOW,OECD.SDD.STES:DSD_STES@DF_FINMARK(4.0),Financial market,I,BEL,Belgium,M,Monthly,SHARE,Share prices,IX,Index,_Z,Not applicable,_Z,Not applicable,_Z,Not applicable,_Z,Not applicable,N,National,2024-10,,110.6822,,A,Normal value,0,Units,2,Two,2015,
DATAFLOW,OECD.SDD.STES:DSD_STES@DF_FINMARK(4.0),Financial market,I,BEL,Belgium,M,Monthly,SHARE,Share prices,IX,Index,_Z,Not applicable,_Z,Not applicable,_Z,Not applicable,_Z,Not applicable,N,National,2024-09,,110.1651,,A,Normal value,0,Units,2,Two,2015,
DATAFLOW,OECD.SDD.STES:DSD_STES@DF_FINMARK(4.0),Financial market,I,BEL,Belgium,M,Monthly,SHARE,Share prices,IX,Index,_Z,Not applicable,_Z,Not applicable,_Z,Not applicable,_Z,Not applicable,N,National,2024-08,,107.426,,A,Normal value,0,Units,2,Two,2015,
DATAFLOW,OECD.SDD.STES:DSD_STES@DF_FINMARK(4.0),Financial market,I,BEL,Belgium,M,Monthly,SHARE,Share prices,IX,Index,_Z,Not applicable,_Z,Not applicable,_Z,Not applicable,_Z,Not applicable,N,National,2024-07,,107.7176,,A,Normal value,0,Units,2,Two,2015,
DATAFLOW,OECD.SDD.STES:DSD_STES@DF_FINMARK(4.0),Financial market,I,BEL,Belgium,M,Monthly,SHARE,Share prices,IX,Index,_Z,Not applicable,_Z,Not applicable,_Z,Not applicable,_Z,Not applicable,N,National,2024-06,,106.2269,,A,Normal value,0,Units,2,Two,2015,
DATAFLOW,OECD.SDD.STES:DSD_STES@DF_FINMARK(4.0),Financial market,I,BEL,Belgium,M,Monthly,SHARE,Share prices,IX,Index,_Z,Not applicable,_Z,Not applicable,_Z,Not applicable,_Z,Not applicable,N,National,2024-05,,110.2277,,A,Normal value,0,Units,2,Two,2015,
DATAFLOW,OECD.SDD.STES:DSD_STES@DF_FINMARK(4.0),Financial market,I,BEL,Belgium,M,Monthly,SHARE,Share prices,IX,Index,_Z,Not applicable,_Z,Not applicable,_Z,Not applicable,_Z,Not applicable,N,National,2024-04,,107.1028,,A,Normal value,0,Units,2,Two,2015,
DATAFLOW,OECD.SDD.STES:DSD_STES@DF_FINMARK(4.0),Financial market,I,BEL,Belgium,M,Monthly,SHARE,Share prices,IX,Index,_Z,Not applicable,_Z,Not applicable,_Z,Not applicable,_Z,Not applicable,N,National,2024-03,,103.0105,,A,Normal value,0,Units,2,Two,2015,
DATAFLOW,OECD.SDD.STES:DSD_STES@DF_FINMARK(4.0),Financial market,I,BEL,Belgium,M,Monthly,SHARE,Share prices,IX,Index,_Z,Not applicable,_Z,Not applicable,_Z,Not applicable,_Z,Not applicable,N,National,2024-02,,100.3936,,A,Normal value,0,Units,2,Two,2015,
DATAFLOW,OECD.SDD.STES:DSD_STES@DF_FINMARK(4.0),Financial market,I,BEL,Belgium,M,Monthly,SHARE,Share prices,IX,Index,_Z,Not applicable,_Z,Not applicable,_Z,Not applicable,_Z,Not applicable,N,National,2024-01,,100.6337,,A,Normal value,0,Units,2,Two,2015,
DATAFLOW,OECD.SDD.STES:DSD_STES@DF_FINMARK(4.0),Financial market,I,BEL,Belgium,M,Monthly,SHARE,Share prices,IX,Index,_Z,Not applicable,_Z,Not applicable,_Z,Not applicable,_Z,Not applicable,N,National,2023-12,,101.8935,,A,Normal value,0,Units,2,Two,2015,
DATAFLOW,OECD.SDD.STES:DSD_STES@DF_FINMARK(4.0),Financial market,I,BEL,Belgium,M,Monthly,SHARE,Share prices,IX,Index,_Z,Not applicable,_Z,Not applicable,_Z,Not applicable,_Z,Not applicable,N,National,2023-11,,98.2935,,A,Normal value,0,Units,2,Two,2015,
DATAFLOW,OECD.SDD.STES:DSD_STES@DF_FINMARK(4.0),Financial market,I,BEL,Belgium,M,Monthly,SHARE,Share prices,IX,Index,_Z,Not applicable,_Z,Not applicable,_Z,Not applicable,_Z,Not applicable,N,National,2023-10,,95.4977,,A,Normal value,0,Units,2,Two,2015,
DATAFLOW,OECD.SDD.STES:DSD_STES@DF_FINMARK(4.0),Financial market,I,BEL,Belgium,M,Monthly,SHARE,Share prices,IX,Index,_Z,Not applicable,_Z,Not applicable,_Z,Not applicable,_Z,Not applicable,N,National,2023-09,,98.54307,,A,Normal value,0,Units,2,Two,2015,
DATAFLOW,OECD.SDD.STES:DSD_STES@DF_FINMARK(4.0),Financial market,I,BEL,Belgium,M,Monthly,SHARE,Share prices,IX,Index,_Z,Not applicable,_Z,Not applicable,_Z,Not applicable,_Z,Not applicable,N,National,2023-08,,97.71101,,A,Normal value,0,Units,2,Two,2015,
DATAFLOW,OECD.SDD.STES:DSD_STES@DF_FINMARK(4.0),Financial market,I,BEL,Belgium,M,Monthly,SHARE,Share prices,IX,Index,_Z,Not applicable,_Z,Not applicable,_Z,Not applicable,_Z,Not applicable,N,National,2023-07,,96.20719,,A,Normal value,0,Units,2,Two,2015,
DATAFLOW,OECD.SDD.STES:DSD_STES@DF_FINMARK(4.0),Financial market,I,BEL,Belgium,M,Monthly,SHARE,Share prices,IX,Index,_Z,Not applicable,_Z,Not applicable,_Z,Not applicable,_Z,Not applicable,N,National,2023-06,,94.6363,,A,Normal value,0,Units,2,Two,2015,
DATAFLOW,OECD.SDD.STES:DSD_STES@DF_FINMARK(4.0),Financial market,I,BEL,Belgium,M,Monthly,SHARE,Share prices,IX,Index,_Z,Not applicable,_Z,Not applicable,_Z,Not applicable,_Z,Not applicable,N,National,2023-05,,96.86105,,A,Normal value,0,Units,2,Two,2015,
DATAFLOW,OECD.SDD.STES:DSD_STES@DF_FINMARK(4.0),Financial market,I,BEL,Belgium,M,Monthly,SHARE,Share prices,IX,Index,_Z,Not applicable,_Z,Not applicable,_Z,Not applicable,_Z,Not applicable,N,National,2023-04,,99.87871,,A,Normal value,0,Units,2,Two,2015,
DATAFLOW,OECD.SDD.STES:DSD_STES@DF_FINMARK(4.0),Financial market,I,BEL,Belgium,M,Monthly,SHARE,Share prices,IX,Index,_Z,Not applicable,_Z,Not applicable,_Z,Not applicable,_Z,Not applicable,N,National,2023-03,,97.35397,,A,Normal value,0,Units,2,Two,2015,
DATAFLOW,OECD.SDD.STES:DSD_STES@DF_FINMARK(4.0),Financial market,I,BEL,Belgium,M,Monthly,SHARE,Share prices,IX,Index,_Z,Not applicable,_Z,Not applicable,_Z,Not applicable,_Z,Not applicable,N,National,2023-02,,99.74237,,A,Normal value,0,Units,2,Two,2015,
DATAFLOW,OECD.SDD.STES:DSD_STES@DF_FINMARK(4.0),Financial market,I,BEL,Belgium,M,Monthly,SHARE,Share prices,IX,Index,_Z,Not applicable,_Z,Not applicable,_Z,Not applicable,_Z,Not applicable,N,National,2023-01,,98.74345,,A,Normal value,0,Units,2,Two,2015,
DATAFLOW,OECD.SDD.STES:DSD_STES@DF_FINMARK(4.0),Financial market,I,BEL,Belgium,M,Monthly,SHARE,Share prices,IX,Index,_Z,Not applicable,_Z,Not applicable,_Z,Not applicable,_Z,Not applicable,N,National,2022-12,,96.27178,,A,Normal value,0,Units,2,Two,2015,
DATAFLOW,OECD.SDD.STES:DSD_STES@DF_FINMARK(4.0),Financial market,I,BEL,Belgium,M,Monthly,SHARE,Share prices,IX,Index,_Z,Not applicable,_Z,Not applicable,_Z,Not applicable,_Z,Not applicable,N,National,2022-11,,94.11179,,A,Normal value,0,Units,2,Two,2015,
DATAFLOW,OECD.SDD.STES:DSD_STES@DF_FINMARK(4.0),Financial market,I,BEL,Belgium,M,Monthly,SHARE,Share prices,IX,Index,_Z,Not applicable,_Z,Not applicable,_Z,Not applicable,_Z,Not applicable,N,National,2022-10,,86.42198,,A,Normal value,0,Units,2,Two,2015,
DATAFLOW,OECD.SDD.STES:DSD_STES@DF_FINMARK(4.0),Financial market,I,BEL,Belgium,M,Monthly,SHARE,Share prices,IX,Index,_Z,Not applicable,_Z,Not applicable,_Z,Not applicable,_Z,Not applicable,N,National,2022-09,,86.56657,,A,Normal value,0,Units,2,Two,2015,
DATAFLOW,OECD.SDD.STES:DSD_STES@DF_FINMARK(4.0),Financial market,I,BEL,Belgium,M,Monthly,SHARE,Share prices,IX,Index,_Z,Not applicable,_Z,Not applicable,_Z,Not applicable,_Z,Not applicable,N,National,2022-08,,91.04829,,A,Normal value,0,Units,2,Two,2015,
DATAFLOW,OECD.SDD.STES:DSD_STES@DF_FINMARK(4.0),Financial market,I,BEL,Belgium,M,Monthly,SHARE,Share prices,IX,Index,_Z,Not applicable,_Z,Not applicable,_Z,Not applicable,_Z,Not applicable,N,National,2022-07,,88.8135,,A,Normal value,0,Units,2,Two,2015,
DATAFLOW,OECD.SDD.STES:DSD_STES@DF_FINMARK(4.0),Financial market,I,BEL,Belgium,M,Monthly,SHARE,Share prices,IX,Index,_Z,Not applicable,_Z,Not applicable,_Z,Not applicable,_Z,Not applicable,N,National,2022-06,,91.23965,,A,Normal value,0,Units,2,Two,2015,
DATAFLOW,OECD.SDD.STES:DSD_STES@DF_FINMARK(4.0),Financial market,I,BEL,Belgium,M,Monthly,SHARE,Share prices,IX,Index,_Z,Not applicable,_Z,Not applicable,_Z,Not applicable,_Z,Not applicable,N,National,2022-05,,93.84229,,A,Normal value,0,Units,2,Two,2015,
DATAFLOW,OECD.SDD.STES:DSD_STES@DF_FINMARK(4.0),Financial market,I,BEL,Belgium,M,Monthly,SHARE,Share prices,IX,Index,_Z,Not applicable,_Z,Not applicable,_Z,Not applicable,_Z,Not applicable,N,National,2022-04,,94.93864,,A,Normal value,0,Units,2,Two,2015,
DATAFLOW,OECD.SDD.STES:DSD_STES@DF_FINMARK(4.0),Financial market,I,BEL,Belgium,M,Monthly,SHARE,Share prices,IX,Index,_Z,Not applicable,_Z,Not applicable,_Z,Not applicable,_Z,Not applicable,N,National,2022-03,,92.73357,,A,Normal value,0,Units,2,Two,2015,
DATAFLOW,OECD.SDD.STES:DSD_STES@DF_FINMARK(4.0),Financial market,I,BEL,Belgium,M,Monthly,SHARE,Share prices,IX,Index,_Z,Not applicable,_Z,Not applicable,_Z,Not applicable,_Z,Not applicable,N,National,2022-02,,99.34743,,A,Normal value,0,Units,2,Two,2015,
DATAFLOW,OECD.SDD.STES:DSD_STES@DF_FINMARK(4.0),Financial market,I,BEL,Belgium,M,Monthly,SHARE,Share prices,IX,Index,_Z,Not applicable,_Z,Not applicable,_Z,Not applicable,_Z,Not applicable,N,National,2022-01,,101.2457,,A,Normal value,0,Units,2,Two,2015,
DATAFLOW,OECD.SDD.STES:DSD_STES@DF_FINMARK(4.0),Financial market,I,BEL,Belgium,M,Monthly,SHARE,Share prices,IX,Index,_Z,Not applicable,_Z,Not applicable,_Z,Not applicable,_Z,Not applicable,N,National,2021-12,,97.14455,,A,Normal value,0,Units,2,Two,2015,
DATAFLOW,OECD.SDD.STES:DSD_STES@DF_FINMARK(4.0),Financial market,I,BEL,Belgium,M,Monthly,SHARE,Share prices,IX,Index,_Z,Not applicable,_Z,Not applicable,_Z,Not applicable,_Z,Not applicable,N,National,2021-11,,97.89474,,A,Normal value,0,Units,2,Two,2015,
DATAFLOW,OECD.SDD.STES:DSD_STES@DF_FINMARK(4.0),Financial market,I,BEL,Belgium,M,Monthly,SHARE,Share prices,IX,Index,_Z,Not applicable,_Z,Not applicable,_Z,Not applicable,_Z,Not applicable,N,National,2021-10,,95.7244,,A,Normal value,0,Units,2,Two,2015,
DATAFLOW,OECD.SDD.STES:DSD_STES@DF_FINMARK(4.0),Financial market,I,BEL,Belgium,M,Monthly,SHARE,Share prices,IX,Index,_Z,Not applicable,_Z,Not applicable,_Z,Not applicable,_Z,Not applicable,N,National,2021-09,,93.1854,,A,Normal value,0,Units,2,Two,2015,
DATAFLOW,OECD.SDD.STES:DSD_STES@DF_FINMARK(4.0),Financial market,I,BEL,Belgium,M,Monthly,SHARE,Share prices,IX,Index,_Z,Not applicable,_Z,Not applicable,_Z,Not applicable,_Z,Not applicable,N,National,2021-08,,93.85934,,A,Normal value,0,Units,2,Two,2015,
DATAFLOW,OECD.SDD.STES:DSD_STES@DF_FINMARK(4.0),Financial market,I,BEL,Belgium,M,Monthly,SHARE,Share prices,IX,Index,_Z,Not applicable,_Z,Not applicable,_Z,Not applicable,_Z,Not applicable,N,National,2021-07,,91.92867,,A,Normal value,0,Units,2,Two,2015,
DATAFLOW,OECD.SDD.STES:DSD_STES@DF_FINMARK(4.0),Financial market,I,BEL,Belgium,M,Monthly,SHARE,Share prices,IX,Index,_Z,Not applicable,_Z,Not applicable,_Z,Not applicable,_Z,Not applicable,N,National,2021-06,,94.0935,,A,Normal value,0,Units,2,Two,2015,
DATAFLOW,OECD.SDD.STES:DSD_STES@DF_FINMARK(4.0),Financial market,I,BEL,Belgium,M,Monthly,SHARE,Share prices,IX,Index,_Z,Not applicable,_Z,Not applicable,_Z,Not applicable,_Z,Not applicable,N,National,2021-05,,91.73833,,A,Normal value,0,Units,2,Two,2015,
DATAFLOW,OECD.SDD.STES:DSD_STES@DF_FINMARK(4.0),Financial market,I,BEL,Belgium,M,Monthly,SHARE,Share prices,IX,Index,_Z,Not applicable,_Z,Not applicable,_Z,Not applicable,_Z,Not applicable,N,National,2021-04,,88.75871,,A,Normal value,0,Units,2,Two,2015,
DATAFLOW,OECD.SDD.STES:DSD_STES@DF_FINMARK(4.0),Financial market,I,BEL,Belgium,M,Monthly,SHARE,Share prices,IX,Index,_Z,Not applicable,_Z,Not applicable,_Z,Not applicable,_Z,Not applicable,N,National,2021-03,,86.98611,,A,Normal value,0,Units,2,Two,2015,
DATAFLOW,OECD.SDD.STES:DSD_STES@DF_FINMARK(4.0),Financial market,I,BEL,Belgium,M,Monthly,SHARE,Share prices,IX,Index,_Z,Not applicable,_Z,Not applicable,_Z,Not applicable,_Z,Not applicable,N,National,2021-02,,84.5051,,A,Normal value,0,Units,2,Two,2015,
DATAFLOW,OECD.SDD.STES:DSD_STES@DF_FINMARK(4.0),Financial market,I,JPN,Japan,M,Monthly,SHARE,Share prices,IX,Index,_Z,Not applicable,_Z,Not applicable,_Z,Not applicable,_Z,Not applicable,N,National,2025-07,,184.3558,,A,Normal value,0,Units,2,Two,2015,
DATAFLOW,OECD.SDD.STES:DSD_STES@DF_FINMARK(4.0),Financial market,I,JPN,Japan,M,Monthly,SHARE,Share prices,IX,Index,_Z,Not applicable,_Z,Not applicable,_Z,Not applicable,_Z,Not applicable,N,National,2025-06,,179.6275,,A,Normal value,0,Units,2,Two,2015,
DATAFLOW,OECD.SDD.STES:DSD_STES@DF_FINMARK(4.0),Financial market,I,JPN,Japan,M,Monthly,SHARE,Share prices,IX,Index,_Z,Not applicable,_Z,Not applicable,_Z,Not applicable,_Z,Not applicable,N,National,2025-05,,176.378,,A,Normal value,0,Units,2,Two,2015,
DATAFLOW,OECD.SDD.STES:DSD_STES@DF_FINMARK(4.0),Financial market,I,JPN,Japan,M,Monthly,SHARE,Share prices,IX,Index,_Z,Not applicable,_Z,Not applicable,_Z,Not applicable,_Z,Not applicable,N,National,2025-04,,163.6835,,A,Normal value,0,Units,2,Two,2015,
DATAFLOW,OECD.SDD.STES:DSD_STES@DF_FINMARK(4.0),Financial market,I,JPN,Japan,M,Monthly,SHARE,Share prices,IX,Index,_Z,Not applicable,_Z,Not applicable,_Z,Not applicable,_Z,Not applicable,N,National,2025-03,,176.9917,,A,Normal value,0,Units,2,Two,2015,
DATAFLOW,OECD.SDD.STES:DSD_STES@DF_FINMARK(4.0),Financial market,I,JPN,Japan,M,Monthly,SHARE,Share prices,IX,Index,_Z,Not applicable,_Z,Not applicable,_Z,Not applicable,_Z,Not applicable,N,National,2025-02,,176.6075,,A,Normal value,0,Units,2,Two,2015,
DATAFLOW,OECD.SDD.STES:DSD_STES@DF_FINMARK(4.0),Financial market,I,JPN,Japan,M,Monthly,SHARE,Share prices,IX,Index,_Z,Not applicable,_Z,Not applicable,_Z,Not applicable,_Z,Not applicable,N,National,2025-01,,176.8473,,A,Normal value,0,Units,2,Two,2015,
DATAFLOW,OECD.SDD.STES:DSD_STES@DF_FINMARK(4.0),Financial market,I,JPN,Japan,M,Monthly,SHARE,Share prices,IX,Index,_Z,Not applicable,_Z,Not applicable,_Z,Not applicable,_Z,Not applicable,N,National,2024-12,,176.8363,,A,Normal value,0,Units,2,Two,2015,
DATAFLOW,OECD.SDD.STES:DSD_STES@DF_FINMARK(4.0),Financial market,I,JPN,Japan,M,Monthly,SHARE,Share prices,IX,Index,_Z,Not applicable,_Z,Not applicable,_Z,Not applicable,_Z,Not applicable,N,National,2024-11,,173.969,,A,Normal value,0,Units,2,Two,2015,
DATAFLOW,OECD.SDD.STES:DSD_STES@DF_FINMARK(4.0),Financial market,I,JPN,Japan,M,Monthly,SHARE,Share prices,IX,Index,_Z,Not applicable,_Z,Not applicable,_Z,Not applicable,_Z,Not applicable,N,National,2024-10,,173.0491,,A,Normal value,0,Units,2,Two,2015,
DATAFLOW,OECD.SDD.STES:DSD_STES@DF_FINMARK(4.0),Financial market,I,JPN,Japan,M,Monthly,SHARE,Share prices,IX,Index,_Z,Not applicable,_Z,Not applicable,_Z,Not applicable,_Z,Not applicable,N,National,2024-09,,169.3219,,A,Normal value,0,Units,2,Two,2015,
DATAFLOW,OECD.SDD.STES:DSD_STES@DF_FINMARK(4.0),Financial market,I,JPN,Japan,M,Monthly,SHARE,Share prices,IX,Index,_Z,Not applicable,_Z,Not applicable,_Z,Not applicable,_Z,Not applicable,N,National,2024-08,,167.0374,,A,Normal value,0,Units,2,Two,2015,
DATAFLOW,OECD.SDD.STES:DSD_STES@DF_FINMARK(4.0),Financial market,I,JPN,Japan,M,Monthly,SHARE,Share prices,IX,Index,_Z,Not applicable,_Z,Not applicable,_Z,Not applicable,_Z,Not applicable,N,National,2024-07,,183.4295,,A,Normal value,0,Units,2,Two,2015,
DATAFLOW,OECD.SDD.STES:DSD_STES@DF_FINMARK(4.0),Financial market,I,JPN,Japan,M,Monthly,SHARE,Share prices,IX,Index,_Z,Not applicable,_Z,Not applicable,_Z,Not applicable,_Z,Not applicable,N,National,2024-06,,177.8142,,A,Normal value,0,Units,2,Two,2015,
DATAFLOW,OECD.SDD.STES:DSD_STES@DF_FINMARK(4.0),Financial market,I,JPN,Japan,M,Monthly,SHARE,Share prices,IX,Index,_Z,Not applicable,_Z,Not applicable,_Z,Not applicable,_Z,Not applicable,N,National,2024-05,,176.6145,,A,Normal value,0,Units,2,Two,2015,
DATAFLOW,OECD.SDD.STES:DSD_STES@DF_FINMARK(4.0),Financial market,I,JPN,Japan,M,Monthly,SHARE,Share prices,IX,Index,_Z,Not applicable,_Z,Not applicable,_Z,Not applicable,_Z,Not applicable,N,National,2024-04,,174.4738,,A,Normal value,0,Units,2,Two,2015,
DATAFLOW,OECD.SDD.STES:DSD_STES@DF_FINMARK(4.0),Financial market,I,JPN,Japan,M,Monthly,SHARE,Share prices,IX,Index,_Z,Not applicable,_Z,Not applicable,_Z,Not applicable,_Z,Not applicable,N,National,2024-03,,175.9725,,A,Normal value,0,Units,2,Two,2015,
DATAFLOW,OECD.SDD.STES:DSD_STES@DF_FINMARK(4.0),Financial market,I,JPN,Japan,M,Monthly,SHARE,Share prices,IX,Index,_Z,Not applicable,_Z,Not applicable,_Z,Not applicable,_Z,Not applicable,N,National,2024-02,,168.0147,,A,Normal value,0,Units,2,Two,2015,
DATAFLOW,OECD.SDD.STES:DSD_STES@DF_FINMARK(4.0),Financial market,I,JPN,Japan,M,Monthly,SHARE,Share prices,IX,Index,_Z,Not applicable,_Z,Not applicable,_Z,Not applicable,_Z,Not applicable,N,National,2024-01,,159.418,,A,Normal value,0,Units,2,Two,2015,
DATAFLOW,OECD.SDD.STES:DSD_STES@DF_FINMARK(4.0),Financial market,I,JPN,Japan,M,Monthly,SHARE,Share prices,IX,Index,_Z,Not applicable,_Z,Not applicable,_Z,Not applicable,_Z,Not applicable,N,National,2023-12,,151.3699,,A,Normal value,0,Units,2,Two,2015,
DATAFLOW,OECD.SDD.STES:DSD_STES@DF_FINMARK(4.0),Financial market,I,JPN,Japan,M,Monthly,SHARE,Share prices,IX,Index,_Z,Not applicable,_Z,Not applicable,_Z,Not applicable,_Z,Not applicable,N,National,2023-11,,151.8579,,A,Normal value,0,Units,2,Two,2015,
DATAFLOW,OECD.SDD.STES:DSD_STES@DF_FINMARK(4.0),Financial market,I,JPN,Japan,M,Monthly,SHARE,Share prices,IX,Index,_Z,Not applicable,_Z,Not applicable,_Z,Not applicable,_Z,Not applicable,N,National,2023-10,,146.3599,,A,Normal value,0,Units,2,Two,2015,
DATAFLOW,OECD.SDD.STES:DSD_STES@DF_FINMARK(4.0),Financial market,I,JPN,Japan,M,Monthly,SHARE,Share prices,IX,Index,_Z,Not applicable,_Z,Not applicable,_Z,Not applicable,_Z,Not applicable,N,National,2023-09,,153.541,,A,Normal value,0,Units,2,Two,2015,
DATAFLOW,OECD.SDD.STES:DSD_STES@DF_FINMARK(4.0),Financial market,I,JPN,Japan,M,Monthly,SHARE,Share prices,IX,Index,_Z,Not applicable,_Z,Not applicable,_Z,Not applicable,_Z,Not applicable,N,National,2023-08,,147.2978,,A,Normal value,0,Units,2,Two,2015,
DATAFLOW,OECD.SDD.STES:DSD_STES@DF_FINMARK(4.0),Financial market,I,JPN,Japan,M,Monthly,SHARE,Share prices,IX,Index,_Z,Not applicable,_Z,Not applicable,_Z,Not applicable,_Z,Not applicable,N,National,2023-07,,146.4205,,A,Normal value,0,Units,2,Two,2015,
DATAFLOW,OECD.SDD.STES:DSD_STES@DF_FINMARK(4.0),Financial market,I,JPN,Japan,M,Monthly,SHARE,Share prices,IX,Index,_Z,Not applicable,_Z,Not applicable,_Z,Not applicable,_Z,Not applicable,N,National,2023-06,,145.4226,,A,Normal value,0,Units,2,Two,2015,
DATAFLOW,OECD.SDD.STES:DSD_STES@DF_FINMARK(4.0),Financial market,I,JPN,Japan,M,Monthly,SHARE,Share prices,IX,Index,_Z,Not applicable,_Z,Not applicable,_Z,Not applicable,_Z,Not applicable,N,National,2023-05,,136.6087,,A,Normal value,0,Units,2,Two,2015,
DATAFLOW,OECD.SDD.STES:DSD_STES@DF_FINMARK(4.0),Financial market,I,JPN,Japan,M,Monthly,SHARE,Share prices,IX,Index,_Z,Not applicable,_Z,Not applicable,_Z,Not applicable,_Z,Not applicable,N,National,2023-04,,129.9859,,A,Normal value,0,Units,2,Two,2015,
DATAFLOW,OECD.SDD.STES:DSD_STES@DF_FINMARK(4.0),Financial market,I,JPN,Japan,M,Monthly,SHARE,Share prices,IX,Index,_Z,Not applicable,_Z,Not applicable,_Z,Not applicable,_Z,Not applicable,N,National,2023-03,,128.0759,,A,Normal value,0,Units,2,Two,2015,
DATAFLOW,OECD.SDD.STES:DSD_STES@DF_FINMARK(4.0),Financial market,I,JPN,Japan,M,Monthly,SHARE,Share prices,IX,Index,_Z,Not applicable,_Z,Not applicable,_Z,Not applicable,_Z,Not applicable,N,National,2023-02,,127.9566,,A,Normal value,0,Units,2,Two,2015,
DATAFLOW,OECD.SDD.STES:DSD_STES@DF_FINMARK(4.0),Financial market,I,JPN,Japan,M,Monthly,SHARE,Share prices,IX,Index,_Z,Not applicable,_Z,Not applicable,_Z,Not applicable,_Z,Not applicable,N,National,2023-01,,123.7956,,A,Normal value,0,Units,2,Two,2015,
DATAFLOW,OECD.SDD.STES:DSD_STES@DF_FINMARK(4.0),Financial market,I,JPN,Japan,M,Monthly,SHARE,Share prices,IX,Index,_Z,Not applicable,_Z,Not applicable,_Z,Not applicable,_Z,Not applicable,N,National,2022-12,,124.7155,,A,Normal value,0,Units,2,Two,2015,
DATAFLOW,OECD.SDD.STES:DSD_STES@DF_FINMARK(4.0),Financial market,I,JPN,Japan,M,Monthly,SHARE,Share prices,IX,Index,_Z,Not applicable,_Z,Not applicable,_Z,Not applicable,_Z,Not applicable,N,National,2022-11,,126.8434,,A,Normal value,0,Units,2,Two,2015,
DATAFLOW,OECD.SDD.STES:DSD_STES@DF_FINMARK(4.0),Financial market,I,JPN,Japan,M,Monthly,SHARE,Share prices,IX,Index,_Z,Not applicable,_Z,Not applicable,_Z,Not applicable,_Z,Not applicable,N,National,2022-10,,122.1911,,A,Normal value,0,Units,2,Two,2015,
DATAFLOW,OECD.SDD.STES:DSD_STES@DF_FINMARK(4.0),Financial market,I,JPN,Japan,M,Monthly,SHARE,Share prices,IX,Index,_Z,Not applicable,_Z,Not applicable,_Z,Not applicable,_Z,Not applicable,N,National,2022-09,,123.9406,,A,Normal value,0,Units,2,Two,2015,
DATAFLOW,OECD.SDD.STES:DSD_STES@DF_FINMARK(4.0),Financial market,I,JPN,Japan,M,Monthly,SHARE,Share prices,IX,Index,_Z,Not applicable,_Z,Not applicable,_Z,Not applicable,_Z,Not applicable,N,National,2022-08,,126.5281,,A,Normal value,0,Units,2,Two,2015,
DATAFLOW,OECD.SDD.STES:DSD_STES@DF_FINMARK(4.0),Financial market,I,JPN,Japan,M,Monthly,SHARE,Share prices,IX,Index,_Z,Not applicable,_Z,Not applicable,_Z,Not applicable,_Z,Not applicable,N,National,2022-07,,122.9743,,A,Normal value,0,Units,2,Two,2015,
DATAFLOW,OECD.SDD.STES:DSD_STES@DF_FINMARK(4.0),Financial market,I,JPN,Japan,M,Monthly,SHARE,Share prices,IX,Index,_Z,Not applicable,_Z,Not applicable,_Z,Not applicable,_Z,Not applicable,N,National,2022-06,,122.2176,,A,Normal value,0,Units,2,Two,2015,
DATAFLOW,OECD.SDD.STES:DSD_STES@DF_FINMARK(4.0),Financial market,I,JPN,Japan,M,Monthly,SHARE,Share prices,IX,Index,_Z,Not applicable,_Z,Not applicable,_Z,Not applicable,_Z,Not applicable,N,National,2022-05,,121.2945,,A,Normal value,0,Units,2,Two,2015,
DATAFLOW,OECD.SDD.STES:DSD_STES@DF_FINMARK(4.0),Financial market,I,JPN,Japan,M,Monthly,SHARE,Share prices,IX,Index,_Z,Not applicable,_Z,Not applicable,_Z,Not applicable,_Z,Not applicable,N,National,2022-04,,122.6204,,A,Normal value,0,Units,2,Two,2015,
DATAFLOW,OECD.SDD.STES:DSD_STES@DF_FINMARK(4.0),Financial market,I,JPN,Japan,M,Monthly,SHARE,Share prices,IX,Index,_Z,Not applicable,_Z,Not applicable,_Z,Not applicable,_Z,Not applicable,N,National,2022-03,,121.6103,,A,Normal value,0,Units,2,Two,2015,
DATAFLOW,OECD.SDD.STES:DSD_STES@DF_FINMARK(4.0),Financial market,I,JPN,Japan,M,Monthly,SHARE,Share prices,IX,Index,_Z,Not applicable,_Z,Not applicable,_Z,Not applicable,_Z,Not applicable,N,National,2022-02,,123.6441,,A,Normal value,0,Units,2,Two,2015,
DATAFLOW,OECD.SDD.STES:DSD_STES@DF_FINMARK(4.0),Financial market,I,JPN,Japan,M,Monthly,SHARE,Share prices,IX,Index,_Z,Not applicable,_Z,Not applicable,_Z,Not applicable,_Z,Not applicable,N,National,2022-01,,126.2342,,A,Normal value,0,Units,2,Two,2015,
DATAFLOW,OECD.SDD.STES:DSD_STES@DF_FINMARK(4.0),Financial market,I,JPN,Japan,M,Monthly,SHARE,Share prices,IX,Index,_Z,Not applicable,_Z,Not applicable,_Z,Not applicable,_Z,Not applicable,N,National,2021-12,,127.4835,,A,Normal value,0,Units,2,Two,2015,
DATAFLOW,OECD.SDD.STES:DSD_STES@DF_FINMARK(4.0),Financial market,I,JPN,Japan,M,Monthly,SHARE,Share prices,IX,Index,_Z,Not applicable,_Z,Not applicable,_Z,Not applicable,_Z,Not applicable,N,National,2021-11,,130.4829,,A,Normal value,0,Units,2,Two,2015,
DATAFLOW,OECD.SDD.STES:DSD_STES@DF_FINMARK(4.0),Financial market,I,JPN,Japan,M,Monthly,SHARE,Share prices,IX,Index,_Z,Not applicable,_Z,Not applicable,_Z,Not applicable,_Z,Not applicable,N,National,2021-10,,128.3724,,A,Normal value,0,Units,2,Two,2015,
DATAFLOW,OECD.SDD.STES:DSD_STES@DF_FINMARK(4.0),Financial market,I,JPN,Japan,M,Monthly,SHARE,Share prices,IX,Index,_Z,Not applicable,_Z,Not applicable,_Z,Not applicable,_Z,Not applicable,N,National,2021-09,,133.0395,,A,Normal value,0,Units,2,Two,2015,
DATAFLOW,OECD.SDD.STES:DSD_STES@DF_FINMARK(4.0),Financial market,I,JPN,Japan,M,Monthly,SHARE,Share prices,IX,Index,_Z,Not applicable,_Z,Not applicable,_Z,Not applicable,_Z,Not applicable,N,National,2021-08,,124.4789,,A,Normal value,0,Units,2,Two,2015,
DATAFLOW,OECD.SDD.STES:DSD_STES@DF_FINMARK(4.0),Financial market,I,JPN,Japan,M,Monthly,SHARE,Share prices,IX,Index,_Z,Not applicable,_Z,Not applicable,_Z,Not applicable,_Z,Not applicable,N,National,2021-07,,124.3719,,A,Normal value,0,Units,2,Two,2015,
DATAFLOW,OECD.SDD.STES:DSD_STES@DF_FINMARK(4.0),Financial market,I,JPN,Japan,M,Monthly,SHARE,Share prices,IX,Index,_Z,Not applicable,_Z,Not applicable,_Z,Not applicable,_Z,Not applicable,N,National,2021-06,,125.9228,,A,Normal value,0,Units,2,Two,2015,
DATAFLOW,OECD.SDD.STES:DSD_STES@DF_FINMARK(4.0),Financial market,I,JPN,Japan,M,Monthly,SHARE,Share prices,IX,Index,_Z,Not applicable,_Z,Not applicable,_Z,Not applicable,_Z,Not applicable,N,National,2021-05,,122.9105,,A,Normal value,0,Units,2,Two,2015,
DATAFLOW,OECD.SDD.STES:DSD_STES@DF_FINMARK(4.0),Financial market,I,JPN,Japan,M,Monthly,SHARE,Share prices,IX,Index,_Z,Not applicable,_Z,Not applicable,_Z,Not applicable,_Z,Not applicable,N,National,2021-04,,125.05,,A,Normal value,0,Units,2,Two,2015,
DATAFLOW,OECD.SDD.STES:DSD_STES@DF_FINMARK(4.0),Financial market,I,JPN,Japan,M,Monthly,SHARE,Share prices,IX,Index,_Z,Not applicable,_Z,Not applicable,_Z,Not applicable,_Z,Not applicable,N,National,2021-03,,125.5606,,A,Normal value,0,Units,2,Two,2015,
DATAFLOW,OECD.SDD.STES:DSD_STES@DF_FINMARK(4.0),Financial market,I,JPN,Japan,M,Monthly,SHARE,Share prices,IX,Index,_Z,Not applicable,_Z,Not applicable,_Z,Not applicable,_Z,Not applicable,N,National,2021-02,,123.3508,,A,Normal value,0,Units,2,Two,2015,
DATAFLOW,OECD.SDD.STES:DSD_STES@DF_FINMARK(4.0),Financial market,I,JPN,Japan,M,Monthly,SHARE,Share prices,IX,Index,_Z,Not applicable,_Z,Not applicable,_Z,Not applicable,_Z,Not applicable,N,National,2021-01,,118.6747,,A,Normal value,0,Units,2,Two,2015,
DATAFLOW,OECD.SDD.STES:DSD_STES@DF_FINMARK(4.0),Financial market,I,JPN,Japan,M,Monthly,SHARE,Share prices,IX,Index,_Z,Not applicable,_Z,Not applicable,_Z,Not applicable,_Z,Not applicable,N,National,2020-12,,114.8566,,A,Normal value,0,Units,2,Two,2015,
DATAFLOW,OECD.SDD.STES:DSD_STES@DF_FINMARK(4.0),Financial market,I,DEU,Germany,M,Monthly,SHARE,Share prices,IX,Index,_Z,Not applicable,_Z,Not applicable,_Z,Not applicable,_Z,Not applicable,N,National,2025-12,,154.2791,,A,Normal value,0,Units,2,Two,2015,
DATAFLOW,OECD.SDD.STES:DSD_STES@DF_FINMARK(4.0),Financial market,I,DEU,Germany,M,Monthly,SHARE,Share prices,IX,Index,_Z,Not applicable,_Z,Not applicable,_Z,Not applicable,_Z,Not applicable,N,National,2025-11,,150.3501,,A,Normal value,0,Units,2,Two,2015,
DATAFLOW,OECD.SDD.STES:DSD_STES@DF_FINMARK(4.0),Financial market,I,DEU,Germany,M,Monthly,SHARE,Share prices,IX,Index,_Z,Not applicable,_Z,Not applicable,_Z,Not applicable,_Z,Not applicable,N,National,2025-10,,154.4256,,A,Normal value,0,Units,2,Two,2015,
DATAFLOW,OECD.SDD.STES:DSD_STES@DF_FINMARK(4.0),Financial market,I,DEU,Germany,M,Monthly,SHARE,Share prices,IX,Index,_Z,Not applicable,_Z,Not applicable,_Z,Not applicable,_Z,Not applicable,N,National,2025-09,,151.4297,,A,Normal value,0,Units,2,Two,2015,
DATAFLOW,OECD.SDD.STES:DSD_STES@DF_FINMARK(4.0),Financial market,I,DEU,Germany,M,Monthly,SHARE,Share prices,IX,Index,_Z,Not applicable,_Z,Not applicable,_Z,Not applicable,_Z,Not applicable,N,National,2025-08,,155.1833,,A,Normal value,0,Units,2,Two,2015,
DATAFLOW,OECD.SDD.STES:DSD_STES@DF_FINMARK(4.0),Financial market,I,DEU,Germany,M,Monthly,SHARE,Share prices,IX,Index,_Z,Not applicable,_Z,Not applicable,_Z,Not applicable,_Z,Not applicable,N,National,2025-07,,155.5515,,A,Normal value,0,Units,2,Two,2015,
DATAFLOW,OECD.SDD.STES:DSD_STES@DF_FINMARK(4.0),Financial market,I,DEU,Germany,M,Monthly,SHARE,Share prices,IX,Index,_Z,Not applicable,_Z,Not applicable,_Z,Not applicable,_Z,Not applicable,N,National,2025-06,,153.508,,A,Normal value,0,Units,2,Two,2015,
DATAFLOW,OECD.SDD.STES:DSD_STES@DF_FINMARK(4.0),Financial market,I,DEU,Germany,M,Monthly,SHARE,Share prices,IX,Index,_Z,Not applicable,_Z,Not applicable,_Z,Not applicable,_Z,Not applicable,N,National,2025-05,,154.1076,,A,Normal value,0,Units,2,Two,2015,
DATAFLOW,OECD.SDD.STES:DSD_STES@DF_FINMARK(4.0),Financial market,I,DEU,Germany,M,Monthly,SHARE,Share prices,IX,Index,_Z,Not applicable,_Z,Not applicable,_Z,Not applicable,_Z,Not applicable,N,National,2025-04,,141.1967,,A,Normal value,0,Units,2,Two,2015,
DATAFLOW,OECD.SDD.STES:DSD_STES@DF_FINMARK(4.0),Financial market,I,DEU,Germany,M,Monthly,SHARE,Share prices,IX,Index,_Z,Not applicable,_Z,Not applicable,_Z,Not applicable,_Z,Not applicable,N,National,2025-03,,150.6605,,A,Normal value,0,Units,2,Two,2015,
DATAFLOW,OECD.SDD.STES:DSD_STES@DF_FINMARK(4.0),Financial market,I,DEU,Germany,M,Monthly,SHARE,Share prices,IX,Index,_Z,Not applicable,_Z,Not applicable,_Z,Not applicable,_Z,Not applicable,N,National,2025-02,,146.5735,,A,Normal value,0,Units,2,Two,2015,
DATAFLOW,OECD.SDD.STES:DSD_STES@DF_FINMARK(4.0),Financial market,I,DEU,Germany,M,Monthly,SHARE,Share prices,IX,Index,_Z,Not applicable,_Z,Not applicable,_Z,Not applicable,_Z,Not applicable,N,National,2025-01,,136.8108,,A,Normal value,0,Units,2,Two,2015,
DATAFLOW,OECD.SDD.STES:DSD_STES@DF_FINMARK(4.0),Financial market,I,DEU,Germany,M,Monthly,SHARE,Share prices,IX,Index,_Z,Not applicable,_Z,Not applicable,_Z,Not applicable,_Z,Not applicable,N,National,2024-12,,133.0495,,A,Normal value,0,Units,2,Two,2015,
DATAFLOW,OECD.SDD.STES:DSD_STES@DF_FINMARK(4.0),Financial market,I,DEU,Germany,M,Monthly,SHARE,Share prices,IX,Index,_Z,Not applicable,_Z,Not applicable,_Z,Not applicable,_Z,Not applicable,N,National,2024-11,,128.2125,,A,Normal value,0,Units,2,Two,2015,
DATAFLOW,OECD.SDD.STES:DSD_STES@DF_FINMARK(4.0),Financial market,I,DEU,Germany,M,Monthly,SHARE,Share prices,IX,Index,_Z,Not applicable,_Z,Not applicable,_Z,Not applicable,_Z,Not applicable,N,National,2024-10,,129.535,,A,Normal value,0,Units,2,Two,2015,
DATAFLOW,OECD.SDD.STES:DSD_STES@DF_FINMARK(4.0),Financial market,I,DEU,Germany,M,Monthly,SHARE,Share prices,IX,Index,_Z,Not applicable,_Z,Not applicable,_Z,Not applicable,_Z,Not applicable,N,National,2024-09,,125.552,,A,Normal value,0,Units,2,Two,2015,
DATAFLOW,OECD.SDD.STES:DSD_STES@DF_FINMARK(4.0),Financial market,I,DEU,Germany,M,Monthly,SHARE,Share prices,IX,Index,_Z,Not applicable,_Z,Not applicable,_Z,Not applicable,_Z,Not applicable,N,National,2024-08,,121.2086,,A,Normal value,0,Units,2,Two,2015,
DATAFLOW,OECD.SDD.STES:DSD_STES@DF_FINMARK(4.0),Financial market,I,DEU,Germany,M,Monthly,SHARE,Share prices,IX,Index,_Z,Not applicable,_Z,Not applicable,_Z,Not applicable,_Z,Not applicable,N,National,2024-07,,123.5586,,A,Normal value,0,Units,2,Two,2015,
DATAFLOW,OECD.SDD.STES:DSD_STES@DF_FINMARK(4.0),Financial market,I,DEU,Germany,M,Monthly,SHARE,Share prices,IX,Index,_Z,Not applicable,_Z,Not applicable,_Z,Not applicable,_Z,Not applicable,N,National,2024-06,,122.8164,,A,Normal value,0,Units,2,Two,2015,
DATAFLOW,OECD.SDD.STES:DSD_STES@DF_FINMARK(4.0),Financial market,I,DEU,Germany,M,Monthly,SHARE,Share prices,IX,Index,_Z,Not applicable,_Z,Not applicable,_Z,Not applicable,_Z,Not applicable,N,National,2024-05,,125.0604,,A,Normal value,0,Units,2,Two,2015,
DATAFLOW,OECD.SDD.STES:DSD_STES@DF_FINMARK(4.0),Financial market,I,DEU,Germany,M,Monthly,SHARE,Share prices,IX,Index,_Z,Not applicable,_Z,Not applicable,_Z,Not applicable,_Z,Not applicable,N,National,2024-04,,123.603,,A,Normal value,0,Units,2,Two,2015,
DATAFLOW,OECD.SDD.STES:DSD_STES@DF_FINMARK(4.0),Financial market,I,DEU,Germany,M,Monthly,SHARE,Share prices,IX,Index,_Z,Not applicable,_Z,Not applicable,_Z,Not applicable,_Z,Not applicable,N,National,2024-03,,123.4314,,A,Normal value,0,Units,2,Two,2015,
DATAFLOW,OECD.SDD.STES:DSD_STES@DF_FINMARK(4.0),Financial market,I,DEU,Germany,M,Monthly,SHARE,Share prices,IX,Index,_Z,Not applicable,_Z,Not applicable,_Z,Not applicable,_Z,Not applicable,N,National,2024-02,,118.3303,,A,Normal value,0,Units,2,Two,2015,
DATAFLOW,OECD.SDD.STES:DSD_STES@DF_FINMARK(4.0),Financial market,I,DEU,Germany,M,Monthly,SHARE,Share prices,IX,Index,_Z,Not applicable,_Z,Not applicable,_Z,Not applicable,_Z,Not applicable,N,National,2024-01,,115.7026,,A,Normal value,0,Units,2,Two,2015,
DATAFLOW,OECD.SDD.STES:DSD_STES@DF_FINMARK(4.0),Financial market,I,DEU,Germany,M,Monthly,SHARE,Share prices,IX,Index,_Z,Not applicable,_Z,Not applicable,_Z,Not applicable,_Z,Not applicable,N,National,2023-12,,116.1075,,A,Normal value,0,Units,2,Two,2015,
DATAFLOW,OECD.SDD.STES:DSD_STES@DF_FINMARK(4.0),Financial market,I,DEU,Germany,M,Monthly,SHARE,Share prices,IX,Index,_Z,Not applicable,_Z,Not applicable,_Z,Not applicable,_Z,Not applicable,N,National,2023-11,,109.1999,,A,Normal value,0,Units,2,Two,2015,
DATAFLOW,OECD.SDD.STES:DSD_STES@DF_FINMARK(4.0),Financial market,I,DEU,Germany,M,Monthly,SHARE,Share prices,IX,Index,_Z,Not applicable,_Z,Not applicable,_Z,Not applicable,_Z,Not applicable,N,National,2023-10,,105.3037,,A,Normal value,0,Units,2,Two,2015,
DATAFLOW,OECD.SDD.STES:DSD_STES@DF_FINMARK(4.0),Financial market,I,DEU,Germany,M,Monthly,SHARE,Share prices,IX,Index,_Z,Not applicable,_Z,Not applicable,_Z,Not applicable,_Z,Not applicable,N,National,2023-09,,109.9017,,A,Normal value,0,Units,2,Two,2015,
DATAFLOW,OECD.SDD.STES:DSD_STES@DF_FINMARK(4.0),Financial market,I,DEU,Germany,M,Monthly,SHARE,Share prices,IX,Index,_Z,Not applicable,_Z,Not applicable,_Z,Not applicable,_Z,Not applicable,N,National,2023-08,,111.5635,,A,Normal value,0,Units,2,Two,2015,
DATAFLOW,OECD.SDD.STES:DSD_STES@DF_FINMARK(4.0),Financial market,I,DEU,Germany,M,Monthly,SHARE,Share prices,IX,Index,_Z,Not applicable,_Z,Not applicable,_Z,Not applicable,_Z,Not applicable,N,National,2023-07,,113.2426,,A,Normal value,0,Units,2,Two,2015,
DATAFLOW,OECD.SDD.STES:DSD_STES@DF_FINMARK(4.0),Financial market,I,DEU,Germany,M,Monthly,SHARE,Share prices,IX,Index,_Z,Not applicable,_Z,Not applicable,_Z,Not applicable,_Z,Not applicable,N,National,2023-06,,113.0402,,A,Normal value,0,Units,2,Two,2015,
DATAFLOW,OECD.SDD.STES:DSD_STES@DF_FINMARK(4.0),Financial market,I,DEU,Germany,M,Monthly,SHARE,Share prices,IX,Index,_Z,Not applicable,_Z,Not applicable,_Z,Not applicable,_Z,Not applicable,N,National,2023-05,,113.4489,,A,Normal value,0,Units,2,Two,2015,
DATAFLOW,OECD.SDD.STES:DSD_STES@DF_FINMARK(4.0),Financial market,I,DEU,Germany,M,Monthly,SHARE,Share prices,IX,Index,_Z,Not applicable,_Z,Not applicable,_Z,Not applicable,_Z,Not applicable,N,National,2023-04,,114.3974,,A,Normal value,0,Units,2,Two,2015,
DATAFLOW,OECD.SDD.STES:DSD_STES@DF_FINMARK(4.0),Financial market,I,DEU,Germany,M,Monthly,SHARE,Share prices,IX,Index,_Z,Not applicable,_Z,Not applicable,_Z,Not applicable,_Z,Not applicable,N,National,2023-03,,111.5346,,A,Normal value,0,Units,2,Two,2015,
DATAFLOW,OECD.SDD.STES:DSD_STES@DF_FINMARK(4.0),Financial market,I,DEU,Germany,M,Monthly,SHARE,Share prices,IX,Index,_Z,Not applicable,_Z,Not applicable,_Z,Not applicable,_Z,Not applicable,N,National,2023-02,,113.6938,,A,Normal value,0,Units,2,Two,2015,
DATAFLOW,OECD.SDD.STES:DSD_STES@DF_FINMARK(4.0),Financial market,I,DEU,Germany,M,Monthly,SHARE,Share prices,IX,Index,_Z,Not applicable,_Z,Not applicable,_Z,Not applicable,_Z,Not applicable,N,National,2023-01,,109.9074,,A,Normal value,0,Units,2,Two,2015,
DATAFLOW,OECD.SDD.STES:DSD_STES@DF_FINMARK(4.0),Financial market,I,DEU,Germany,M,Monthly,SHARE,Share prices,IX,Index,_Z,Not applicable,_Z,Not applicable,_Z,Not applicable,_Z,Not applicable,N,National,2022-12,,103.0385,,A,Normal value,0,Units,2,Two,2015,
DATAFLOW,OECD.SDD.STES:DSD_STES@DF_FINMARK(4.0),Financial market,I,DEU,Germany,M,Monthly,SHARE,Share prices,IX,Index,_Z,Not applicable,_Z,Not applicable,_Z,Not applicable,_Z,Not applicable,N,National,2022-11,,102.1054,,A,Normal value,0,Units,2,Two,2015,
DATAFLOW,OECD.SDD.STES:DSD_STES@DF_FINMARK(4.0),Financial market,I,DEU,Germany,M,Monthly,SHARE,Share prices,IX,Index,_Z,Not applicable,_Z,Not applicable,_Z,Not applicable,_Z,Not applicable,N,National,2022-10,,92.2463,,A,Normal value,0,Units,2,Two,2015,
DATAFLOW,OECD.SDD.STES:DSD_STES@DF_FINMARK(4.0),Financial market,I,DEU,Germany,M,Monthly,SHARE,Share prices,IX,Index,_Z,Not applicable,_Z,Not applicable,_Z,Not applicable,_Z,Not applicable,N,National,2022-09,,93.47434,,A,Normal value,0,Units,2,Two,2015,
DATAFLOW,OECD.SDD.STES:DSD_STES@DF_FINMARK(4.0),Financial market,I,DEU,Germany,M,Monthly,SHARE,Share prices,IX,Index,_Z,Not applicable,_Z,Not applicable,_Z,Not applicable,_Z,Not applicable,N,National,2022-08,,99.82472,,A,Normal value,0,Units,2,Two,2015,
DATAFLOW,OECD.SDD.STES:DSD_STES@DF_FINMARK(4.0),Financial market,I,DEU,Germany,M,Monthly,SHARE,Share prices,IX,Index,_Z,Not applicable,_Z,Not applicable,_Z,Not applicable,_Z,Not applicable,N,National,2022-07,,96.62447,,A,Normal value,0,Units,2,Two,2015,
DATAFLOW,OECD.SDD.STES:DSD_STES@DF_FINMARK(4.0),Financial market,I,DEU,Germany,M,Monthly,SHARE,Share prices,IX,Index,_Z,Not applicable,_Z,Not applicable,_Z,Not applicable,_Z,Not applicable,N,National,2022-06,,101.9878,,A,Normal value,0,Units,2,Two,2015,
DATAFLOW,OECD.SDD.STES:DSD_STES@DF_FINMARK(4.0),Financial market,I,DEU,Germany,M,Monthly,SHARE,Share prices,IX,Index,_Z,Not applicable,_Z,Not applicable,_Z,Not applicable,_Z,Not applicable,N,National,2022-05,,105.5775,,A,Normal value,0,Units,2,Two,2015,
DATAFLOW,OECD.SDD.STES:DSD_STES@DF_FINMARK(4.0),Financial market,I,DEU,Germany,M,Monthly,SHARE,Share prices,IX,Index,_Z,Not applicable,_Z,Not applicable,_Z,Not applicable,_Z,Not applicable,N,National,2022-04,,110.3547,,A,Normal value,0,Units,2,Two,2015,
DATAFLOW,OECD.SDD.STES:DSD_STES@DF_FINMARK(4.0),Financial market,I,DEU,Germany,M,Monthly,SHARE,Share prices,IX,Index,_Z,Not applicable,_Z,Not applicable,_Z,Not applicable,_Z,Not applicable,N,National,2022-03,,110.2892,,A,Normal value,0,Units,2,Two,2015,
DATAFLOW,OECD.SDD.STES:DSD_STES@DF_FINMARK(4.0),Financial market,I,DEU,Germany,M,Monthly,SHARE,Share prices,IX,Index,_Z,Not applicable,_Z,Not applicable,_Z,Not applicable,_Z,Not applicable,N,National,2022-02,,119.8321,,A,Normal value,0,Units,2,Two,2015,
DATAFLOW,OECD.SDD.STES:DSD_STES@DF_FINMARK(4.0),Financial market,I,DEU,Germany,M,Monthly,SHARE,Share prices,IX,Index,_Z,Not applicable,_Z,Not applicable,_Z,Not applicable,_Z,Not applicable,N,National,2022-01,,125.1337,,A,Normal value,0,Units,2,Two,2015,
DATAFLOW,OECD.SDD.STES:DSD_STES@DF_FINMARK(4.0),Financial market,I,DEU,Germany,M,Monthly,SHARE,Share prices,IX,Index,_Z,Not applicable,_Z,Not applicable,_Z,Not applicable,_Z,Not applicable,N,National,2021-12,,124.2719,,A,Normal value,0,Units,2,Two,2015,
DATAFLOW,OECD.SDD.STES:DSD_STES@DF_FINMARK(4.0),Financial market,I,DEU,Germany,M,Monthly,SHARE,Share prices,IX,Index,_Z,Not applicable,_Z,Not applicable,_Z,Not applicable,_Z,Not applicable,N,National,2021-11,,127.6534,,A,Normal value,0,Units,2,Two,2015,
DATAFLOW,OECD.SDD.STES:DSD_STES@DF_FINMARK(4.0),Financial market,I,DEU,Germany,M,Monthly,SHARE,Share prices,IX,Index,_Z,Not applicable,_Z,Not applicable,_Z,Not applicable,_Z,Not applicable,N,National,2021-10,,123.8729,,A,Normal value,0,Units,2,Two,2015,
DATAFLOW,OECD.SDD.STES:DSD_STES@DF_FINMARK(4.0),Financial market,I,DEU,Germany,M,Monthly,SHARE,Share prices,IX,Index,_Z,Not applicable,_Z,Not applicable,_Z,Not applicable,_Z,Not applicable,N,National,2021-09,,125.9049,,A,Normal value,0,Units,2,Two,2015,
DATAFLOW,OECD.SDD.STES:DSD_STES@DF_FINMARK(4.0),Financial market,I,DEU,Germany,M,Monthly,SHARE,Share prices,IX,Index,_Z,Not applicable,_Z,Not applicable,_Z,Not applicable,_Z,Not applicable,N,National,2021-08,,127.7151,,A,Normal value,0,Units,2,Two,2015,
DATAFLOW,OECD.SDD.STES:DSD_STES@DF_FINMARK(4.0),Financial market,I,DEU,Germany,M,Monthly,SHARE,Share prices,IX,Index,_Z,Not applicable,_Z,Not applicable,_Z,Not applicable,_Z,Not applicable,N,National,2021-07,,125.7044,,A,Normal value,0,Units,2,Two,2015,
DATAFLOW,OECD.SDD.STES:DSD_STES@DF_FINMARK(4.0),Financial market,I,DEU,Germany,M,Monthly,SHARE,Share prices,IX,Index,_Z,Not applicable,_Z,Not applicable,_Z,Not applicable,_Z,Not applicable,N,National,2021-06,,125.7776,,A,Normal value,0,Units,2,Two,2015,
DATAFLOW,OECD.SDD.STES:DSD_STES@DF_FINMARK(4.0),Financial market,I,DEU,Germany,M,Monthly,SHARE,Share prices,IX,Index,_Z,Not applicable,_Z,Not applicable,_Z,Not applicable,_Z,Not applicable,N,National,2021-05,,122.9012,,A,Normal value,0,Units,2,Two,2015,
DATAFLOW,OECD.SDD.STES:DSD_STES@DF_FINMARK(4.0),Financial market,I,DEU,Germany,M,Monthly,SHARE,Share prices,IX,Index,_Z,Not applicable,_Z,Not applicable,_Z,Not applicable,_Z,Not applicable,N,National,2021-04,,124.11,,A,Normal value,0,Units,2,Two,2015,
DATAFLOW,OECD.SDD.STES:DSD_STES@DF_FINMARK(4.0),Financial market,I,DEU,Germany,M,Monthly,SHARE,Share prices,IX,Index,_Z,Not applicable,_Z,Not applicable,_Z,Not applicable,_Z,Not applicable,N,National,2021-03,,119.032,,A,Normal value,0,Units,2,Two,2015,
DATAFLOW,OECD.SDD.STES:DSD_STES@DF_FINMARK(4.0),Financial market,I,DEU,Germany,M,Monthly,SHARE,Share prices,IX,Index,_Z,Not applicable,_Z,Not applicable,_Z,Not applicable,_Z,Not applicable,N,National,2021-02,,116.173,,A,Normal value,0,Units,2,Two,2015,
DATAFLOW,OECD.SDD.STES:DSD_STES@DF_FINMARK(4.0),Financial market,I,DEU,Germany,M,Monthly,SHARE,Share prices,IX,Index,_Z,Not applicable,_Z,Not applicable,_Z,Not applicable,_Z,Not applicable,N,National,2021-01,,114.4572,,A,Normal value,0,Units,2,Two,2015,
DATAFLOW,OECD.SDD.STES:DSD_STES@DF_FINMARK(4.0),Financial market,I,DEU,Germany,M,Monthly,SHARE,Share prices,IX,Index,_Z,Not applicable,_Z,Not applicable,_Z,Not applicable,_Z,Not applicable,N,National,2020-12,,110.64,,A,Normal value,0,Units,2,Two,2015,
DATAFLOW,OECD.SDD.STES:DSD_STES@DF_FINMARK(4.0),Financial market,I,DNK,Denmark,M,Monthly,SHARE,Share prices,IX,Index,_Z,Not applicable,_Z,Not applicable,_Z,Not applicable,_Z,Not applicable,N,National,2025-12,,173.4395,,A,Normal value,0,Units,2,Two,2015,
DATAFLOW,OECD.SDD.STES:DSD_STES@DF_FINMARK(4.0),Financial market,I,DNK,Denmark,M,Monthly,SHARE,Share prices,IX,Index,_Z,Not applicable,_Z,Not applicable,_Z,Not applicable,_Z,Not applicable,N,National,2025-11,,166.9723,,A,Normal value,0,Units,2,Two,2015,
DATAFLOW,OECD.SDD.STES:DSD_STES@DF_FINMARK(4.0),Financial market,I,DNK,Denmark,M,Monthly,SHARE,Share prices,IX,Index,_Z,Not applicable,_Z,Not applicable,_Z,Not applicable,_Z,Not applicable,N,National,2025-10,,172.2052,,A,Normal value,0,Units,2,Two,2015,
DATAFLOW,OECD.SDD.STES:DSD_STES@DF_FINMARK(4.0),Financial market,I,DNK,Denmark,M,Monthly,SHARE,Share prices,IX,Index,_Z,Not applicable,_Z,Not applicable,_Z,Not applicable,_Z,Not applicable,N,National,2025-09,,170.0033,,A,Normal value,0,Units,2,Two,2015,
DATAFLOW,OECD.SDD.STES:DSD_STES@DF_FINMARK(4.0),Financial market,I,DNK,Denmark,M,Monthly,SHARE,Share prices,IX,Index,_Z,Not applicable,_Z,Not applicable,_Z,Not applicable,_Z,Not applicable,N,National,2025-08,,167.7866,,A,Normal value,0,Units,2,Two,2015,
DATAFLOW,OECD.SDD.STES:DSD_STES@DF_FINMARK(4.0),Financial market,I,DNK,Denmark,M,Monthly,SHARE,Share prices,IX,Index,_Z,Not applicable,_Z,Not applicable,_Z,Not applicable,_Z,Not applicable,N,National,2025-07,,183.1953,,A,Normal value,0,Units,2,Two,2015,
DATAFLOW,OECD.SDD.STES:DSD_STES@DF_FINMARK(4.0),Financial market,I,DNK,Denmark,M,Monthly,SHARE,Share prices,IX,Index,_Z,Not applicable,_Z,Not applicable,_Z,Not applicable,_Z,Not applicable,N,National,2025-06,,191.6123,,A,Normal value,0,Units,2,Two,2015,
DATAFLOW,OECD.SDD.STES:DSD_STES@DF_FINMARK(4.0),Financial market,I,DNK,Denmark,M,Monthly,SHARE,Share prices,IX,Index,_Z,Not applicable,_Z,Not applicable,_Z,Not applicable,_Z,Not applicable,N,National,2025-05,,184.4987,,A,Normal value,0,Units,2,Two,2015,
DATAFLOW,OECD.SDD.STES:DSD_STES@DF_FINMARK(4.0),Financial market,I,DNK,Denmark,M,Monthly,SHARE,Share prices,IX,Index,_Z,Not applicable,_Z,Not applicable,_Z,Not applicable,_Z,Not applicable,N,National,2025-04,,170.8353,,A,Normal value,0,Units,2,Two,2015,
DATAFLOW,OECD.SDD.STES:DSD_STES@DF_FINMARK(4.0),Financial market,I,DNK,Denmark,M,Monthly,SHARE,Share prices,IX,Index,_Z,Not applicable,_Z,Not applicable,_Z,Not applicable,_Z,Not applicable,N,National,2025-03,,199.4847,,A,Normal value,0,Units,2,Two,2015,
DATAFLOW,OECD.SDD.STES:DSD_STES@DF_FINMARK(4.0),Financial market,I,DNK,Denmark,M,Monthly,SHARE,Share prices,IX,Index,_Z,Not applicable,_Z,Not applicable,_Z,Not applicable,_Z,Not applicable,N,National,2025-02,,210.3068,,A,Normal value,0,Units,2,Two,2015,
DATAFLOW,OECD.SDD.STES:DSD_STES@DF_FINMARK(4.0),Financial market,I,DNK,Denmark,M,Monthly,SHARE,Share prices,IX,Index,_Z,Not applicable,_Z,Not applicable,_Z,Not applicable,_Z,Not applicable,N,National,2025-01,,207.418,,A,Normal value,0,Units,2,Two,2015,
DATAFLOW,OECD.SDD.STES:DSD_STES@DF_FINMARK(4.0),Financial market,I,DNK,Denmark,M,Monthly,SHARE,Share prices,IX,Index,_Z,Not applicable,_Z,Not applicable,_Z,Not applicable,_Z,Not applicable,N,National,2024-12,,226.1653,,A,Normal value,0,Units,2,Two,2015,
DATAFLOW,OECD.SDD.STES:DSD_STES@DF_FINMARK(4.0),Financial market,I,DNK,Denmark,M,Monthly,SHARE,Share prices,IX,Index,_Z,Not applicable,_Z,Not applicable,_Z,Not applicable,_Z,Not applicable,N,National,2024-11,,230.6678,,A,Normal value,0,Units,2,Two,2015,
DATAFLOW,OECD.SDD.STES:DSD_STES@DF_FINMARK(4.0),Financial market,I,DNK,Denmark,M,Monthly,SHARE,Share prices,IX,Index,_Z,Not applicable,_Z,Not applicable,_Z,Not applicable,_Z,Not applicable,N,National,2024-10,,241.6728,,A,Normal value,0,Units,2,Two,2015,
DATAFLOW,OECD.SDD.STES:DSD_STES@DF_FINMARK(4.0),Financial market,I,DNK,Denmark,M,Monthly,SHARE,Share prices,IX,Index,_Z,Not applicable,_Z,Not applicable,_Z,Not applicable,_Z,Not applicable,N,National,2024-09,,255.7807,,A,Normal value,0,Units,2,Two,2015,
DATAFLOW,OECD.SDD.STES:DSD_STES@DF_FINMARK(4.0),Financial market,I,DNK,Denmark,M,Monthly,SHARE,Share prices,IX,Index,_Z,Not applicable,_Z,Not applicable,_Z,Not applicable,_Z,Not applicable,N,National,2024-08,,257.1682,,A,Normal value,0,Units,2,Two,2015,
DATAFLOW,OECD.SDD.STES:DSD_STES@DF_FINMARK(4.0),Financial market,I,DNK,Denmark,M,Monthly,SHARE,Share prices,IX,Index,_Z,Not applicable,_Z,Not applicable,_Z,Not applicable,_Z,Not applicable,N,National,2024-07,,263.6314,,A,Normal value,0,Units,2,Two,2015,
DATAFLOW,OECD.SDD.STES:DSD_STES@DF_FINMARK(4.0),Financial market,I,DNK,Denmark,M,Monthly,SHARE,Share prices,IX,Index,_Z,Not applicable,_Z,Not applicable,_Z,Not applicable,_Z,Not applicable,N,National,2024-06,,270.0295,,A,Normal value,0,Units,2,Two,2015,
DATAFLOW,OECD.SDD.STES:DSD_STES@DF_FINMARK(4.0),Financial market,I,DNK,Denmark,M,Monthly,SHARE,Share prices,IX,Index,_Z,Not applicable,_Z,Not applicable,_Z,Not applicable,_Z,Not applicable,N,National,2024-05,,257.5625,,A,Normal value,0,Units,2,Two,2015,
DATAFLOW,OECD.SDD.STES:DSD_STES@DF_FINMARK(4.0),Financial market,I,DNK,Denmark,M,Monthly,SHARE,Share prices,IX,Index,_Z,Not applicable,_Z,Not applicable,_Z,Not applicable,_Z,Not applicable,N,National,2024-04,,249.5764,,A,Normal value,0,Units,2,Two,2015,
DATAFLOW,OECD.SDD.STES:DSD_STES@DF_FINMARK(4.0),Financial market,I,DNK,Denmark,M,Monthly,SHARE,Share prices,IX,Index,_Z,Not applicable,_Z,Not applicable,_Z,Not applicable,_Z,Not applicable,N,National,2024-03,,253.6548,,A,Normal value,0,Units,2,Two,2015,
DATAFLOW,OECD.SDD.STES:DSD_STES@DF_FINMARK(4.0),Financial market,I,DNK,Denmark,M,Monthly,SHARE,Share prices,IX,Index,_Z,Not applicable,_Z,Not applicable,_Z,Not applicable,_Z,Not applicable,N,National,2024-02,,243.4397,,A,Normal value,0,Units,2,Two,2015,
DATAFLOW,OECD.SDD.STES:DSD_STES@DF_FINMARK(4.0),Financial market,I,DNK,Denmark,M,Monthly,SHARE,Share prices,IX,Index,_Z,Not applicable,_Z,Not applicable,_Z,Not applicable,_Z,Not applicable,N,National,2024-01,,226.6395,,A,Normal value,0,Units,2,Two,2015,
DATAFLOW,OECD.SDD.STES:DSD_STES@DF_FINMARK(4.0),Financial market,I,DNK,Denmark,M,Monthly,SHARE,Share prices,IX,Index,_Z,Not applicable,_Z,Not applicable,_Z,Not applicable,_Z,Not applicable,N,National,2023-12,,214.8012,,A,Normal value,0,Units,2,Two,2015,
DATAFLOW,OECD.SDD.STES:DSD_STES@DF_FINMARK(4.0),Financial market,I,DNK,Denmark,M,Monthly,SHARE,Share prices,IX,Index,_Z,Not applicable,_Z,Not applicable,_Z,Not applicable,_Z,Not applicable,N,National,2023-11,,210.6211,,A,Normal value,0,Units,2,Two,2015,
DATAFLOW,OECD.SDD.STES:DSD_STES@DF_FINMARK(4.0),Financial market,I,DNK,Denmark,M,Monthly,SHARE,Share prices,IX,Index,_Z,Not applicable,_Z,Not applicable,_Z,Not applicable,_Z,Not applicable,N,National,2023-10,,207.3313,,A,Normal value,0,Units,2,Two,2015,
DATAFLOW,OECD.SDD.STES:DSD_STES@DF_FINMARK(4.0),Financial market,I,DNK,Denmark,M,Monthly,SHARE,Share prices,IX,Index,_Z,Not applicable,_Z,Not applicable,_Z,Not applicable,_Z,Not applicable,N,National,2023-09,,210.6658,,A,Normal value,0,Units,2,Two,2015,
DATAFLOW,OECD.SDD.STES:DSD_STES@DF_FINMARK(4.0),Financial market,I,DNK,Denmark,M,Monthly,SHARE,Share prices,IX,Index,_Z,Not applicable,_Z,Not applicable,_Z,Not applicable,_Z,Not applicable,N,National,2023-08,,209.3163,,A,Normal value,0,Units,2,Two,2015,
DATAFLOW,OECD.SDD.STES:DSD_STES@DF_FINMARK(4.0),Financial market,I,DNK,Denmark,M,Monthly,SHARE,Share prices,IX,Index,_Z,Not applicable,_Z,Not applicable,_Z,Not applicable,_Z,Not applicable,N,National,2023-07,,202.0943,,A,Normal value,0,Units,2,Two,2015,
DATAFLOW,OECD.SDD.STES:DSD_STES@DF_FINMARK(4.0),Financial market,I,DNK,Denmark,M,Monthly,SHARE,Share prices,IX,Index,_Z,Not applicable,_Z,Not applicable,_Z,Not applicable,_Z,Not applicable,N,National,2023-06,,203.7609,,A,Normal value,0,Units,2,Two,2015,
DATAFLOW,OECD.SDD.STES:DSD_STES@DF_FINMARK(4.0),Financial market,I,DNK,Denmark,M,Monthly,SHARE,Share prices,IX,Index,_Z,Not applicable,_Z,Not applicable,_Z,Not applicable,_Z,Not applicable,N,National,2023-05,,207.9071,,A,Normal value,0,Units,2,Two,2015,
DATAFLOW,OECD.SDD.STES:DSD_STES@DF_FINMARK(4.0),Financial market,I,DNK,Denmark,M,Monthly,SHARE,Share prices,IX,Index,_Z,Not applicable,_Z,Not applicable,_Z,Not applicable,_Z,Not applicable,N,National,2023-04,,204.3422,,A,Normal value,0,Units,2,Two,2015,
DATAFLOW,OECD.SDD.STES:DSD_STES@DF_FINMARK(4.0),Financial market,I,DNK,Denmark,M,Monthly,SHARE,Share prices,IX,Index,_Z,Not applicable,_Z,Not applicable,_Z,Not applicable,_Z,Not applicable,N,National,2023-03,,197.3696,,A,Normal value,0,Units,2,Two,2015,
DATAFLOW,OECD.SDD.STES:DSD_STES@DF_FINMARK(4.0),Financial market,I,DNK,Denmark,M,Monthly,SHARE,Share prices,IX,Index,_Z,Not applicable,_Z,Not applicable,_Z,Not applicable,_Z,Not applicable,N,National,2023-02,,196.6216,,A,Normal value,0,Units,2,Two,2015,
DATAFLOW,OECD.SDD.STES:DSD_STES@DF_FINMARK(4.0),Financial market,I,DNK,Denmark,M,Monthly,SHARE,Share prices,IX,Index,_Z,Not applicable,_Z,Not applicable,_Z,Not applicable,_Z,Not applicable,N,National,2023-01,,191.1422,,A,Normal value,0,Units,2,Two,2015,
DATAFLOW,OECD.SDD.STES:DSD_STES@DF_FINMARK(4.0),Financial market,I,DNK,Denmark,M,Monthly,SHARE,Share prices,IX,Index,_Z,Not applicable,_Z,Not applicable,_Z,Not applicable,_Z,Not applicable,N,National,2022-12,,187.4201,,A,Normal value,0,Units,2,Two,2015,
DATAFLOW,OECD.SDD.STES:DSD_STES@DF_FINMARK(4.0),Financial market,I,DNK,Denmark,M,Monthly,SHARE,Share prices,IX,Index,_Z,Not applicable,_Z,Not applicable,_Z,Not applicable,_Z,Not applicable,N,National,2022-11,,179.2171,,A,Normal value,0,Units,2,Two,2015,
DATAFLOW,OECD.SDD.STES:DSD_STES@DF_FINMARK(4.0),Financial market,I,DNK,Denmark,M,Monthly,SHARE,Share prices,IX,Index,_Z,Not applicable,_Z,Not applicable,_Z,Not applicable,_Z,Not applicable,N,National,2022-10,,167.3341,,A,Normal value,0,Units,2,Two,2015,
DATAFLOW,OECD.SDD.STES:DSD_STES@DF_FINMARK(4.0),Financial market,I,NLD,Netherlands,M,Monthly,SHARE,Share prices,IX,Index,_Z,Not applicable,_Z,Not applicable,_Z,Not applicable,_Z,Not applicable,N,National,2023-03,,142.3288,,A,Normal value,0,Units,2,Two,2015,
DATAFLOW,OECD.SDD.STES:DSD_STES@DF_FINMARK(4.0),Financial market,I,NLD,Netherlands,M,Monthly,SHARE,Share prices,IX,Index,_Z,Not applicable,_Z,Not applicable,_Z,Not applicable,_Z,Not applicable,N,National,2023-02,,145.9612,,A,Normal value,0,Units,2,Two,2015,
DATAFLOW,OECD.SDD.STES:DSD_STES@DF_FINMARK(4.0),Financial market,I,NLD,Netherlands,M,Monthly,SHARE,Share prices,IX,Index,_Z,Not applicable,_Z,Not applicable,_Z,Not applicable,_Z,Not applicable,N,National,2023-01,,142.3414,,A,Normal value,0,Units,2,Two,2015,
DATAFLOW,OECD.SDD.STES:DSD_STES@DF_FINMARK(4.0),Financial market,I,NLD,Netherlands,M,Monthly,SHARE,Share prices,IX,Index,_Z,Not applicable,_Z,Not applicable,_Z,Not applicable,_Z,Not applicable,N,National,2022-12,,136.3495,,A,Normal value,0,Units,2,Two,2015,
DATAFLOW,OECD.SDD.STES:DSD_STES@DF_FINMARK(4.0),Financial market,I,NLD,Netherlands,M,Monthly,SHARE,Share prices,IX,Index,_Z,Not applicable,_Z,Not applicable,_Z,Not applicable,_Z,Not applicable,N,National,2022-11,,133.6564,,A,Normal value,0,Units,2,Two,2015,
DATAFLOW,OECD.SDD.STES:DSD_STES@DF_FINMARK(4.0),Financial market,I,NLD,Netherlands,M,Monthly,SHARE,Share prices,IX,Index,_Z,Not applicable,_Z,Not applicable,_Z,Not applicable,_Z,Not applicable,N,National,2022-10,,124.2676,,A,Normal value,0,Units,2,Two,2015,
DATAFLOW,OECD.SDD.STES:DSD_STES@DF_FINMARK(4.0),Financial market,I,NLD,Netherlands,M,Monthly,SHARE,Share prices,IX,Index,_Z,Not applicable,_Z,Not applicable,_Z,Not applicable,_Z,Not applicable,N,National,2022-09,,127.2706,,A,Normal value,0,Units,2,Two,2015,
DATAFLOW,OECD.SDD.STES:DSD_STES@DF_FINMARK(4.0),Financial market,I,NLD,Netherlands,M,Monthly,SHARE,Share prices,IX,Index,_Z,Not applicable,_Z,Not applicable,_Z,Not applicable,_Z,Not applicable,N,National,2022-08,,137.1458,,A,Normal value,0,Units,2,Two,2015,
DATAFLOW,OECD.SDD.STES:DSD_STES@DF_FINMARK(4.0),Financial market,I,NLD,Netherlands,M,Monthly,SHARE,Share prices,IX,Index,_Z,Not applicable,_Z,Not applicable,_Z,Not applicable,_Z,Not applicable,N,National,2022-07,,130.6072,,A,Normal value,0,Units,2,Two,2015,
DATAFLOW,OECD.SDD.STES:DSD_STES@DF_FINMARK(4.0),Financial market,I,NLD,Netherlands,M,Monthly,SHARE,Share prices,IX,Index,_Z,Not applicable,_Z,Not applicable,_Z,Not applicable,_Z,Not applicable,N,National,2022-06,,128.9108,,A,Normal value,0,Units,2,Two,2015,
DATAFLOW,OECD.SDD.STES:DSD_STES@DF_FINMARK(4.0),Financial market,I,NLD,Netherlands,M,Monthly,SHARE,Share prices,IX,Index,_Z,Not applicable,_Z,Not applicable,_Z,Not applicable,_Z,Not applicable,N,National,2022-05,,132.6386,,A,Normal value,0,Units,2,Two,2015,
DATAFLOW,OECD.SDD.STES:DSD_STES@DF_FINMARK(4.0),Financial market,I,NLD,Netherlands,M,Monthly,SHARE,Share prices,IX,Index,_Z,Not applicable,_Z,Not applicable,_Z,Not applicable,_Z,Not applicable,N,National,2022-04,,137.9884,,A,Normal value,0,Units,2,Two,2015,
DATAFLOW,OECD.SDD.STES:DSD_STES@DF_FINMARK(4.0),Financial market,I,NLD,Netherlands,M,Monthly,SHARE,Share prices,IX,Index,_Z,Not applicable,_Z,Not applicable,_Z,Not applicable,_Z,Not applicable,N,National,2022-03,,135.5644,,A,Normal value,0,Units,2,Two,2015,
DATAFLOW,OECD.SDD.STES:DSD_STES@DF_FINMARK(4.0),Financial market,I,NLD,Netherlands,M,Monthly,SHARE,Share prices,IX,Index,_Z,Not applicable,_Z,Not applicable,_Z,Not applicable,_Z,Not applicable,N,National,2022-02,,143.4125,,A,Normal value,0,Units,2,Two,2015,
DATAFLOW,OECD.SDD.STES:DSD_STES@DF_FINMARK(4.0),Financial market,I,NLD,Netherlands,M,Monthly,SHARE,Share prices,IX,Index,_Z,Not applicable,_Z,Not applicable,_Z,Not applicable,_Z,Not applicable,N,National,2022-01,,150.2525,,A,Normal value,0,Units,2,Two,2015,
DATAFLOW,OECD.SDD.STES:DSD_STES@DF_FINMARK(4.0),Financial market,I,NLD,Netherlands,M,Monthly,SHARE,Share prices,IX,Index,_Z,Not applicable,_Z,Not applicable,_Z,Not applicable,_Z,Not applicable,N,National,2021-12,,152.497,,A,Normal value,0,Units,2,Two,2015,
DATAFLOW,OECD.SDD.STES:DSD_STES@DF_FINMARK(4.0),Financial market,I,NLD,Netherlands,M,Monthly,SHARE,Share prices,IX,Index,_Z,Not applicable,_Z,Not applicable,_Z,Not applicable,_Z,Not applicable,N,National,2021-11,,157.6477,,A,Normal value,0,Units,2,Two,2015,
DATAFLOW,OECD.SDD.STES:DSD_STES@DF_FINMARK(4.0),Financial market,I,NLD,Netherlands,M,Monthly,SHARE,Share prices,IX,Index,_Z,Not applicable,_Z,Not applicable,_Z,Not applicable,_Z,Not applicable,N,National,2021-10,,152.9947,,A,Normal value,0,Units,2,Two,2015,
DATAFLOW,OECD.SDD.STES:DSD_STES@DF_FINMARK(4.0),Financial market,I,NLD,Netherlands,M,Monthly,SHARE,Share prices,IX,Index,_Z,Not applicable,_Z,Not applicable,_Z,Not applicable,_Z,Not applicable,N,National,2021-09,,154.8116,,A,Normal value,0,Units,2,Two,2015,
DATAFLOW,OECD.SDD.STES:DSD_STES@DF_FINMARK(4.0),Financial market,I,NLD,Netherlands,M,Monthly,SHARE,Share prices,IX,Index,_Z,Not applicable,_Z,Not applicable,_Z,Not applicable,_Z,Not applicable,N,National,2021-08,,152.5489,,A,Normal value,0,Units,2,Two,2015,
DATAFLOW,OECD.SDD.STES:DSD_STES@DF_FINMARK(4.0),Financial market,I,NLD,Netherlands,M,Monthly,SHARE,Share prices,IX,Index,_Z,Not applicable,_Z,Not applicable,_Z,Not applicable,_Z,Not applicable,N,National,2021-07,,146.9888,,A,Normal value,0,Units,2,Two,2015,
DATAFLOW,OECD.SDD.STES:DSD_STES@DF_FINMARK(4.0),Financial market,I,NLD,Netherlands,M,Monthly,SHARE,Share prices,IX,Index,_Z,Not applicable,_Z,Not applicable,_Z,Not applicable,_Z,Not applicable,N,National,2021-06,,145.6934,,A,Normal value,0,Units,2,Two,2015,
DATAFLOW,OECD.SDD.STES:DSD_STES@DF_FINMARK(4.0),Financial market,I,NLD,Netherlands,M,Monthly,SHARE,Share prices,IX,Index,_Z,Not applicable,_Z,Not applicable,_Z,Not applicable,_Z,Not applicable,N,National,2021-05,,141.8858,,A,Normal value,0,Units,2,Two,2015,
DATAFLOW,OECD.SDD.STES:DSD_STES@DF_FINMARK(4.0),Financial market,I,NLD,Netherlands,M,Monthly,SHARE,Share prices,IX,Index,_Z,Not applicable,_Z,Not applicable,_Z,Not applicable,_Z,Not applicable,N,National,2021-04,,142.9919,,A,Normal value,0,Units,2,Two,2015,
DATAFLOW,OECD.SDD.STES:DSD_STES@DF_FINMARK(4.0),Financial market,I,NLD,Netherlands,M,Monthly,SHARE,Share prices,IX,Index,_Z,Not applicable,_Z,Not applicable,_Z,Not applicable,_Z,Not applicable,N,National,2021-03,,136.7224,,A,Normal value,0,Units,2,Two,2015,
DATAFLOW,OECD.SDD.STES:DSD_STES@DF_FINMARK(4.0),Financial market,I,NLD,Netherlands,M,Monthly,SHARE,Share prices,IX,Index,_Z,Not applicable,_Z,Not applicable,_Z,Not applicable,_Z,Not applicable,N,National,2021-02,,135.4074,,A,Normal value,0,Units,2,Two,2015,
DATAFLOW,OECD.SDD.STES:DSD_STES@DF_FINMARK(4.0),Financial market,I,NLD,Netherlands,M,Monthly,SHARE,Share prices,IX,Index,_Z,Not applicable,_Z,Not applicable,_Z,Not applicable,_Z,Not applicable,N,National,2021-01,,131.1287,,A,Normal value,0,Units,2,Two,2015,
DATAFLOW,OECD.SDD.STES:DSD_STES@DF_FINMARK(4.0),Financial market,I,NLD,Netherlands,M,Monthly,SHARE,Share prices,IX,Index,_Z,Not applicable,_Z,Not applicable,_Z,Not applicable,_Z,Not applicable,N,National,2020-12,,125.7677,,A,Normal value,0,Units,2,Two,2015,
DATAFLOW,OECD.SDD.STES:DSD_STES@DF_FINMARK(4.0),Financial market,I,AUS,Australia,M,Monthly,SHARE,Share prices,IX,Index,_Z,Not applicable,_Z,Not applicable,_Z,Not applicable,_Z,Not applicable,N,National,2025-12,,157.5627,,A,Normal value,0,Units,2,Two,2015,
DATAFLOW,OECD.SDD.STES:DSD_STES@DF_FINMARK(4.0),Financial market,I,AUS,Australia,M,Monthly,SHARE,Share prices,IX,Index,_Z,Not applicable,_Z,Not applicable,_Z,Not applicable,_Z,Not applicable,N,National,2025-11,,157.8299,,A,Normal value,0,Units,2,Two,2015,
DATAFLOW,OECD.SDD.STES:DSD_STES@DF_FINMARK(4.0),Financial market,I,AUS,Australia,M,Monthly,SHARE,Share prices,IX,Index,_Z,Not applicable,_Z,Not applicable,_Z,Not applicable,_Z,Not applicable,N,National,2025-10,,163.3875,,A,Normal value,0,Units,2,Two,2015,
DATAFLOW,OECD.SDD.STES:DSD_STES@DF_FINMARK(4.0),Financial market,I,AUS,Australia,M,Monthly,SHARE,Share prices,IX,Index,_Z,Not applicable,_Z,Not applicable,_Z,Not applicable,_Z,Not applicable,N,National,2025-09,,160.701,,A,Normal value,0,Units,2,Two,2015,
DATAFLOW,OECD.SDD.STES:DSD_STES@DF_FINMARK(4.0),Financial market,I,AUS,Australia,M,Monthly,SHARE,Share prices,IX,Index,_Z,Not applicable,_Z,Not applicable,_Z,Not applicable,_Z,Not applicable,N,National,2025-08,,161.7168,,A,Normal value,0,Units,2,Two,2015,
DATAFLOW,OECD.SDD.STES:DSD_STES@DF_FINMARK(4.0),Financial market,I,AUS,Australia,M,Monthly,SHARE,Share prices,IX,Index,_Z,Not applicable,_Z,Not applicable,_Z,Not applicable,_Z,Not applicable,N,National,2025-07,,157.3276,,A,Normal value,0,Units,2,Two,2015,
DATAFLOW,OECD.SDD.STES:DSD_STES@DF_FINMARK(4.0),Financial market,I,AUS,Australia,M,Monthly,SHARE,Share prices,IX,Index,_Z,Not applicable,_Z,Not applicable,_Z,Not applicable,_Z,Not applicable,N,National,2025-06,,155.3068,,A,Normal value,0,Units,2,Two,2015,
DATAFLOW,OECD.SDD.STES:DSD_STES@DF_FINMARK(4.0),Financial market,I,AUS,Australia,M,Monthly,SHARE,Share prices,IX,Index,_Z,Not applicable,_Z,Not applicable,_Z,Not applicable,_Z,Not applicable,N,National,2025-05,,151.0036,,A,Normal value,0,Units,2,Two,2015,
DATAFLOW,OECD.SDD.STES:DSD_STES@DF_FINMARK(4.0),Financial market,I,AUS,Australia,M,Monthly,SHARE,Share prices,IX,Index,_Z,Not applicable,_Z,Not applicable,_Z,Not applicable,_Z,Not applicable,N,National,2025-04,,141.9858,,A,Normal value,0,Units,2,Two,2015,
DATAFLOW,OECD.SDD.STES:DSD_STES@DF_FINMARK(4.0),Financial market,I,AUS,Australia,M,Monthly,SHARE,Share prices,IX,Index,_Z,Not applicable,_Z,Not applicable,_Z,Not applicable,_Z,Not applicable,N,National,2025-03,,144.6767,,A,Normal value,0,Units,2,Two,2015,
DATAFLOW,OECD.SDD.STES:DSD_STES@DF_FINMARK(4.0),Financial market,I,AUS,Australia,M,Monthly,SHARE,Share prices,IX,Index,_Z,Not applicable,_Z,Not applicable,_Z,Not applicable,_Z,Not applicable,N,National,2025-02,,153.0276,,A,Normal value,0,Units,2,Two,2015,
DATAFLOW,OECD.SDD.STES:DSD_STES@DF_FINMARK(4.0),Financial market,I,AUS,Australia,M,Monthly,SHARE,Share prices,IX,Index,_Z,Not applicable,_Z,Not applicable,_Z,Not applicable,_Z,Not applicable,N,National,2025-01,,151.7095,,A,Normal value,0,Units,2,Two,2015,
DATAFLOW,OECD.SDD.STES:DSD_STES@DF_FINMARK(4.0),Financial market,I,AUS,Australia,M,Monthly,SHARE,Share prices,IX,Index,_Z,Not applicable,_Z,Not applicable,_Z,Not applicable,_Z,Not applicable,N,National,2024-12,,151.2217,,A,Normal value,0,Units,2,Two,2015,
DATAFLOW,OECD.SDD.STES:DSD_STES@DF_FINMARK(4.0),Financial market,I,AUS,Australia,M,Monthly,SHARE,Share prices,IX,Index,_Z,Not applicable,_Z,Not applicable,_Z,Not applicable,_Z,Not applicable,N,National,2024-11,,150.9807,,A,Normal value,0,Units,2,Two,2015,
DATAFLOW,OECD.SDD.STES:DSD_STES@DF_FINMARK(4.0),Financial market,I,AUS,Australia,M,Monthly,SHARE,Share prices,IX,Index,_Z,Not applicable,_Z,Not applicable,_Z,Not applicable,_Z,Not applicable,N,National,2024-10,,149.8189,,A,Normal value,0,Units,2,Two,2015,
DATAFLOW,OECD.SDD.STES:DSD_STES@DF_FINMARK(4.0),Financial market,I,AUS,Australia,M,Monthly,SHARE,Share prices,IX,Index,_Z,Not applicable,_Z,Not applicable,_Z,Not applicable,_Z,Not applicable,N,National,2024-09,,147.5942,,A,Normal value,0,Units,2,Two,2015,
DATAFLOW,OECD.SDD.STES:DSD_STES@DF_FINMARK(4.0),Financial market,I,AUS,Australia,M,Monthly,SHARE,Share prices,IX,Index,_Z,Not applicable,_Z,Not applicable,_Z,Not applicable,_Z,Not applicable,N,National,2024-08,,144.2313,,A,Normal value,0,Units,2,Two,2015,
DATAFLOW,OECD.SDD.STES:DSD_STES@DF_FINMARK(4.0),Financial market,I,AUS,Australia,M,Monthly,SHARE,Share prices,IX,Index,_Z,Not applicable,_Z,Not applicable,_Z,Not applicable,_Z,Not applicable,N,National,2024-07,,143.9842,,A,Normal value,0,Units,2,Two,2015,
DATAFLOW,OECD.SDD.STES:DSD_STES@DF_FINMARK(4.0),Financial market,I,AUS,Australia,M,Monthly,SHARE,Share prices,IX,Index,_Z,Not applicable,_Z,Not applicable,_Z,Not applicable,_Z,Not applicable,N,National,2024-06,,141.5135,,A,Normal value,0,Units,2,Two,2015,
DATAFLOW,OECD.SDD.STES:DSD_STES@DF_FINMARK(4.0),Financial market,I,AUS,Australia,M,Monthly,SHARE,Share prices,IX,Index,_Z,Not applicable,_Z,Not applicable,_Z,Not applicable,_Z,Not applicable,N,National,2024-05,,140.9981,,A,Normal value,0,Units,2,Two,2015,
DATAFLOW,OECD.SDD.STES:DSD_STES@DF_FINMARK(4.0),Financial market,I,AUS,Australia,M,Monthly,SHARE,Share prices,IX,Index,_Z,Not applicable,_Z,Not applicable,_Z,Not applicable,_Z,Not applicable,N,National,2024-04,,140.6715,,A,Normal value,0,Units,2,Two,2015,
DATAFLOW,OECD.SDD.STES:DSD_STES@DF_FINMARK(4.0),Financial market,I,AUS,Australia,M,Monthly,SHARE,Share prices,IX,Index,_Z,Not applicable,_Z,Not applicable,_Z,Not applicable,_Z,Not applicable,N,National,2024-03,,141.245,,A,Normal value,0,Units,2,Two,2015,
DATAFLOW,OECD.SDD.STES:DSD_STES@DF_FINMARK(4.0),Financial market,I,AUS,Australia,M,Monthly,SHARE,Share prices,IX,Index,_Z,Not applicable,_Z,Not applicable,_Z,Not applicable,_Z,Not applicable,N,National,2024-02,,138.9687,,A,Normal value,0,Units,2,Two,2015,
DATAFLOW,OECD.SDD.STES:DSD_STES@DF_FINMARK(4.0),Financial market,I,AUS,Australia,M,Monthly,SHARE,Share prices,IX,Index,_Z,Not applicable,_Z,Not applicable,_Z,Not applicable,_Z,Not applicable,N,National,2024-01,,136.7283,,A,Normal value,0,Units,2,Two,2015,
DATAFLOW,OECD.SDD.STES:DSD_STES@DF_FINMARK(4.0),Financial market,I,AUS,Australia,M,Monthly,SHARE,Share prices,IX,Index,_Z,Not applicable,_Z,Not applicable,_Z,Not applicable,_Z,Not applicable,N,National,2023-12,,133.9923,,A,Normal value,0,Units,2,Two,2015,
DATAFLOW,OECD.SDD.STES:DSD_STES@DF_FINMARK(4.0),Financial market,I,AUS,Australia,M,Monthly,SHARE,Share prices,IX,Index,_Z,Not applicable,_Z,Not applicable,_Z,Not applicable,_Z,Not applicable,N,National,2023-11,,127.6573,,A,Normal value,0,Units,2,Two,2015,
DATAFLOW,OECD.SDD.STES:DSD_STES@DF_FINMARK(4.0),Financial market,I,AUS,Australia,M,Monthly,SHARE,Share prices,IX,Index,_Z,Not applicable,_Z,Not applicable,_Z,Not applicable,_Z,Not applicable,N,National,2023-10,,126.4376,,A,Normal value,0,Units,2,Two,2015,
DATAFLOW,OECD.SDD.STES:DSD_STES@DF_FINMARK(4.0),Financial market,I,AUS,Australia,M,Monthly,SHARE,Share prices,IX,Index,_Z,Not applicable,_Z,Not applicable,_Z,Not applicable,_Z,Not applicable,N,National,2023-09,,130.4463,,A,Normal value,0,Units,2,Two,2015,
DATAFLOW,OECD.SDD.STES:DSD_STES@DF_FINMARK(4.0),Financial market,I,AUS,Australia,M,Monthly,SHARE,Share prices,IX,Index,_Z,Not applicable,_Z,Not applicable,_Z,Not applicable,_Z,Not applicable,N,National,2023-08,,132.0602,,A,Normal value,0,Units,2,Two,2015,
DATAFLOW,OECD.SDD.STES:DSD_STES@DF_FINMARK(4.0),Financial market,I,AUS,Australia,M,Monthly,SHARE,Share prices,IX,Index,_Z,Not applicable,_Z,Not applicable,_Z,Not applicable,_Z,Not applicable,N,National,2023-07,,132.3433,,A,Normal value,0,Units,2,Two,2015,
DATAFLOW,OECD.SDD.STES:DSD_STES@DF_FINMARK(4.0),Financial market,I,AUS,Australia,M,Monthly,SHARE,Share prices,IX,Index,_Z,Not applicable,_Z,Not applicable,_Z,Not applicable,_Z,Not applicable,N,National,2023-06,,130.6312,,A,Normal value,0,Units,2,Two,2015,
DATAFLOW,OECD.SDD.STES:DSD_STES@DF_FINMARK(4.0),Financial market,I,AUS,Australia,M,Monthly,SHARE,Share prices,IX,Index,_Z,Not applicable,_Z,Not applicable,_Z,Not applicable,_Z,Not applicable,N,National,2023-05,,131.6305,,A,Normal value,0,Units,2,Two,2015,
DATAFLOW,OECD.SDD.STES:DSD_STES@DF_FINMARK(4.0),Financial market,I,AUS,Australia,M,Monthly,SHARE,Share prices,IX,Index,_Z,Not applicable,_Z,Not applicable,_Z,Not applicable,_Z,Not applicable,N,National,2023-04,,132.9606,,A,Normal value,0,Units,2,Two,2015,
DATAFLOW,OECD.SDD.STES:DSD_STES@DF_FINMARK(4.0),Financial market,I,AUS,Australia,M,Monthly,SHARE,Share prices,IX,Index,_Z,Not applicable,_Z,Not applicable,_Z,Not applicable,_Z,Not applicable,N,National,2023-03,,129.4548,,A,Normal value,0,Units,2,Two,2015,
DATAFLOW,OECD.SDD.STES:DSD_STES@DF_FINMARK(4.0),Financial market,I,AUS,Australia,M,Monthly,SHARE,Share prices,IX,Index,_Z,Not applicable,_Z,Not applicable,_Z,Not applicable,_Z,Not applicable,N,National,2023-02,,134.8266,,A,Normal value,0,Units,2,Two,2015,
DATAFLOW,OECD.SDD.STES:DSD_STES@DF_FINMARK(4.0),Financial market,I,AUS,Australia,M,Monthly,SHARE,Share prices,IX,Index,_Z,Not applicable,_Z,Not applicable,_Z,Not applicable,_Z,Not applicable,N,National,2023-01,,132.9896,,A,Normal value,0,Units,2,Two,2015,
DATAFLOW,OECD.SDD.STES:DSD_STES@DF_FINMARK(4.0),Financial market,I,AUS,Australia,M,Monthly,SHARE,Share prices,IX,Index,_Z,Not applicable,_Z,Not applicable,_Z,Not applicable,_Z,Not applicable,N,National,2022-12,,130.5719,,A,Normal value,0,Units,2,Two,2015,
DATAFLOW,OECD.SDD.STES:DSD_STES@DF_FINMARK(4.0),Financial market,I,AUS,Australia,M,Monthly,SHARE,Share prices,IX,Index,_Z,Not applicable,_Z,Not applicable,_Z,Not applicable,_Z,Not applicable,N,National,2022-11,,129.3073,,A,Normal value,0,Units,2,Two,2015,
DATAFLOW,OECD.SDD.STES:DSD_STES@DF_FINMARK(4.0),Financial market,I,AUS,Australia,M,Monthly,SHARE,Share prices,IX,Index,_Z,Not applicable,_Z,Not applicable,_Z,Not applicable,_Z,Not applicable,N,National,2022-10,,122.6354,,A,Normal value,0,Units,2,Two,2015,
DATAFLOW,OECD.SDD.STES:DSD_STES@DF_FINMARK(4.0),Financial market,I,AUS,Australia,M,Monthly,SHARE,Share prices,IX,Index,_Z,Not applicable,_Z,Not applicable,_Z,Not applicable,_Z,Not applicable,N,National,2022-09,,122.6224,,A,Normal value,0,Units,2,Two,2015,
DATAFLOW,OECD.SDD.STES:DSD_STES@DF_FINMARK(4.0),Financial market,I,AUS,Australia,M,Monthly,SHARE,Share prices,IX,Index,_Z,Not applicable,_Z,Not applicable,_Z,Not applicable,_Z,Not applicable,N,National,2022-08,,128.0332,,A,Normal value,0,Units,2,Two,2015,
DATAFLOW,OECD.SDD.STES:DSD_STES@DF_FINMARK(4.0),Financial market,I,AUS,Australia,M,Monthly,SHARE,Share prices,IX,Index,_Z,Not applicable,_Z,Not applicable,_Z,Not applicable,_Z,Not applicable,N,National,2022-07,,122.0088,,A,Normal value,0,Units,2,Two,2015,
DATAFLOW,OECD.SDD.STES:DSD_STES@DF_FINMARK(4.0),Financial market,I,AUS,Australia,M,Monthly,SHARE,Share prices,IX,Index,_Z,Not applicable,_Z,Not applicable,_Z,Not applicable,_Z,Not applicable,N,National,2022-06,,123.8231,,A,Normal value,0,Units,2,Two,2015,
DATAFLOW,OECD.SDD.STES:DSD_STES@DF_FINMARK(4.0),Financial market,I,AUS,Australia,M,Monthly,SHARE,Share prices,IX,Index,_Z,Not applicable,_Z,Not applicable,_Z,Not applicable,_Z,Not applicable,N,National,2022-05,,130.435,,A,Normal value,0,Units,2,Two,2015,
DATAFLOW,OECD.SDD.STES:DSD_STES@DF_FINMARK(4.0),Financial market,I,AUS,Australia,M,Monthly,SHARE,Share prices,IX,Index,_Z,Not applicable,_Z,Not applicable,_Z,Not applicable,_Z,Not applicable,N,National,2022-04,,136.101,,A,Normal value,0,Units,2,Two,2015,
DATAFLOW,OECD.SDD.STES:DSD_STES@DF_FINMARK(4.0),Financial market,I,AUS,Australia,M,Monthly,SHARE,Share prices,IX,Index,_Z,Not applicable,_Z,Not applicable,_Z,Not applicable,_Z,Not applicable,N,National,2022-03,,131.7159,,A,Normal value,0,Units,2,Two,2015,
DATAFLOW,OECD.SDD.STES:DSD_STES@DF_FINMARK(4.0),Financial market,I,AUS,Australia,M,Monthly,SHARE,Share prices,IX,Index,_Z,Not applicable,_Z,Not applicable,_Z,Not applicable,_Z,Not applicable,N,National,2022-02,,130.412,,A,Normal value,0,Units,2,Two,2015,
DATAFLOW,OECD.SDD.STES:DSD_STES@DF_FINMARK(4.0),Financial market,I,AUS,Australia,M,Monthly,SHARE,Share prices,IX,Index,_Z,Not applicable,_Z,Not applicable,_Z,Not applicable,_Z,Not applicable,N,National,2022-01,,132.732,,A,Normal value,0,Units,2,Two,2015,
DATAFLOW,OECD.SDD.STES:DSD_STES@DF_FINMARK(4.0),Financial market,I,AUS,Australia,M,Monthly,SHARE,Share prices,IX,Index,_Z,Not applicable,_Z,Not applicable,_Z,Not applicable,_Z,Not applicable,N,National,2021-12,,133.9538,,A,Normal value,0,Units,2,Two,2015,
DATAFLOW,OECD.SDD.STES:DSD_STES@DF_FINMARK(4.0),Financial market,I,AUS,Australia,M,Monthly,SHARE,Share prices,IX,Index,_Z,Not applicable,_Z,Not applicable,_Z,Not applicable,_Z,Not applicable,N,National,2021-11,,134.4745,,A,Normal value,0,Units,2,Two,2015,
DATAFLOW,OECD.SDD.STES:DSD_STES@DF_FINMARK(4.0),Financial market,I,AUS,Australia,M,Monthly,SHARE,Share prices,IX,Index,_Z,Not applicable,_Z,Not applicable,_Z,Not applicable,_Z,Not applicable,N,National,2021-10,,133.6132,,A,Normal value,0,Units,2,Two,2015,
DATAFLOW,OECD.SDD.STES:DSD_STES@DF_FINMARK(4.0),Financial market,I,AUS,Australia,M,Monthly,SHARE,Share prices,IX,Index,_Z,Not applicable,_Z,Not applicable,_Z,Not applicable,_Z,Not applicable,N,National,2021-09,,134.6871,,A,Normal value,0,Units,2,Two,2015,
DATAFLOW,OECD.SDD.STES:DSD_STES@DF_FINMARK(4.0),Financial market,I,AUS,Australia,M,Monthly,SHARE,Share prices,IX,Index,_Z,Not applicable,_Z,Not applicable,_Z,Not applicable,_Z,Not applicable,N,National,2021-08,,136.9542,,A,Normal value,0,Units,2,Two,2015,
DATAFLOW,OECD.SDD.STES:DSD_STES@DF_FINMARK(4.0),Financial market,I,AUS,Australia,M,Monthly,SHARE,Share prices,IX,Index,_Z,Not applicable,_Z,Not applicable,_Z,Not applicable,_Z,Not applicable,N,National,2021-07,,133.6056,,A,Normal value,0,Units,2,Two,2015,
DATAFLOW,OECD.SDD.STES:DSD_STES@DF_FINMARK(4.0),Financial market,I,AUS,Australia,M,Monthly,SHARE,Share prices,IX,Index,_Z,Not applicable,_Z,Not applicable,_Z,Not applicable,_Z,Not applicable,N,National,2021-06,,132.8794,,A,Normal value,0,Units,2,Two,2015,
DATAFLOW,OECD.SDD.STES:DSD_STES@DF_FINMARK(4.0),Financial market,I,AUS,Australia,M,Monthly,SHARE,Share prices,IX,Index,_Z,Not applicable,_Z,Not applicable,_Z,Not applicable,_Z,Not applicable,N,National,2021-05,,128.6689,,A,Normal value,0,Units,2,Two,2015,
DATAFLOW,OECD.SDD.STES:DSD_STES@DF_FINMARK(4.0),Financial market,I,AUS,Australia,M,Monthly,SHARE,Share prices,IX,Index,_Z,Not applicable,_Z,Not applicable,_Z,Not applicable,_Z,Not applicable,N,National,2021-04,,127.3157,,A,Normal value,0,Units,2,Two,2015,
DATAFLOW,OECD.SDD.STES:DSD_STES@DF_FINMARK(4.0),Financial market,I,AUS,Australia,M,Monthly,SHARE,Share prices,IX,Index,_Z,Not applicable,_Z,Not applicable,_Z,Not applicable,_Z,Not applicable,N,National,2021-03,,123.1871,,A,Normal value,0,Units,2,Two,2015,
DATAFLOW,OECD.SDD.STES:DSD_STES@DF_FINMARK(4.0),Financial market,I,AUS,Australia,M,Monthly,SHARE,Share prices,IX,Index,_Z,Not applicable,_Z,Not applicable,_Z,Not applicable,_Z,Not applicable,N,National,2021-02,,124.106,,A,Normal value,0,Units,2,Two,2015,
DATAFLOW,OECD.SDD.STES:DSD_STES@DF_FINMARK(4.0),Financial market,I,AUS,Australia,M,Monthly,SHARE,Share prices,IX,Index,_Z,Not applicable,_Z,Not applicable,_Z,Not applicable,_Z,Not applicable,N,National,2021-01,,122.2562,,A,Normal value,0,Units,2,Two,2015,
DATAFLOW,OECD.SDD.STES:DSD_STES@DF_FINMARK(4.0),Financial market,I,AUS,Australia,M,Monthly,SHARE,Share prices,IX,Index,_Z,Not applicable,_Z,Not applicable,_Z,Not applicable,_Z,Not applicable,N,National,2020-12,,121.2146,,A,Normal value,0,Units,2,Two,2015,
DATAFLOW,OECD.SDD.STES:DSD_STES@DF_FINMARK(4.0),Financial market,I,GBR,United Kingdom,M,Monthly,SHARE,Share prices,IX,Index,_Z,Not applicable,_Z,Not applicable,_Z,Not applicable,_Z,Not applicable,N,National,2025-12,,148.2202,,A,Normal value,0,Units,2,Two,2015,
DATAFLOW,OECD.SDD.STES:DSD_STES@DF_FINMARK(4.0),Financial market,I,GBR,United Kingdom,M,Monthly,SHARE,Share prices,IX,Index,_Z,Not applicable,_Z,Not applicable,_Z,Not applicable,_Z,Not applicable,N,National,2025-11,,146.9106,,A,Normal value,0,Units,2,Two,2015,
DATAFLOW,OECD.SDD.STES:DSD_STES@DF_FINMARK(4.0),Financial market,I,GBR,United Kingdom,M,Monthly,SHARE,Share prices,IX,Index,_Z,Not applicable,_Z,Not applicable,_Z,Not applicable,_Z,Not applicable,N,National,2025-10,,144.4346,,A,Normal value,0,Units,2,Two,2015,
DATAFLOW,OECD.SDD.STES:DSD_STES@DF_FINMARK(4.0),Financial market,I,GBR,United Kingdom,M,Monthly,SHARE,Share prices,IX,Index,_Z,Not applicable,_Z,Not applicable,_Z,Not applicable,_Z,Not applicable,N,National,2025-09,,140.029,,A,Normal value,0,Units,2,Two,2015,
DATAFLOW,OECD.SDD.STES:DSD_STES@DF_FINMARK(4.0),Financial market,I,GBR,United Kingdom,M,Monthly,SHARE,Share prices,IX,Index,_Z,Not applicable,_Z,Not applicable,_Z,Not applicable,_Z,Not applicable,N,National,2025-08,,139.3394,,A,Normal value,0,Units,2,Two,2015,
DATAFLOW,OECD.SDD.STES:DSD_STES@DF_FINMARK(4.0),Financial market,I,GBR,United Kingdom,M,Monthly,SHARE,Share prices,IX,Index,_Z,Not applicable,_Z,Not applicable,_Z,Not applicable,_Z,Not applicable,N,National,2025-07,,136.0249,,A,Normal value,0,Units,2,Two,2015,
DATAFLOW,OECD.SDD.STES:DSD_STES@DF_FINMARK(4.0),Financial market,I,GBR,United Kingdom,M,Monthly,SHARE,Share prices,IX,Index,_Z,Not applicable,_Z,Not applicable,_Z,Not applicable,_Z,Not applicable,N,National,2025-06,,133.545,,A,Normal value,0,Units,2,Two,2015,
DATAFLOW,OECD.SDD.STES:DSD_STES@DF_FINMARK(4.0),Financial market,I,GBR,United Kingdom,M,Monthly,SHARE,Share prices,IX,Index,_Z,Not applicable,_Z,Not applicable,_Z,Not applicable,_Z,Not applicable,N,National,2025-05,,131.2874,,A,Normal value,0,Units,2,Two,2015,
DATAFLOW,OECD.SDD.STES:DSD_STES@DF_FINMARK(4.0),Financial market,I,GBR,United Kingdom,M,Monthly,SHARE,Share prices,IX,Index,_Z,Not applicable,_Z,Not applicable,_Z,Not applicable,_Z,Not applicable,N,National,2025-04,,125.0014,,A,Normal value,0,Units,2,Two,2015,
DATAFLOW,OECD.SDD.STES:DSD_STES@DF_FINMARK(4.0),Financial market,I,GBR,United Kingdom,M,Monthly,SHARE,Share prices,IX,Index,_Z,Not applicable,_Z,Not applicable,_Z,Not applicable,_Z,Not applicable,N,National,2025-03,,131.3455,,A,Normal value,0,Units,2,Two,2015,
DATAFLOW,OECD.SDD.STES:DSD_STES@DF_FINMARK(4.0),Financial market,I,GBR,United Kingdom,M,Monthly,SHARE,Share prices,IX,Index,_Z,Not applicable,_Z,Not applicable,_Z,Not applicable,_Z,Not applicable,N,National,2025-02,,132.1118,,A,Normal value,0,Units,2,Two,2015,
DATAFLOW,OECD.SDD.STES:DSD_STES@DF_FINMARK(4.0),Financial market,I,GBR,United Kingdom,M,Monthly,SHARE,Share prices,IX,Index,_Z,Not applicable,_Z,Not applicable,_Z,Not applicable,_Z,Not applicable,N,National,2025-01,,127.3686,,A,Normal value,0,Units,2,Two,2015,
DATAFLOW,OECD.SDD.STES:DSD_STES@DF_FINMARK(4.0),Financial market,I,GBR,United Kingdom,M,Monthly,SHARE,Share prices,IX,Index,_Z,Not applicable,_Z,Not applicable,_Z,Not applicable,_Z,Not applicable,N,National,2024-12,,124.7651,,A,Normal value,0,Units,2,Two,2015,
DATAFLOW,OECD.SDD.STES:DSD_STES@DF_FINMARK(4.0),Financial market,I,GBR,United Kingdom,M,Monthly,SHARE,Share prices,IX,Index,_Z,Not applicable,_Z,Not applicable,_Z,Not applicable,_Z,Not applicable,N,National,2024-11,,123.711,,A,Normal value,0,Units,2,Two,2015,
DATAFLOW,OECD.SDD.STES:DSD_STES@DF_FINMARK(4.0),Financial market,I,GBR,United Kingdom,M,Monthly,SHARE,Share prices,IX,Index,_Z,Not applicable,_Z,Not applicable,_Z,Not applicable,_Z,Not applicable,N,National,2024-10,,125.363,,A,Normal value,0,Units,2,Two,2015,
DATAFLOW,OECD.SDD.STES:DSD_STES@DF_FINMARK(4.0),Financial market,I,GBR,United Kingdom,M,Monthly,SHARE,Share prices,IX,Index,_Z,Not applicable,_Z,Not applicable,_Z,Not applicable,_Z,Not applicable,N,National,2024-09,,125.3474,,A,Normal value,0,Units,2,Two,2015,
DATAFLOW,OECD.SDD.STES:DSD_STES@DF_FINMARK(4.0),Financial market,I,GBR,United Kingdom,M,Monthly,SHARE,Share prices,IX,Index,_Z,Not applicable,_Z,Not applicable,_Z,Not applicable,_Z,Not applicable,N,National,2024-08,,125.2097,,A,Normal value,0,Units,2,Two,2015,
DATAFLOW,OECD.SDD.STES:DSD_STES@DF_FINMARK(4.0),Financial market,I,GBR,United Kingdom,M,Monthly,SHARE,Share prices,IX,Index,_Z,Not applicable,_Z,Not applicable,_Z,Not applicable,_Z,Not applicable,N,National,2024-07,,124.4262,,A,Normal value,0,Units,2,Two,2015,
DATAFLOW,OECD.SDD.STES:DSD_STES@DF_FINMARK(4.0),Financial market,I,GBR,United Kingdom,M,Monthly,SHARE,Share prices,IX,Index,_Z,Not applicable,_Z,Not applicable,_Z,Not applicable,_Z,Not applicable,N,National,2024-06,,124.5847,,A,Normal value,0,Units,2,Two,2015,
DATAFLOW,OECD.SDD.STES:DSD_STES@DF_FINMARK(4.0),Financial market,I,GBR,United Kingdom,M,Monthly,SHARE,Share prices,IX,Index,_Z,Not applicable,_Z,Not applicable,_Z,Not applicable,_Z,Not applicable,N,National,2024-05,,126.2393,,A,Normal value,0,Units,2,Two,2015,
DATAFLOW,OECD.SDD.STES:DSD_STES@DF_FINMARK(4.0),Financial market,I,GBR,United Kingdom,M,Monthly,SHARE,Share prices,IX,Index,_Z,Not applicable,_Z,Not applicable,_Z,Not applicable,_Z,Not applicable,N,National,2024-04,,120.9609,,A,Normal value,0,Units,2,Two,2015,
DATAFLOW,OECD.SDD.STES:DSD_STES@DF_FINMARK(4.0),Financial market,I,GBR,United Kingdom,M,Monthly,SHARE,Share prices,IX,Index,_Z,Not applicable,_Z,Not applicable,_Z,Not applicable,_Z,Not applicable,N,National,2024-03,,117.9558,,A,Normal value,0,Units,2,Two,2015,
DATAFLOW,OECD.SDD.STES:DSD_STES@DF_FINMARK(4.0),Financial market,I,GBR,United Kingdom,M,Monthly,SHARE,Share prices,IX,Index,_Z,Not applicable,_Z,Not applicable,_Z,Not applicable,_Z,Not applicable,N,National,2024-02,,115.8311,,A,Normal value,0,Units,2,Two,2015,
DATAFLOW,OECD.SDD.STES:DSD_STES@DF_FINMARK(4.0),Financial market,I,GBR,United Kingdom,M,Monthly,SHARE,Share prices,IX,Index,_Z,Not applicable,_Z,Not applicable,_Z,Not applicable,_Z,Not applicable,N,National,2024-01,,115.3066,,A,Normal value,0,Units,2,Two,2015,
DATAFLOW,OECD.SDD.STES:DSD_STES@DF_FINMARK(4.0),Financial market,I,GBR,United Kingdom,M,Monthly,SHARE,Share prices,IX,Index,_Z,Not applicable,_Z,Not applicable,_Z,Not applicable,_Z,Not applicable,N,National,2023-12,,115.4689,,A,Normal value,0,Units,2,Two,2015,
DATAFLOW,OECD.SDD.STES:DSD_STES@DF_FINMARK(4.0),Financial market,I,GBR,United Kingdom,M,Monthly,SHARE,Share prices,IX,Index,_Z,Not applicable,_Z,Not applicable,_Z,Not applicable,_Z,Not applicable,N,National,2023-11,,112.8533,,A,Normal value,0,Units,2,Two,2015,
DATAFLOW,OECD.SDD.STES:DSD_STES@DF_FINMARK(4.0),Financial market,I,GBR,United Kingdom,M,Monthly,SHARE,Share prices,IX,Index,_Z,Not applicable,_Z,Not applicable,_Z,Not applicable,_Z,Not applicable,N,National,2023-10,,113.4461,,A,Normal value,0,Units,2,Two,2015,
DATAFLOW,OECD.SDD.STES:DSD_STES@DF_FINMARK(4.0),Financial market,I,GBR,United Kingdom,M,Monthly,SHARE,Share prices,IX,Index,_Z,Not applicable,_Z,Not applicable,_Z,Not applicable,_Z,Not applicable,N,National,2023-09,,114.8787,,A,Normal value,0,Units,2,Two,2015,
DATAFLOW,OECD.SDD.STES:DSD_STES@DF_FINMARK(4.0),Financial market,I,GBR,United Kingdom,M,Monthly,SHARE,Share prices,IX,Index,_Z,Not applicable,_Z,Not applicable,_Z,Not applicable,_Z,Not applicable,N,National,2023-08,,112.8674,,A,Normal value,0,Units,2,Two,2015,
DATAFLOW,OECD.SDD.STES:DSD_STES@DF_FINMARK(4.0),Financial market,I,GBR,United Kingdom,M,Monthly,SHARE,Share prices,IX,Index,_Z,Not applicable,_Z,Not applicable,_Z,Not applicable,_Z,Not applicable,N,National,2023-07,,113.9178,,A,Normal value,0,Units,2,Two,2015,
DATAFLOW,OECD.SDD.STES:DSD_STES@DF_FINMARK(4.0),Financial market,I,GBR,United Kingdom,M,Monthly,SHARE,Share prices,IX,Index,_Z,Not applicable,_Z,Not applicable,_Z,Not applicable,_Z,Not applicable,N,National,2023-06,,114.5883,,A,Normal value,0,Units,2,Two,2015,
DATAFLOW,OECD.SDD.STES:DSD_STES@DF_FINMARK(4.0),Financial market,I,GBR,United Kingdom,M,Monthly,SHARE,Share prices,IX,Index,_Z,Not applicable,_Z,Not applicable,_Z,Not applicable,_Z,Not applicable,N,National,2023-05,,116.9485,,A,Normal value,0,Units,2,Two,2015,
DATAFLOW,OECD.SDD.STES:DSD_STES@DF_FINMARK(4.0),Financial market,I,GBR,United Kingdom,M,Monthly,SHARE,Share prices,IX,Index,_Z,Not applicable,_Z,Not applicable,_Z,Not applicable,_Z,Not applicable,N,National,2023-04,,118.566,,A,Normal value,0,Units,2,Two,2015,
DATAFLOW,OECD.SDD.STES:DSD_STES@DF_FINMARK(4.0),Financial market,I,GBR,United Kingdom,M,Monthly,SHARE,Share prices,IX,Index,_Z,Not applicable,_Z,Not applicable,_Z,Not applicable,_Z,Not applicable,N,National,2023-03,,115.8184,,A,Normal value,0,Units,2,Two,2015,
DATAFLOW,OECD.SDD.STES:DSD_STES@DF_FINMARK(4.0),Financial market,I,GBR,United Kingdom,M,Monthly,SHARE,Share prices,IX,Index,_Z,Not applicable,_Z,Not applicable,_Z,Not applicable,_Z,Not applicable,N,National,2023-02,,120.0188,,A,Normal value,0,Units,2,Two,2015,
DATAFLOW,OECD.SDD.STES:DSD_STES@DF_FINMARK(4.0),Financial market,I,GBR,United Kingdom,M,Monthly,SHARE,Share prices,IX,Index,_Z,Not applicable,_Z,Not applicable,_Z,Not applicable,_Z,Not applicable,N,National,2023-01,,117.266,,A,Normal value,0,Units,2,Two,2015,
DATAFLOW,OECD.SDD.STES:DSD_STES@DF_FINMARK(4.0),Financial market,I,GBR,United Kingdom,M,Monthly,SHARE,Share prices,IX,Index,_Z,Not applicable,_Z,Not applicable,_Z,Not applicable,_Z,Not applicable,N,National,2022-12,,113.3291,,A,Normal value,0,Units,2,Two,2015,
DATAFLOW,OECD.SDD.STES:DSD_STES@DF_FINMARK(4.0),Financial market,I,GBR,United Kingdom,M,Monthly,SHARE,Share prices,IX,Index,_Z,Not applicable,_Z,Not applicable,_Z,Not applicable,_Z,Not applicable,N,National,2022-11,,111.7236,,A,Normal value,0,Units,2,Two,2015,
DATAFLOW,OECD.SDD.STES:DSD_STES@DF_FINMARK(4.0),Financial market,I,GBR,United Kingdom,M,Monthly,SHARE,Share prices,IX,Index,_Z,Not applicable,_Z,Not applicable,_Z,Not applicable,_Z,Not applicable,N,National,2022-10,,105.719,,A,Normal value,0,Units,2,Two,2015,
DATAFLOW,OECD.SDD.STES:DSD_STES@DF_FINMARK(4.0),Financial market,I,GBR,United Kingdom,M,Monthly,SHARE,Share prices,IX,Index,_Z,Not applicable,_Z,Not applicable,_Z,Not applicable,_Z,Not applicable,N,National,2022-09,,109.0082,,A,Normal value,0,Units,2,Two,2015,
DATAFLOW,OECD.SDD.STES:DSD_STES@DF_FINMARK(4.0),Financial market,I,GBR,United Kingdom,M,Monthly,SHARE,Share prices,IX,Index,_Z,Not applicable,_Z,Not applicable,_Z,Not applicable,_Z,Not applicable,N,National,2022-08,,113.2166,,A,Normal value,0,Units,2,Two,2015,
DATAFLOW,OECD.SDD.STES:DSD_STES@DF_FINMARK(4.0),Financial market,I,GBR,United Kingdom,M,Monthly,SHARE,Share prices,IX,Index,_Z,Not applicable,_Z,Not applicable,_Z,Not applicable,_Z,Not applicable,N,National,2022-07,,109.5683,,A,Normal value,0,Units,2,Two,2015,
DATAFLOW,OECD.SDD.STES:DSD_STES@DF_FINMARK(4.0),Financial market,I,GBR,United Kingdom,M,Monthly,SHARE,Share prices,IX,Index,_Z,Not applicable,_Z,Not applicable,_Z,Not applicable,_Z,Not applicable,N,National,2022-06,,110.677,,A,Normal value,0,Units,2,Two,2015,
DATAFLOW,OECD.SDD.STES:DSD_STES@DF_FINMARK(4.0),Financial market,I,GBR,United Kingdom,M,Monthly,SHARE,Share prices,IX,Index,_Z,Not applicable,_Z,Not applicable,_Z,Not applicable,_Z,Not applicable,N,National,2022-05,,112.9969,,A,Normal value,0,Units,2,Two,2015,
DATAFLOW,OECD.SDD.STES:DSD_STES@DF_FINMARK(4.0),Financial market,I,GBR,United Kingdom,M,Monthly,SHARE,Share prices,IX,Index,_Z,Not applicable,_Z,Not applicable,_Z,Not applicable,_Z,Not applicable,N,National,2022-04,,114.6437,,A,Normal value,0,Units,2,Two,2015,
DATAFLOW,OECD.SDD.STES:DSD_STES@DF_FINMARK(4.0),Financial market,I,GBR,United Kingdom,M,Monthly,SHARE,Share prices,IX,Index,_Z,Not applicable,_Z,Not applicable,_Z,Not applicable,_Z,Not applicable,N,National,2022-03,,110.9183,,A,Normal value,0,Units,2,Two,2015,
DATAFLOW,OECD.SDD.STES:DSD_STES@DF_FINMARK(4.0),Financial market,I,GBR,United Kingdom,M,Monthly,SHARE,Share prices,IX,Index,_Z,Not applicable,_Z,Not applicable,_Z,Not applicable,_Z,Not applicable,N,National,2022-02,,114.2632,,A,Normal value,0,Units,2,Two,2015,
DATAFLOW,OECD.SDD.STES:DSD_STES@DF_FINMARK(4.0),Financial market,I,GBR,United Kingdom,M,Monthly,SHARE,Share prices,IX,Index,_Z,Not applicable,_Z,Not applicable,_Z,Not applicable,_Z,Not applicable,N,National,2022-01,,113.6568,,A,Normal value,0,Units,2,Two,2015,
DATAFLOW,OECD.SDD.STES:DSD_STES@DF_FINMARK(4.0),Financial market,I,GBR,United Kingdom,M,Monthly,SHARE,Share prices,IX,Index,_Z,Not applicable,_Z,Not applicable,_Z,Not applicable,_Z,Not applicable,N,National,2021-12,,110.5146,,A,Normal value,0,Units,2,Two,2015,
DATAFLOW,OECD.SDD.STES:DSD_STES@DF_FINMARK(4.0),Financial market,I,GBR,United Kingdom,M,Monthly,SHARE,Share prices,IX,Index,_Z,Not applicable,_Z,Not applicable,_Z,Not applicable,_Z,Not applicable,N,National,2021-11,,110.1591,,A,Normal value,0,Units,2,Two,2015,
DATAFLOW,OECD.SDD.STES:DSD_STES@DF_FINMARK(4.0),Financial market,I,GBR,United Kingdom,M,Monthly,SHARE,Share prices,IX,Index,_Z,Not applicable,_Z,Not applicable,_Z,Not applicable,_Z,Not applicable,N,National,2021-10,,108.6177,,A,Normal value,0,Units,2,Two,2015,
DATAFLOW,OECD.SDD.STES:DSD_STES@DF_FINMARK(4.0),Financial market,I,GBR,United Kingdom,M,Monthly,SHARE,Share prices,IX,Index,_Z,Not applicable,_Z,Not applicable,_Z,Not applicable,_Z,Not applicable,N,National,2021-09,,107.1312,,A,Normal value,0,Units,2,Two,2015,
DATAFLOW,OECD.SDD.STES:DSD_STES@DF_FINMARK(4.0),Financial market,I,GBR,United Kingdom,M,Monthly,SHARE,Share prices,IX,Index,_Z,Not applicable,_Z,Not applicable,_Z,Not applicable,_Z,Not applicable,N,National,2021-08,,108.2514,,A,Normal value,0,Units,2,Two,2015,
DATAFLOW,OECD.SDD.STES:DSD_STES@DF_FINMARK(4.0),Financial market,I,GBR,United Kingdom,M,Monthly,SHARE,Share prices,IX,Index,_Z,Not applicable,_Z,Not applicable,_Z,Not applicable,_Z,Not applicable,N,National,2021-07,,106.8666,,A,Normal value,0,Units,2,Two,2015,
DATAFLOW,OECD.SDD.STES:DSD_STES@DF_FINMARK(4.0),Financial market,I,GBR,United Kingdom,M,Monthly,SHARE,Share prices,IX,Index,_Z,Not applicable,_Z,Not applicable,_Z,Not applicable,_Z,Not applicable,N,National,2021-06,,107.6213,,A,Normal value,0,Units,2,Two,2015,
DATAFLOW,OECD.SDD.STES:DSD_STES@DF_FINMARK(4.0),Financial market,I,GBR,United Kingdom,M,Monthly,SHARE,Share prices,IX,Index,_Z,Not applicable,_Z,Not applicable,_Z,Not applicable,_Z,Not applicable,N,National,2021-05,,106.4692,,A,Normal value,0,Units,2,Two,2015,
DATAFLOW,OECD.SDD.STES:DSD_STES@DF_FINMARK(4.0),Financial market,I,GBR,United Kingdom,M,Monthly,SHARE,Share prices,IX,Index,_Z,Not applicable,_Z,Not applicable,_Z,Not applicable,_Z,Not applicable,N,National,2021-04,,104.7217,,A,Normal value,0,Units,2,Two,2015,
DATAFLOW,OECD.SDD.STES:DSD_STES@DF_FINMARK(4.0),Financial market,I,GBR,United Kingdom,M,Monthly,SHARE,Share prices,IX,Index,_Z,Not applicable,_Z,Not applicable,_Z,Not applicable,_Z,Not applicable,N,National,2021-03,,101.8014,,A,Normal value,0,Units,2,Two,2015,
DATAFLOW,OECD.SDD.STES:DSD_STES@DF_FINMARK(4.0),Financial market,I,GBR,United Kingdom,M,Monthly,SHARE,Share prices,IX,Index,_Z,Not applicable,_Z,Not applicable,_Z,Not applicable,_Z,Not applicable,N,National,2021-02,,99.82986,,A,Normal value,0,Units,2,Two,2015,
DATAFLOW,OECD.SDD.STES:DSD_STES@DF_FINMARK(4.0),Financial market,I,GBR,United Kingdom,M,Monthly,SHARE,Share prices,IX,Index,_Z,Not applicable,_Z,Not applicable,_Z,Not applicable,_Z,Not applicable,N,National,2021-01,,101.4009,,A,Normal value,0,Units,2,Two,2015,
DATAFLOW,OECD.SDD.STES:DSD_STES@DF_FINMARK(4.0),Financial market,I,GBR,United Kingdom,M,Monthly,SHARE,Share prices,IX,Index,_Z,Not applicable,_Z,Not applicable,_Z,Not applicable,_Z,Not applicable,N,National,2020-12,,98.82664,,A,Normal value,0,Units,2,Two,2015,
DATAFLOW,OECD.SDD.STES:DSD_STES@DF_FINMARK(4.0),Financial market,I,JPN,Japan,M,Monthly,SHARE,Share prices,IX,Index,_Z,Not applicable,_Z,Not applicable,_Z,Not applicable,_Z,Not applicable,N,National,2025-12,,218.4621,,A,Normal value,0,Units,2,Two,2015,
DATAFLOW,OECD.SDD.STES:DSD_STES@DF_FINMARK(4.0),Financial market,I,JPN,Japan,M,Monthly,SHARE,Share prices,IX,Index,_Z,Not applicable,_Z,Not applicable,_Z,Not applicable,_Z,Not applicable,N,National,2025-11,,213.998,,A,Normal value,0,Units,2,Two,2015,
DATAFLOW,OECD.SDD.STES:DSD_STES@DF_FINMARK(4.0),Financial market,I,JPN,Japan,M,Monthly,SHARE,Share prices,IX,Index,_Z,Not applicable,_Z,Not applicable,_Z,Not applicable,_Z,Not applicable,N,National,2025-10,,207.8335,,A,Normal value,0,Units,2,Two,2015,
DATAFLOW,OECD.SDD.STES:DSD_STES@DF_FINMARK(4.0),Financial market,I,JPN,Japan,M,Monthly,SHARE,Share prices,IX,Index,_Z,Not applicable,_Z,Not applicable,_Z,Not applicable,_Z,Not applicable,N,National,2025-09,,202.2015,,A,Normal value,0,Units,2,Two,2015,
DATAFLOW,OECD.SDD.STES:DSD_STES@DF_FINMARK(4.0),Financial market,I,JPN,Japan,M,Monthly,SHARE,Share prices,IX,Index,_Z,Not applicable,_Z,Not applicable,_Z,Not applicable,_Z,Not applicable,N,National,2025-08,,196.6423,,A,Normal value,0,Units,2,Two,2015,
DATAFLOW,OECD.SDD.STES:DSD_STES@DF_FINMARK(4.0),Financial market,I,USA,United States,M,Monthly,SHARE,Share prices,IX,Index,_Z,Not applicable,_Z,Not applicable,_Z,Not applicable,_Z,Not applicable,N,National,2025-12,,205.5674,,A,Normal value,0,Units,2,Two,2015,
DATAFLOW,OECD.SDD.STES:DSD_STES@DF_FINMARK(4.0),Financial market,I,USA,United States,M,Monthly,SHARE,Share prices,IX,Index,_Z,Not applicable,_Z,Not applicable,_Z,Not applicable,_Z,Not applicable,N,National,2025-11,,200.6944,,A,Normal value,0,Units,2,Two,2015,
DATAFLOW,OECD.SDD.STES:DSD_STES@DF_FINMARK(4.0),Financial market,I,USA,United States,M,Monthly,SHARE,Share prices,IX,Index,_Z,Not applicable,_Z,Not applicable,_Z,Not applicable,_Z,Not applicable,N,National,2025-10,,201.9479,,A,Normal value,0,Units,2,Two,2015,
DATAFLOW,OECD.SDD.STES:DSD_STES@DF_FINMARK(4.0),Financial market,I,USA,United States,M,Monthly,SHARE,Share prices,IX,Index,_Z,Not applicable,_Z,Not applicable,_Z,Not applicable,_Z,Not applicable,N,National,2025-09,,199.9697,,A,Normal value,0,Units,2,Two,2015,
DATAFLOW,OECD.SDD.STES:DSD_STES@DF_FINMARK(4.0),Financial market,I,USA,United States,M,Monthly,SHARE,Share prices,IX,Index,_Z,Not applicable,_Z,Not applicable,_Z,Not applicable,_Z,Not applicable,N,National,2025-08,,194.6145,,A,Normal value,0,Units,2,Two,2015,
DATAFLOW,OECD.SDD.STES:DSD_STES@DF_FINMARK(4.0),Financial market,I,USA,United States,M,Monthly,SHARE,Share prices,IX,Index,_Z,Not applicable,_Z,Not applicable,_Z,Not applicable,_Z,Not applicable,N,National,2025-07,,193.2824,,A,Normal value,0,Units,2,Two,2015,
DATAFLOW,OECD.SDD.STES:DSD_STES@DF_FINMARK(4.0),Financial market,I,USA,United States,M,Monthly,SHARE,Share prices,IX,Index,_Z,Not applicable,_Z,Not applicable,_Z,Not applicable,_Z,Not applicable,N,National,2025-06,,187.7724,,A,Normal value,0,Units,2,Two,2015,
DATAFLOW,OECD.SDD.STES:DSD_STES@DF_FINMARK(4.0),Financial market,I,USA,United States,M,Monthly,SHARE,Share prices,IX,Index,_Z,Not applicable,_Z,Not applicable,_Z,Not applicable,_Z,Not applicable,N,National,2025-05,,183.3964,,A,Normal value,0,Units,2,Two,2015,
DATAFLOW,OECD.SDD.STES:DSD_STES@DF_FINMARK(4.0),Financial market,I,USA,United States,M,Monthly,SHARE,Share prices,IX,Index,_Z,Not applicable,_Z,Not applicable,_Z,Not applicable,_Z,Not applicable,N,National,2025-04,,173.0038,,A,Normal value,0,Units,2,Two,2015,
DATAFLOW,OECD.SDD.STES:DSD_STES@DF_FINMARK(4.0),Financial market,I,USA,United States,M,Monthly,SHARE,Share prices,IX,Index,_Z,Not applicable,_Z,Not applicable,_Z,Not applicable,_Z,Not applicable,N,National,2025-03,,182.063,,A,Normal value,0,Units,2,Two,2015,
DATAFLOW,OECD.SDD.STES:DSD_STES@DF_FINMARK(4.0),Financial market,I,USA,United States,M,Monthly,SHARE,Share prices,IX,Index,_Z,Not applicable,_Z,Not applicable,_Z,Not applicable,_Z,Not applicable,N,National,2025-02,,187.7849,,A,Normal value,0,Units,2,Two,2015,
DATAFLOW,OECD.SDD.STES:DSD_STES@DF_FINMARK(4.0),Financial market,I,USA,United States,M,Monthly,SHARE,Share prices,IX,Index,_Z,Not applicable,_Z,Not applicable,_Z,Not applicable,_Z,Not applicable,N,National,2025-01,,183.0461,,A,Normal value,0,Units,2,Two,2015,
DATAFLOW,OECD.SDD.STES:DSD_STES@DF_FINMARK(4.0),Financial market,I,USA,United States,M,Monthly,SHARE,Share prices,IX,Index,_Z,Not applicable,_Z,Not applicable,_Z,Not applicable,_Z,Not applicable,N,National,2024-12,,183.487,,A,Normal value,0,Units,2,Two,2015,
DATAFLOW,OECD.SDD.STES:DSD_STES@DF_FINMARK(4.0),Financial market,I,USA,United States,M,Monthly,SHARE,Share prices,IX,Index,_Z,Not applicable,_Z,Not applicable,_Z,Not applicable,_Z,Not applicable,N,National,2024-11,,186.0236,,A,Normal value,0,Units,2,Two,2015,
DATAFLOW,OECD.SDD.STES:DSD_STES@DF_FINMARK(4.0),Financial market,I,USA,United States,M,Monthly,SHARE,Share prices,IX,Index,_Z,Not applicable,_Z,Not applicable,_Z,Not applicable,_Z,Not applicable,N,National,2024-10,,183.3279,,A,Normal value,0,Units,2,Two,2015,
DATAFLOW,OECD.SDD.STES:DSD_STES@DF_FINMARK(4.0),Financial market,I,USA,United States,M,Monthly,SHARE,Share prices,IX,Index,_Z,Not applicable,_Z,Not applicable,_Z,Not applicable,_Z,Not applicable,N,National,2024-09,,179.6647,,A,Normal value,0,Units,2,Two,2015,
DATAFLOW,OECD.SDD.STES:DSD_STES@DF_FINMARK(4.0),Financial market,I,USA,United States,M,Monthly,SHARE,Share prices,IX,Index,_Z,Not applicable,_Z,Not applicable,_Z,Not applicable,_Z,Not applicable,N,National,2024-08,,174.2961,,A,Normal value,0,Units,2,Two,2015,
DATAFLOW,OECD.SDD.STES:DSD_STES@DF_FINMARK(4.0),Financial market,I,USA,United States,M,Monthly,SHARE,Share prices,IX,Index,_Z,Not applicable,_Z,Not applicable,_Z,Not applicable,_Z,Not applicable,N,National,2024-07,,172.0642,,A,Normal value,0,Units,2,Two,2015,
DATAFLOW,OECD.SDD.STES:DSD_STES@DF_FINMARK(4.0),Financial market,I,USA,United States,M,Monthly,SHARE,Share prices,IX,Index,_Z,Not applicable,_Z,Not applicable,_Z,Not applicable,_Z,Not applicable,N,National,2024-06,,168.4892,,A,Normal value,0,Units,2,Two,2015,
DATAFLOW,OECD.SDD.STES:DSD_STES@DF_FINMARK(4.0),Financial market,I,USA,United States,M,Monthly,SHARE,Share prices,IX,Index,_Z,Not applicable,_Z,Not applicable,_Z,Not applicable,_Z,Not applicable,N,National,2024-05,,169.2566,,A,Normal value,0,Units,2,Two,2015,
DATAFLOW,OECD.SDD.STES:DSD_STES@DF_FINMARK(4.0),Financial market,I,USA,United States,M,Monthly,SHARE,Share prices,IX,Index,_Z,Not applicable,_Z,Not applicable,_Z,Not applicable,_Z,Not applicable,N,National,2024-04,,166.7338,,A,Normal value,0,Units,2,Two,2015,
DATAFLOW,OECD.SDD.STES:DSD_STES@DF_FINMARK(4.0),Financial market,I,USA,United States,M,Monthly,SHARE,Share prices,IX,Index,_Z,Not applicable,_Z,Not applicable,_Z,Not applicable,_Z,Not applicable,N,National,2024-03,,168.4436,,A,Normal value,0,Units,2,Two,2015,
DATAFLOW,OECD.SDD.STES:DSD_STES@DF_FINMARK(4.0),Financial market,I,USA,United States,M,Monthly,SHARE,Share prices,IX,Index,_Z,Not applicable,_Z,Not applicable,_Z,Not applicable,_Z,Not applicable,N,National,2024-02,,162.4479,,A,Normal value,0,Units,2,Two,2015,
DATAFLOW,OECD.SDD.STES:DSD_STES@DF_FINMARK(4.0),Financial market,I,USA,United States,M,Monthly,SHARE,Share prices,IX,Index,_Z,Not applicable,_Z,Not applicable,_Z,Not applicable,_Z,Not applicable,N,National,2024-01,,157.3779,,A,Normal value,0,Units,2,Two,2015,
DATAFLOW,OECD.SDD.STES:DSD_STES@DF_FINMARK(4.0),Financial market,I,USA,United States,M,Monthly,SHARE,Share prices,IX,Index,_Z,Not applicable,_Z,Not applicable,_Z,Not applicable,_Z,Not applicable,N,National,2023-12,,154.8774,,A,Normal value,0,Units,2,Two,2015,
DATAFLOW,OECD.SDD.STES:DSD_STES@DF_FINMARK(4.0),Financial market,I,USA,United States,M,Monthly,SHARE,Share prices,IX,Index,_Z,Not applicable,_Z,Not applicable,_Z,Not applicable,_Z,Not applicable,N,National,2023-11,,146.6592,,A,Normal value,0,Units,2,Two,2015,
DATAFLOW,OECD.SDD.STES:DSD_STES@DF_FINMARK(4.0),Financial market,I,USA,United States,M,Monthly,SHARE,Share prices,IX,Index,_Z,Not applicable,_Z,Not applicable,_Z,Not applicable,_Z,Not applicable,N,National,2023-10,,141.8852,,A,Normal value,0,Units,2,Two,2015,
DATAFLOW,OECD.SDD.STES:DSD_STES@DF_FINMARK(4.0),Financial market,I,USA,United States,M,Monthly,SHARE,Share prices,IX,Index,_Z,Not applicable,_Z,Not applicable,_Z,Not applicable,_Z,Not applicable,N,National,2023-09,,147.9842,,A,Normal value,0,Units,2,Two,2015,
DATAFLOW,OECD.SDD.STES:DSD_STES@DF_FINMARK(4.0),Financial market,I,USA,United States,M,Monthly,SHARE,Share prices,IX,Index,_Z,Not applicable,_Z,Not applicable,_Z,Not applicable,_Z,Not applicable,N,National,2023-08,,149.6734,,A,Normal value,0,Units,2,Two,2015,
DATAFLOW,OECD.SDD.STES:DSD_STES@DF_FINMARK(4.0),Financial market,I,USA,United States,M,Monthly,SHARE,Share prices,IX,Index,_Z,Not applicable,_Z,Not applicable,_Z,Not applicable,_Z,Not applicable,N,National,2023-07,,150.752,,A,Normal value,0,Units,2,Two,2015,
DATAFLOW,OECD.SDD.STES:DSD_STES@DF_FINMARK(4.0),Financial market,I,USA,United States,M,Monthly,SHARE,Share prices,IX,Index,_Z,Not applicable,_Z,Not applicable,_Z,Not applicable,_Z,Not applicable,N,National,2023-06,,145.8344,,A,Normal value,0,Units,2,Two,2015,
DATAFLOW,OECD.SDD.STES:DSD_STES@DF_FINMARK(4.0),Financial market,I,USA,United States,M,Monthly,SHARE,Share prices,IX,Index,_Z,Not applicable,_Z,Not applicable,_Z,Not applicable,_Z,Not applicable,N,National,2023-05,,142.4708,,A,Normal value,0,Units,2,Two,2015,
DATAFLOW,OECD.SDD.STES:DSD_STES@DF_FINMARK(4.0),Financial market,I,USA,United States,M,Monthly,SHARE,Share prices,IX,Index,_Z,Not applicable,_Z,Not applicable,_Z,Not applicable,_Z,Not applicable,N,National,2023-04,,145.1761,,A,Normal value,0,Units,2,Two,2015,
DATAFLOW,OECD.SDD.STES:DSD_STES@DF_FINMARK(4.0),Financial market,I,USA,United States,M,Monthly,SHARE,Share prices,IX,Index,_Z,Not applicable,_Z,Not applicable,_Z,Not applicable,_Z,Not applicable,N,National,2023-03,,141.1346,,A,Normal value,0,Units,2,Two,2015,
DATAFLOW,OECD.SDD.STES:DSD_STES@DF_FINMARK(4.0),Financial market,I,USA,United States,M,Monthly,SHARE,Share prices,IX,Index,_Z,Not applicable,_Z,Not applicable,_Z,Not applicable,_Z,Not applicable,N,National,2023-02,,148.2392,,A,Normal value,0,Units,2,Two,2015,
DATAFLOW,OECD.SDD.STES:DSD_STES@DF_FINMARK(4.0),Financial market,I,USA,United States,M,Monthly,SHARE,Share prices,IX,Index,_Z,Not applicable,_Z,Not applicable,_Z,Not applicable,_Z,Not applicable,N,National,2023-01,,147.018,,A,Normal value,0,Units,2,Two,2015,
DATAFLOW,OECD.SDD.STES:DSD_STES@DF_FINMARK(4.0),Financial market,I,USA,United States,M,Monthly,SHARE,Share prices,IX,Index,_Z,Not applicable,_Z,Not applicable,_Z,Not applicable,_Z,Not applicable,N,National,2022-12,,143.193,,A,Normal value,0,Units,2,Two,2015,
DATAFLOW,OECD.SDD.STES:DSD_STES@DF_FINMARK(4.0),Financial market,I,USA,United States,M,Monthly,SHARE,Share prices,IX,Index,_Z,Not applicable,_Z,Not applicable,_Z,Not applicable,_Z,Not applicable,N,National,2022-11,,142.0909,,A,Normal value,0,Units,2,Two,2015,
DATAFLOW,OECD.SDD.STES:DSD_STES@DF_FINMARK(4.0),Financial market,I,USA,United States,M,Monthly,SHARE,Share prices,IX,Index,_Z,Not applicable,_Z,Not applicable,_Z,Not applicable,_Z,Not applicable,N,National,2022-10,,131.9779,,A,Normal value,0,Units,2,Two,2015,
DATAFLOW,OECD.SDD.STES:DSD_STES@DF_FINMARK(4.0),Financial market,I,USA,United States,M,Monthly,SHARE,Share prices,IX,Index,_Z,Not applicable,_Z,Not applicable,_Z,Not applicable,_Z,Not applicable,N,National,2022-09,,135.1335,,A,Normal value,0,Units,2,Two,2015,
DATAFLOW,OECD.SDD.STES:DSD_STES@DF_FINMARK(4.0),Financial market,I,USA,United States,M,Monthly,SHARE,Share prices,IX,Index,_Z,Not applicable,_Z,Not applicable,_Z,Not applicable,_Z,Not applicable,N,National,2022-08,,144.2186,,A,Normal value,0,Units,2,Two,2015,
DATAFLOW,OECD.SDD.STES:DSD_STES@DF_FINMARK(4.0),Financial market,I,USA,United States,M,Monthly,SHARE,Share prices,IX,Index,_Z,Not applicable,_Z,Not applicable,_Z,Not applicable,_Z,Not applicable,N,National,2022-07,,137.4874,,A,Normal value,0,Units,2,Two,2015,
DATAFLOW,OECD.SDD.STES:DSD_STES@DF_FINMARK(4.0),Financial market,I,USA,United States,M,Monthly,SHARE,Share prices,IX,Index,_Z,Not applicable,_Z,Not applicable,_Z,Not applicable,_Z,Not applicable,N,National,2022-06,,139.7295,,A,Normal value,0,Units,2,Two,2015,
DATAFLOW,OECD.SDD.STES:DSD_STES@DF_FINMARK(4.0),Financial market,I,USA,United States,M,Monthly,SHARE,Share prices,IX,Index,_Z,Not applicable,_Z,Not applicable,_Z,Not applicable,_Z,Not applicable,N,National,2022-05,,144.4183,,A,Normal value,0,Units,2,Two,2015,
DATAFLOW,OECD.SDD.STES:DSD_STES@DF_FINMARK(4.0),Financial market,I,USA,United States,M,Monthly,SHARE,Share prices,IX,Index,_Z,Not applicable,_Z,Not applicable,_Z,Not applicable,_Z,Not applicable,N,National,2022-04,,153.5939,,A,Normal value,0,Units,2,Two,2015,
DATAFLOW,OECD.SDD.STES:DSD_STES@DF_FINMARK(4.0),Financial market,I,USA,United States,M,Monthly,SHARE,Share prices,IX,Index,_Z,Not applicable,_Z,Not applicable,_Z,Not applicable,_Z,Not applicable,N,National,2022-03,,152.9557,,A,Normal value,0,Units,2,Two,2015,
DATAFLOW,OECD.SDD.STES:DSD_STES@DF_FINMARK(4.0),Financial market,I,USA,United States,M,Monthly,SHARE,Share prices,IX,Index,_Z,Not applicable,_Z,Not applicable,_Z,Not applicable,_Z,Not applicable,N,National,2022-02,,155.2735,,A,Normal value,0,Units,2,Two,2015,
DATAFLOW,OECD.SDD.STES:DSD_STES@DF_FINMARK(4.0),Financial market,I,USA,United States,M,Monthly,SHARE,Share prices,IX,Index,_Z,Not applicable,_Z,Not applicable,_Z,Not applicable,_Z,Not applicable,N,National,2022-01,,158.1003,,A,Normal value,0,Units,2,Two,2015,
DATAFLOW,OECD.SDD.STES:DSD_STES@DF_FINMARK(4.0),Financial market,I,USA,United States,M,Monthly,SHARE,Share prices,IX,Index,_Z,Not applicable,_Z,Not applicable,_Z,Not applicable,_Z,Not applicable,N,National,2021-12,,157.3382,,A,Normal value,0,Units,2,Two,2015,
DATAFLOW,OECD.SDD.STES:DSD_STES@DF_FINMARK(4.0),Financial market,I,USA,United States,M,Monthly,SHARE,Share prices,IX,Index,_Z,Not applicable,_Z,Not applicable,_Z,Not applicable,_Z,Not applicable,N,National,2021-11,,159.9428,,A,Normal value,0,Units,2,Two,2015,
DATAFLOW,OECD.SDD.STES:DSD_STES@DF_FINMARK(4.0),Financial market,I,USA,United States,M,Monthly,SHARE,Share prices,IX,Index,_Z,Not applicable,_Z,Not applicable,_Z,Not applicable,_Z,Not applicable,N,National,2021-10,,156.8541,,A,Normal value,0,Units,2,Two,2015,
DATAFLOW,OECD.SDD.STES:DSD_STES@DF_FINMARK(4.0),Financial market,I,USA,United States,M,Monthly,SHARE,Share prices,IX,Index,_Z,Not applicable,_Z,Not applicable,_Z,Not applicable,_Z,Not applicable,N,National,2021-09,,155.121,,A,Normal value,0,Units,2,Two,2015,
DATAFLOW,OECD.SDD.STES:DSD_STES@DF_FINMARK(4.0),Financial market,I,USA,United States,M,Monthly,SHARE,Share prices,IX,Index,_Z,Not applicable,_Z,Not applicable,_Z,Not applicable,_Z,Not applicable,N,National,2021-08,,156.6078,,A,Normal value,0,Units,2,Two,2015,
DATAFLOW,OECD.SDD.STES:DSD_STES@DF_FINMARK(4.0),Financial market,I,USA,United States,M,Monthly,SHARE,Share prices,IX,Index,_Z,Not applicable,_Z,Not applicable,_Z,Not applicable,_Z,Not applicable,N,National,2021-07,,154.7849,,A,Normal value,0,Units,2,Two,2015,
DATAFLOW,OECD.SDD.STES:DSD_STES@DF_FINMARK(4.0),Financial market,I,USA,United States,M,Monthly,SHARE,Share prices,IX,Index,_Z,Not applicable,_Z,Not applicable,_Z,Not applicable,_Z,Not applicable,N,National,2021-06,,155.2178,,A,Normal value,0,Units,2,Two,2015,
DATAFLOW,OECD.SDD.STES:DSD_STES@DF_FINMARK(4.0),Financial market,I,USA,United States,M,Monthly,SHARE,Share prices,IX,Index,_Z,Not applicable,_Z,Not applicable,_Z,Not applicable,_Z,Not applicable,N,National,2021-05,,153.5066,,A,Normal value,0,Units,2,Two,2015,
DATAFLOW,OECD.SDD.STES:DSD_STES@DF_FINMARK(4.0),Financial market,I,USA,United States,M,Monthly,SHARE,Share prices,IX,Index,_Z,Not applicable,_Z,Not applicable,_Z,Not applicable,_Z,Not applicable,N,National,2021-04,,150.286,,A,Normal value,0,Units,2,Two,2015,
DATAFLOW,OECD.SDD.STES:DSD_STES@DF_FINMARK(4.0),Financial market,I,USA,United States,M,Monthly,SHARE,Share prices,IX,Index,_Z,Not applicable,_Z,Not applicable,_Z,Not applicable,_Z,Not applicable,N,National,2021-03,,144.9649,,A,Normal value,0,Units,2,Two,2015,
DATAFLOW,OECD.SDD.STES:DSD_STES@DF_FINMARK(4.0),Financial market,I,USA,United States,M,Monthly,SHARE,Share prices,IX,Index,_Z,Not applicable,_Z,Not applicable,_Z,Not applicable,_Z,Not applicable,N,National,2021-02,,142.3429,,A,Normal value,0,Units,2,Two,2015,
DATAFLOW,OECD.SDD.STES:DSD_STES@DF_FINMARK(4.0),Financial market,I,USA,United States,M,Monthly,SHARE,Share prices,IX,Index,_Z,Not applicable,_Z,Not applicable,_Z,Not applicable,_Z,Not applicable,N,National,2021-01,,138.8357,,A,Normal value,0,Units,2,Two,2015,
DATAFLOW,OECD.SDD.STES:DSD_STES@DF_FINMARK(4.0),Financial market,I,USA,United States,M,Monthly,SHARE,Share prices,IX,Index,_Z,Not applicable,_Z,Not applicable,_Z,Not applicable,_Z,Not applicable,N,National,2020-12,,134.5941,,A,Normal value,0,Units,2,Two,2015,
DATAFLOW,OECD.SDD.STES:DSD_STES@DF_FINMARK(4.0),Financial market,I,FIN,Finland,M,Monthly,SHARE,Share prices,IX,Index,_Z,Not applicable,_Z,Not applicable,_Z,Not applicable,_Z,Not applicable,N,National,2025-12,,141.7079,,A,Normal value,0,Units,2,Two,2015,
DATAFLOW,OECD.SDD.STES:DSD_STES@DF_FINMARK(4.0),Financial market,I,FIN,Finland,M,Monthly,SHARE,Share prices,IX,Index,_Z,Not applicable,_Z,Not applicable,_Z,Not applicable,_Z,Not applicable,N,National,2025-11,,138.2525,,A,Normal value,0,Units,2,Two,2015,
DATAFLOW,OECD.SDD.STES:DSD_STES@DF_FINMARK(4.0),Financial market,I,FIN,Finland,M,Monthly,SHARE,Share prices,IX,Index,_Z,Not applicable,_Z,Not applicable,_Z,Not applicable,_Z,Not applicable,N,National,2025-10,,134.0244,,A,Normal value,0,Units,2,Two,2015,
DATAFLOW,OECD.SDD.STES:DSD_STES@DF_FINMARK(4.0),Financial market,I,FIN,Finland,M,Monthly,SHARE,Share prices,IX,Index,_Z,Not applicable,_Z,Not applicable,_Z,Not applicable,_Z,Not applicable,N,National,2025-09,,129.4193,,A,Normal value,0,Units,2,Two,2015,
DATAFLOW,OECD.SDD.STES:DSD_STES@DF_FINMARK(4.0),Financial market,I,FIN,Finland,M,Monthly,SHARE,Share prices,IX,Index,_Z,Not applicable,_Z,Not applicable,_Z,Not applicable,_Z,Not applicable,N,National,2025-08,,127.3044,,A,Normal value,0,Units,2,Two,2015,
DATAFLOW,OECD.SDD.STES:DSD_STES@DF_FINMARK(4.0),Financial market,I,FIN,Finland,M,Monthly,SHARE,Share prices,IX,Index,_Z,Not applicable,_Z,Not applicable,_Z,Not applicable,_Z,Not applicable,N,National,2025-07,,125.9024,,A,Normal value,0,Units,2,Two,2015,
DATAFLOW,OECD.SDD.STES:DSD_STES@DF_FINMARK(4.0),Financial market,I,FIN,Finland,M,Monthly,SHARE,Share prices,IX,Index,_Z,Not applicable,_Z,Not applicable,_Z,Not applicable,_Z,Not applicable,N,National,2025-06,,123.6911,,A,Normal value,0,Units,2,Two,2015,
DATAFLOW,OECD.SDD.STES:DSD_STES@DF_FINMARK(4.0),Financial market,I,FIN,Finland,M,Monthly,SHARE,Share prices,IX,Index,_Z,Not applicable,_Z,Not applicable,_Z,Not applicable,_Z,Not applicable,N,National,2025-05,,122.1578,,A,Normal value,0,Units,2,Two,2015,
DATAFLOW,OECD.SDD.STES:DSD_STES@DF_FINMARK(4.0),Financial market,I,FIN,Finland,M,Monthly,SHARE,Share prices,IX,Index,_Z,Not applicable,_Z,Not applicable,_Z,Not applicable,_Z,Not applicable,N,National,2025-04,,112.6361,,A,Normal value,0,Units,2,Two,2015,
DATAFLOW,OECD.SDD.STES:DSD_STES@DF_FINMARK(4.0),Financial market,I,FIN,Finland,M,Monthly,SHARE,Share prices,IX,Index,_Z,Not applicable,_Z,Not applicable,_Z,Not applicable,_Z,Not applicable,N,National,2025-03,,123.133,,A,Normal value,0,Units,2,Two,2015,
DATAFLOW,OECD.SDD.STES:DSD_STES@DF_FINMARK(4.0),Financial market,I,FIN,Finland,M,Monthly,SHARE,Share prices,IX,Index,_Z,Not applicable,_Z,Not applicable,_Z,Not applicable,_Z,Not applicable,N,National,2025-02,,120.9188,,A,Normal value,0,Units,2,Two,2015,
DATAFLOW,OECD.SDD.STES:DSD_STES@DF_FINMARK(4.0),Financial market,I,FIN,Finland,M,Monthly,SHARE,Share prices,IX,Index,_Z,Not applicable,_Z,Not applicable,_Z,Not applicable,_Z,Not applicable,N,National,2025-01,,114.9391,,A,Normal value,0,Units,2,Two,2015,
DATAFLOW,OECD.SDD.STES:DSD_STES@DF_FINMARK(4.0),Financial market,I,FIN,Finland,M,Monthly,SHARE,Share prices,IX,Index,_Z,Not applicable,_Z,Not applicable,_Z,Not applicable,_Z,Not applicable,N,National,2024-12,,112.2157,,A,Normal value,0,Units,2,Two,2015,
DATAFLOW,OECD.SDD.STES:DSD_STES@DF_FINMARK(4.0),Financial market,I,FIN,Finland,M,Monthly,SHARE,Share prices,IX,Index,_Z,Not applicable,_Z,Not applicable,_Z,Not applicable,_Z,Not applicable,N,National,2024-11,,113.7282,,A,Normal value,0,Units,2,Two,2015,
DATAFLOW,OECD.SDD.STES:DSD_STES@DF_FINMARK(4.0),Financial market,I,FIN,Finland,M,Monthly,SHARE,Share prices,IX,Index,_Z,Not applicable,_Z,Not applicable,_Z,Not applicable,_Z,Not applicable,N,National,2024-10,,119.0318,,A,Normal value,0,Units,2,Two,2015,
DATAFLOW,OECD.SDD.STES:DSD_STES@DF_FINMARK(4.0),Financial market,I,FIN,Finland,M,Monthly,SHARE,Share prices,IX,Index,_Z,Not applicable,_Z,Not applicable,_Z,Not applicable,_Z,Not applicable,N,National,2024-09,,118.231,,A,Normal value,0,Units,2,Two,2015,
DATAFLOW,OECD.SDD.STES:DSD_STES@DF_FINMARK(4.0),Financial market,I,FIN,Finland,M,Monthly,SHARE,Share prices,IX,Index,_Z,Not applicable,_Z,Not applicable,_Z,Not applicable,_Z,Not applicable,N,National,2024-08,,116.6324,,A,Normal value,0,Units,2,Two,2015,
DATAFLOW,OECD.SDD.STES:DSD_STES@DF_FINMARK(4.0),Financial market,I,FIN,Finland,M,Monthly,SHARE,Share prices,IX,Index,_Z,Not applicable,_Z,Not applicable,_Z,Not applicable,_Z,Not applicable,N,National,2024-07,,116.8132,,A,Normal value,0,Units,2,Two,2015,
DATAFLOW,OECD.SDD.STES:DSD_STES@DF_FINMARK(4.0),Financial market,I,FIN,Finland,M,Monthly,SHARE,Share prices,IX,Index,_Z,Not applicable,_Z,Not applicable,_Z,Not applicable,_Z,Not applicable,N,National,2024-06,,118.9463,,A,Normal value,0,Units,2,Two,2015,
DATAFLOW,OECD.SDD.STES:DSD_STES@DF_FINMARK(4.0),Financial market,I,FIN,Finland,M,Monthly,SHARE,Share prices,IX,Index,_Z,Not applicable,_Z,Not applicable,_Z,Not applicable,_Z,Not applicable,N,National,2024-05,,120.5562,,A,Normal value,0,Units,2,Two,2015,
DATAFLOW,OECD.SDD.STES:DSD_STES@DF_FINMARK(4.0),Financial market,I,FIN,Finland,M,Monthly,SHARE,Share prices,IX,Index,_Z,Not applicable,_Z,Not applicable,_Z,Not applicable,_Z,Not applicable,N,National,2024-04,,116.0889,,A,Normal value,0,Units,2,Two,2015,
DATAFLOW,OECD.SDD.STES:DSD_STES@DF_FINMARK(4.0),Financial market,I,FIN,Finland,M,Monthly,SHARE,Share prices,IX,Index,_Z,Not applicable,_Z,Not applicable,_Z,Not applicable,_Z,Not applicable,N,National,2024-03,,115.2818,,A,Normal value,0,Units,2,Two,2015,
DATAFLOW,OECD.SDD.STES:DSD_STES@DF_FINMARK(4.0),Financial market,I,FIN,Finland,M,Monthly,SHARE,Share prices,IX,Index,_Z,Not applicable,_Z,Not applicable,_Z,Not applicable,_Z,Not applicable,N,National,2024-02,,116.2347,,A,Normal value,0,Units,2,Two,2015,
DATAFLOW,OECD.SDD.STES:DSD_STES@DF_FINMARK(4.0),Financial market,I,FIN,Finland,M,Monthly,SHARE,Share prices,IX,Index,_Z,Not applicable,_Z,Not applicable,_Z,Not applicable,_Z,Not applicable,N,National,2024-01,,119.2627,,A,Normal value,0,Units,2,Two,2015,
DATAFLOW,OECD.SDD.STES:DSD_STES@DF_FINMARK(4.0),Financial market,I,FIN,Finland,M,Monthly,SHARE,Share prices,IX,Index,_Z,Not applicable,_Z,Not applicable,_Z,Not applicable,_Z,Not applicable,N,National,2023-12,,117.303,,A,Normal value,0,Units,2,Two,2015,
DATAFLOW,OECD.SDD.STES:DSD_STES@DF_FINMARK(4.0),Financial market,I,FIN,Finland,M,Monthly,SHARE,Share prices,IX,Index,_Z,Not applicable,_Z,Not applicable,_Z,Not applicable,_Z,Not applicable,N,National,2023-11,,113.2916,,A,Normal value,0,Units,2,Two,2015,
DATAFLOW,OECD.SDD.STES:DSD_STES@DF_FINMARK(4.0),Financial market,I,FIN,Finland,M,Monthly,SHARE,Share prices,IX,Index,_Z,Not applicable,_Z,Not applicable,_Z,Not applicable,_Z,Not applicable,N,National,2023-10,,109.544,,A,Normal value,0,Units,2,Two,2015,
DATAFLOW,OECD.SDD.STES:DSD_STES@DF_FINMARK(4.0),Financial market,I,FIN,Finland,M,Monthly,SHARE,Share prices,IX,Index,_Z,Not applicable,_Z,Not applicable,_Z,Not applicable,_Z,Not applicable,N,National,2023-09,,114.6731,,A,Normal value,0,Units,2,Two,2015,
DATAFLOW,OECD.SDD.STES:DSD_STES@DF_FINMARK(4.0),Financial market,I,FIN,Finland,M,Monthly,SHARE,Share prices,IX,Index,_Z,Not applicable,_Z,Not applicable,_Z,Not applicable,_Z,Not applicable,N,National,2023-08,,113.7196,,A,Normal value,0,Units,2,Two,2015,
DATAFLOW,OECD.SDD.STES:DSD_STES@DF_FINMARK(4.0),Financial market,I,FIN,Finland,M,Monthly,SHARE,Share prices,IX,Index,_Z,Not applicable,_Z,Not applicable,_Z,Not applicable,_Z,Not applicable,N,National,2023-07,,117.0711,,A,Normal value,0,Units,2,Two,2015,
DATAFLOW,OECD.SDD.STES:DSD_STES@DF_FINMARK(4.0),Financial market,I,FIN,Finland,M,Monthly,SHARE,Share prices,IX,Index,_Z,Not applicable,_Z,Not applicable,_Z,Not applicable,_Z,Not applicable,N,National,2023-06,,119.8075,,A,Normal value,0,Units,2,Two,2015,
DATAFLOW,OECD.SDD.STES:DSD_STES@DF_FINMARK(4.0),Financial market,I,FIN,Finland,M,Monthly,SHARE,Share prices,IX,Index,_Z,Not applicable,_Z,Not applicable,_Z,Not applicable,_Z,Not applicable,N,National,2023-05,,122.4915,,A,Normal value,0,Units,2,Two,2015,
DATAFLOW,OECD.SDD.STES:DSD_STES@DF_FINMARK(4.0),Financial market,I,FIN,Finland,M,Monthly,SHARE,Share prices,IX,Index,_Z,Not applicable,_Z,Not applicable,_Z,Not applicable,_Z,Not applicable,N,National,2023-04,,126.4625,,A,Normal value,0,Units,2,Two,2015,
DATAFLOW,OECD.SDD.STES:DSD_STES@DF_FINMARK(4.0),Financial market,I,FIN,Finland,M,Monthly,SHARE,Share prices,IX,Index,_Z,Not applicable,_Z,Not applicable,_Z,Not applicable,_Z,Not applicable,N,National,2023-03,,127.4338,,A,Normal value,0,Units,2,Two,2015,
DATAFLOW,OECD.SDD.STES:DSD_STES@DF_FINMARK(4.0),Financial market,I,FIN,Finland,M,Monthly,SHARE,Share prices,IX,Index,_Z,Not applicable,_Z,Not applicable,_Z,Not applicable,_Z,Not applicable,N,National,2023-02,,132.833,,A,Normal value,0,Units,2,Two,2015,
DATAFLOW,OECD.SDD.STES:DSD_STES@DF_FINMARK(4.0),Financial market,I,FIN,Finland,M,Monthly,SHARE,Share prices,IX,Index,_Z,Not applicable,_Z,Not applicable,_Z,Not applicable,_Z,Not applicable,N,National,2023-01,,131.5971,,A,Normal value,0,Units,2,Two,2015,
DATAFLOW,OECD.SDD.STES:DSD_STES@DF_FINMARK(4.0),Financial market,I,FIN,Finland,M,Monthly,SHARE,Share prices,IX,Index,_Z,Not applicable,_Z,Not applicable,_Z,Not applicable,_Z,Not applicable,N,National,2022-12,,129.4496,,A,Normal value,0,Units,2,Two,2015,
DATAFLOW,OECD.SDD.STES:DSD_STES@DF_FINMARK(4.0),Financial market,I,FIN,Finland,M,Monthly,SHARE,Share prices,IX,Index,_Z,Not applicable,_Z,Not applicable,_Z,Not applicable,_Z,Not applicable,N,National,2022-11,,127.651,,A,Normal value,0,Units,2,Two,2015,
DATAFLOW,OECD.SDD.STES:DSD_STES@DF_FINMARK(4.0),Financial market,I,FIN,Finland,M,Monthly,SHARE,Share prices,IX,Index,_Z,Not applicable,_Z,Not applicable,_Z,Not applicable,_Z,Not applicable,N,National,2022-10,,120.5721,,A,Normal value,0,Units,2,Two,2015,
DATAFLOW,OECD.SDD.STES:DSD_STES@DF_FINMARK(4.0),Financial market,I,FIN,Finland,M,Monthly,SHARE,Share prices,IX,Index,_Z,Not applicable,_Z,Not applicable,_Z,Not applicable,_Z,Not applicable,N,National,2022-09,,121.3142,,A,Normal value,0,Units,2,Two,2015,
DATAFLOW,OECD.SDD.STES:DSD_STES@DF_FINMARK(4.0),Financial market,I,FIN,Finland,M,Monthly,SHARE,Share prices,IX,Index,_Z,Not applicable,_Z,Not applicable,_Z,Not applicable,_Z,Not applicable,N,National,2022-08,,128.6185,,A,Normal value,0,Units,2,Two,2015,
DATAFLOW,OECD.SDD.STES:DSD_STES@DF_FINMARK(4.0),Financial market,I,FIN,Finland,M,Monthly,SHARE,Share prices,IX,Index,_Z,Not applicable,_Z,Not applicable,_Z,Not applicable,_Z,Not applicable,N,National,2022-07,,123.3871,,A,Normal value,0,Units,2,Two,2015,
DATAFLOW,OECD.SDD.STES:DSD_STES@DF_FINMARK(4.0),Financial market,I,FIN,Finland,M,Monthly,SHARE,Share prices,IX,Index,_Z,Not applicable,_Z,Not applicable,_Z,Not applicable,_Z,Not applicable,N,National,2022-06,,125.6208,,A,Normal value,0,Units,2,Two,2015,
DATAFLOW,OECD.SDD.STES:DSD_STES@DF_FINMARK(4.0),Financial market,I,FIN,Finland,M,Monthly,SHARE,Share prices,IX,Index,_Z,Not applicable,_Z,Not applicable,_Z,Not applicable,_Z,Not applicable,N,National,2022-05,,128.3153,,A,Normal value,0,Units,2,Two,2015,
DATAFLOW,OECD.SDD.STES:DSD_STES@DF_FINMARK(4.0),Financial market,I,FIN,Finland,M,Monthly,SHARE,Share prices,IX,Index,_Z,Not applicable,_Z,Not applicable,_Z,Not applicable,_Z,Not applicable,N,National,2022-04,,132.3826,,A,Normal value,0,Units,2,Two,2015,
DATAFLOW,OECD.SDD.STES:DSD_STES@DF_FINMARK(4.0),Financial market,I,FIN,Finland,M,Monthly,SHARE,Share prices,IX,Index,_Z,Not applicable,_Z,Not applicable,_Z,Not applicable,_Z,Not applicable,N,National,2022-03,,128.8761,,A,Normal value,0,Units,2,Two,2015,
DATAFLOW,OECD.SDD.STES:DSD_STES@DF_FINMARK(4.0),Financial market,I,FIN,Finland,M,Monthly,SHARE,Share prices,IX,Index,_Z,Not applicable,_Z,Not applicable,_Z,Not applicable,_Z,Not applicable,N,National,2022-02,,139.8338,,A,Normal value,0,Units,2,Two,2015,
DATAFLOW,OECD.SDD.STES:DSD_STES@DF_FINMARK(4.0),Financial market,I,FIN,Finland,M,Monthly,SHARE,Share prices,IX,Index,_Z,Not applicable,_Z,Not applicable,_Z,Not applicable,_Z,Not applicable,N,National,2022-01,,148.3282,,A,Normal value,0,Units,2,Two,2015,
DATAFLOW,OECD.SDD.STES:DSD_STES@DF_FINMARK(4.0),Financial market,I,FIN,Finland,M,Monthly,SHARE,Share prices,IX,Index,_Z,Not applicable,_Z,Not applicable,_Z,Not applicable,_Z,Not applicable,N,National,2021-12,,148.6197,,A,Normal value,0,Units,2,Two,2015,
DATAFLOW,OECD.SDD.STES:DSD_STES@DF_FINMARK(4.0),Financial market,I,FIN,Finland,M,Monthly,SHARE,Share prices,IX,Index,_Z,Not applicable,_Z,Not applicable,_Z,Not applicable,_Z,Not applicable,N,National,2021-11,,149.5104,,A,Normal value,0,Units,2,Two,2015,
DATAFLOW,OECD.SDD.STES:DSD_STES@DF_FINMARK(4.0),Financial market,I,FIN,Finland,M,Monthly,SHARE,Share prices,IX,Index,_Z,Not applicable,_Z,Not applicable,_Z,Not applicable,_Z,Not applicable,N,National,2021-10,,148.6442,,A,Normal value,0,Units,2,Two,2015,
DATAFLOW,OECD.SDD.STES:DSD_STES@DF_FINMARK(4.0),Financial market,I,FIN,Finland,M,Monthly,SHARE,Share prices,IX,Index,_Z,Not applicable,_Z,Not applicable,_Z,Not applicable,_Z,Not applicable,N,National,2021-09,,152.5142,,A,Normal value,0,Units,2,Two,2015,
DATAFLOW,OECD.SDD.STES:DSD_STES@DF_FINMARK(4.0),Financial market,I,FIN,Finland,M,Monthly,SHARE,Share prices,IX,Index,_Z,Not applicable,_Z,Not applicable,_Z,Not applicable,_Z,Not applicable,N,National,2021-08,,155.0374,,A,Normal value,0,Units,2,Two,2015,
DATAFLOW,OECD.SDD.STES:DSD_STES@DF_FINMARK(4.0),Financial market,I,FIN,Finland,M,Monthly,SHARE,Share prices,IX,Index,_Z,Not applicable,_Z,Not applicable,_Z,Not applicable,_Z,Not applicable,N,National,2021-07,,150.8774,,A,Normal value,0,Units,2,Two,2015,
DATAFLOW,OECD.SDD.STES:DSD_STES@DF_FINMARK(4.0),Financial market,I,FIN,Finland,M,Monthly,SHARE,Share prices,IX,Index,_Z,Not applicable,_Z,Not applicable,_Z,Not applicable,_Z,Not applicable,N,National,2021-06,,146.1033,,A,Normal value,0,Units,2,Two,2015,
DATAFLOW,OECD.SDD.STES:DSD_STES@DF_FINMARK(4.0),Financial market,I,FIN,Finland,M,Monthly,SHARE,Share prices,IX,Index,_Z,Not applicable,_Z,Not applicable,_Z,Not applicable,_Z,Not applicable,N,National,2021-05,,141.7065,,A,Normal value,0,Units,2,Two,2015,
DATAFLOW,OECD.SDD.STES:DSD_STES@DF_FINMARK(4.0),Financial market,I,FIN,Finland,M,Monthly,SHARE,Share prices,IX,Index,_Z,Not applicable,_Z,Not applicable,_Z,Not applicable,_Z,Not applicable,N,National,2021-04,,138.88,,A,Normal value,0,Units,2,Two,2015,
DATAFLOW,OECD.SDD.STES:DSD_STES@DF_FINMARK(4.0),Financial market,I,FIN,Finland,M,Monthly,SHARE,Share prices,IX,Index,_Z,Not applicable,_Z,Not applicable,_Z,Not applicable,_Z,Not applicable,N,National,2021-03,,134.616,,A,Normal value,0,Units,2,Two,2015,
DATAFLOW,OECD.SDD.STES:DSD_STES@DF_FINMARK(4.0),Financial market,I,FIN,Finland,M,Monthly,SHARE,Share prices,IX,Index,_Z,Not applicable,_Z,Not applicable,_Z,Not applicable,_Z,Not applicable,N,National,2021-02,,133.5933,,A,Normal value,0,Units,2,Two,2015,
DATAFLOW,OECD.SDD.STES:DSD_STES@DF_FINMARK(4.0),Financial market,I,FIN,Finland,M,Monthly,SHARE,Share prices,IX,Index,_Z,Not applicable,_Z,Not applicable,_Z,Not applicable,_Z,Not applicable,N,National,2021-01,,131.7764,,A,Normal value,0,Units,2,Two,2015,
DATAFLOW,OECD.SDD.STES:DSD_STES@DF_FINMARK(4.0),Financial market,I,FIN,Finland,M,Monthly,SHARE,Share prices,IX,Index,_Z,Not applicable,_Z,Not applicable,_Z,Not applicable,_Z,Not applicable,N,National,2020-12,,126.7762,,A,Normal value,0,Units,2,Two,2015,
DATAFLOW,OECD.SDD.STES:DSD_STES@DF_FINMARK(4.0),Financial market,I,NLD,Netherlands,M,Monthly,SHARE,Share prices,IX,Index,_Z,Not applicable,_Z,Not applicable,_Z,Not applicable,_Z,Not applicable,N,National,2025-12,,178.144,,A,Normal value,0,Units,2,Two,2015,
DATAFLOW,OECD.SDD.STES:DSD_STES@DF_FINMARK(4.0),Financial market,I,NLD,Netherlands,M,Monthly,SHARE,Share prices,IX,Index,_Z,Not applicable,_Z,Not applicable,_Z,Not applicable,_Z,Not applicable,N,National,2025-11,,178.7244,,A,Normal value,0,Units,2,Two,2015,
DATAFLOW,OECD.SDD.STES:DSD_STES@DF_FINMARK(4.0),Financial market,I,NLD,Netherlands,M,Monthly,SHARE,Share prices,IX,Index,_Z,Not applicable,_Z,Not applicable,_Z,Not applicable,_Z,Not applicable,N,National,2025-10,,181.0853,,A,Normal value,0,Units,2,Two,2015,
DATAFLOW,OECD.SDD.STES:DSD_STES@DF_FINMARK(4.0),Financial market,I,NLD,Netherlands,M,Monthly,SHARE,Share prices,IX,Index,_Z,Not applicable,_Z,Not applicable,_Z,Not applicable,_Z,Not applicable,N,National,2025-09,,171.3405,,A,Normal value,0,Units,2,Two,2015,
DATAFLOW,OECD.SDD.STES:DSD_STES@DF_FINMARK(4.0),Financial market,I,NLD,Netherlands,M,Monthly,SHARE,Share prices,IX,Index,_Z,Not applicable,_Z,Not applicable,_Z,Not applicable,_Z,Not applicable,N,National,2025-08,,167.3211,,A,Normal value,0,Units,2,Two,2015,
DATAFLOW,OECD.SDD.STES:DSD_STES@DF_FINMARK(4.0),Financial market,I,NLD,Netherlands,M,Monthly,SHARE,Share prices,IX,Index,_Z,Not applicable,_Z,Not applicable,_Z,Not applicable,_Z,Not applicable,N,National,2025-07,,169.4927,,A,Normal value,0,Units,2,Two,2015,
DATAFLOW,OECD.SDD.STES:DSD_STES@DF_FINMARK(4.0),Financial market,I,NLD,Netherlands,M,Monthly,SHARE,Share prices,IX,Index,_Z,Not applicable,_Z,Not applicable,_Z,Not applicable,_Z,Not applicable,N,National,2025-06,,170.289,,A,Normal value,0,Units,2,Two,2015,
DATAFLOW,OECD.SDD.STES:DSD_STES@DF_FINMARK(4.0),Financial market,I,NLD,Netherlands,M,Monthly,SHARE,Share prices,IX,Index,_Z,Not applicable,_Z,Not applicable,_Z,Not applicable,_Z,Not applicable,N,National,2025-05,,168.7693,,A,Normal value,0,Units,2,Two,2015,
DATAFLOW,OECD.SDD.STES:DSD_STES@DF_FINMARK(4.0),Financial market,I,NLD,Netherlands,M,Monthly,SHARE,Share prices,IX,Index,_Z,Not applicable,_Z,Not applicable,_Z,Not applicable,_Z,Not applicable,N,National,2025-04,,156.3495,,A,Normal value,0,Units,2,Two,2015,
DATAFLOW,OECD.SDD.STES:DSD_STES@DF_FINMARK(4.0),Financial market,I,NLD,Netherlands,M,Monthly,SHARE,Share prices,IX,Index,_Z,Not applicable,_Z,Not applicable,_Z,Not applicable,_Z,Not applicable,N,National,2025-03,,168.2155,,A,Normal value,0,Units,2,Two,2015,
DATAFLOW,OECD.SDD.STES:DSD_STES@DF_FINMARK(4.0),Financial market,I,NLD,Netherlands,M,Monthly,SHARE,Share prices,IX,Index,_Z,Not applicable,_Z,Not applicable,_Z,Not applicable,_Z,Not applicable,N,National,2025-02,,171.8872,,A,Normal value,0,Units,2,Two,2015,
DATAFLOW,OECD.SDD.STES:DSD_STES@DF_FINMARK(4.0),Financial market,I,NLD,Netherlands,M,Monthly,SHARE,Share prices,IX,Index,_Z,Not applicable,_Z,Not applicable,_Z,Not applicable,_Z,Not applicable,N,National,2025-01,,165.0794,,A,Normal value,0,Units,2,Two,2015,
DATAFLOW,OECD.SDD.STES:DSD_STES@DF_FINMARK(4.0),Financial market,I,NLD,Netherlands,M,Monthly,SHARE,Share prices,IX,Index,_Z,Not applicable,_Z,Not applicable,_Z,Not applicable,_Z,Not applicable,N,National,2024-12,,162.891,,A,Normal value,0,Units,2,Two,2015,
DATAFLOW,OECD.SDD.STES:DSD_STES@DF_FINMARK(4.0),Financial market,I,NLD,Netherlands,M,Monthly,SHARE,Share prices,IX,Index,_Z,Not applicable,_Z,Not applicable,_Z,Not applicable,_Z,Not applicable,N,National,2024-11,,159.9932,,A,Normal value,0,Units,2,Two,2015,
DATAFLOW,OECD.SDD.STES:DSD_STES@DF_FINMARK(4.0),Financial market,I,NLD,Netherlands,M,Monthly,SHARE,Share prices,IX,Index,_Z,Not applicable,_Z,Not applicable,_Z,Not applicable,_Z,Not applicable,N,National,2024-10,,165.6598,,A,Normal value,0,Units,2,Two,2015,
DATAFLOW,OECD.SDD.STES:DSD_STES@DF_FINMARK(4.0),Financial market,I,NLD,Netherlands,M,Monthly,SHARE,Share prices,IX,Index,_Z,Not applicable,_Z,Not applicable,_Z,Not applicable,_Z,Not applicable,N,National,2024-09,,165.2168,,A,Normal value,0,Units,2,Two,2015,
DATAFLOW,OECD.SDD.STES:DSD_STES@DF_FINMARK(4.0),Financial market,I,NLD,Netherlands,M,Monthly,SHARE,Share prices,IX,Index,_Z,Not applicable,_Z,Not applicable,_Z,Not applicable,_Z,Not applicable,N,National,2024-08,,166.2935,,A,Normal value,0,Units,2,Two,2015,
DATAFLOW,OECD.SDD.STES:DSD_STES@DF_FINMARK(4.0),Financial market,I,NLD,Netherlands,M,Monthly,SHARE,Share prices,IX,Index,_Z,Not applicable,_Z,Not applicable,_Z,Not applicable,_Z,Not applicable,N,National,2024-07,,173.2162,,A,Normal value,0,Units,2,Two,2015,
DATAFLOW,OECD.SDD.STES:DSD_STES@DF_FINMARK(4.0),Financial market,I,NLD,Netherlands,M,Monthly,SHARE,Share prices,IX,Index,_Z,Not applicable,_Z,Not applicable,_Z,Not applicable,_Z,Not applicable,N,National,2024-06,,174.8663,,A,Normal value,0,Units,2,Two,2015,
DATAFLOW,OECD.SDD.STES:DSD_STES@DF_FINMARK(4.0),Financial market,I,NLD,Netherlands,M,Monthly,SHARE,Share prices,IX,Index,_Z,Not applicable,_Z,Not applicable,_Z,Not applicable,_Z,Not applicable,N,National,2024-05,,171.4933,,A,Normal value,0,Units,2,Two,2015,
DATAFLOW,OECD.SDD.STES:DSD_STES@DF_FINMARK(4.0),Financial market,I,NLD,Netherlands,M,Monthly,SHARE,Share prices,IX,Index,_Z,Not applicable,_Z,Not applicable,_Z,Not applicable,_Z,Not applicable,N,National,2024-04,,166.9874,,A,Normal value,0,Units,2,Two,2015,
DATAFLOW,OECD.SDD.STES:DSD_STES@DF_FINMARK(4.0),Financial market,I,NLD,Netherlands,M,Monthly,SHARE,Share prices,IX,Index,_Z,Not applicable,_Z,Not applicable,_Z,Not applicable,_Z,Not applicable,N,National,2024-03,,164.5789,,A,Normal value,0,Units,2,Two,2015,
DATAFLOW,OECD.SDD.STES:DSD_STES@DF_FINMARK(4.0),Financial market,I,NLD,Netherlands,M,Monthly,SHARE,Share prices,IX,Index,_Z,Not applicable,_Z,Not applicable,_Z,Not applicable,_Z,Not applicable,N,National,2024-02,,161.1428,,A,Normal value,0,Units,2,Two,2015,
DATAFLOW,OECD.SDD.STES:DSD_STES@DF_FINMARK(4.0),Financial market,I,NLD,Netherlands,M,Monthly,SHARE,Share prices,IX,Index,_Z,Not applicable,_Z,Not applicable,_Z,Not applicable,_Z,Not applicable,N,National,2024-01,,150.4432,,A,Normal value,0,Units,2,Two,2015,
DATAFLOW,OECD.SDD.STES:DSD_STES@DF_FINMARK(4.0),Financial market,I,NLD,Netherlands,M,Monthly,SHARE,Share prices,IX,Index,_Z,Not applicable,_Z,Not applicable,_Z,Not applicable,_Z,Not applicable,N,National,2023-12,,149.159,,A,Normal value,0,Units,2,Two,2015,
DATAFLOW,OECD.SDD.STES:DSD_STES@DF_FINMARK(4.0),Financial market,I,NLD,Netherlands,M,Monthly,SHARE,Share prices,IX,Index,_Z,Not applicable,_Z,Not applicable,_Z,Not applicable,_Z,Not applicable,N,National,2023-11,,142.4227,,A,Normal value,0,Units,2,Two,2015,
DATAFLOW,OECD.SDD.STES:DSD_STES@DF_FINMARK(4.0),Financial market,I,NLD,Netherlands,M,Monthly,SHARE,Share prices,IX,Index,_Z,Not applicable,_Z,Not applicable,_Z,Not applicable,_Z,Not applicable,N,National,2023-10,,137.1318,,A,Normal value,0,Units,2,Two,2015,
DATAFLOW,OECD.SDD.STES:DSD_STES@DF_FINMARK(4.0),Financial market,I,NLD,Netherlands,M,Monthly,SHARE,Share prices,IX,Index,_Z,Not applicable,_Z,Not applicable,_Z,Not applicable,_Z,Not applicable,N,National,2023-09,,139.6525,,A,Normal value,0,Units,2,Two,2015,
DATAFLOW,OECD.SDD.STES:DSD_STES@DF_FINMARK(4.0),Financial market,I,NLD,Netherlands,M,Monthly,SHARE,Share prices,IX,Index,_Z,Not applicable,_Z,Not applicable,_Z,Not applicable,_Z,Not applicable,N,National,2023-08,,142.9653,,A,Normal value,0,Units,2,Two,2015,
DATAFLOW,OECD.SDD.STES:DSD_STES@DF_FINMARK(4.0),Financial market,I,NLD,Netherlands,M,Monthly,SHARE,Share prices,IX,Index,_Z,Not applicable,_Z,Not applicable,_Z,Not applicable,_Z,Not applicable,N,National,2023-07,,146.2234,,A,Normal value,0,Units,2,Two,2015,
DATAFLOW,OECD.SDD.STES:DSD_STES@DF_FINMARK(4.0),Financial market,I,NLD,Netherlands,M,Monthly,SHARE,Share prices,IX,Index,_Z,Not applicable,_Z,Not applicable,_Z,Not applicable,_Z,Not applicable,N,National,2023-06,,144.6504,,A,Normal value,0,Units,2,Two,2015,
DATAFLOW,OECD.SDD.STES:DSD_STES@DF_FINMARK(4.0),Financial market,I,NLD,Netherlands,M,Monthly,SHARE,Share prices,IX,Index,_Z,Not applicable,_Z,Not applicable,_Z,Not applicable,_Z,Not applicable,N,National,2023-05,,143.4433,,A,Normal value,0,Units,2,Two,2015,
DATAFLOW,OECD.SDD.STES:DSD_STES@DF_FINMARK(4.0),Financial market,I,NLD,Netherlands,M,Monthly,SHARE,Share prices,IX,Index,_Z,Not applicable,_Z,Not applicable,_Z,Not applicable,_Z,Not applicable,N,National,2023-04,,144.1036,,A,Normal value,0,Units,2,Two,2015,
DATAFLOW,OECD.SDD.STES:DSD_STES@DF_FINMARK(4.0),Financial market,I,CHE,Switzerland,M,Monthly,SHARE,Share prices,IX,Index,_Z,Not applicable,_Z,Not applicable,_Z,Not applicable,_Z,Not applicable,N,National,2023-08,,125.6991,,A,Normal value,0,Units,2,Two,2015,
DATAFLOW,OECD.SDD.STES:DSD_STES@DF_FINMARK(4.0),Financial market,I,CHE,Switzerland,M,Monthly,SHARE,Share prices,IX,Index,_Z,Not applicable,_Z,Not applicable,_Z,Not applicable,_Z,Not applicable,N,National,2023-07,,126.8125,,A,Normal value,0,Units,2,Two,2015,
DATAFLOW,OECD.SDD.STES:DSD_STES@DF_FINMARK(4.0),Financial market,I,CHE,Switzerland,M,Monthly,SHARE,Share prices,IX,Index,_Z,Not applicable,_Z,Not applicable,_Z,Not applicable,_Z,Not applicable,N,National,2023-06,,128.2329,,A,Normal value,0,Units,2,Two,2015,
DATAFLOW,OECD.SDD.STES:DSD_STES@DF_FINMARK(4.0),Financial market,I,CHE,Switzerland,M,Monthly,SHARE,Share prices,IX,Index,_Z,Not applicable,_Z,Not applicable,_Z,Not applicable,_Z,Not applicable,N,National,2023-05,,130.6739,,A,Normal value,0,Units,2,Two,2015,
DATAFLOW,OECD.SDD.STES:DSD_STES@DF_FINMARK(4.0),Financial market,I,CHE,Switzerland,M,Monthly,SHARE,Share prices,IX,Index,_Z,Not applicable,_Z,Not applicable,_Z,Not applicable,_Z,Not applicable,N,National,2023-04,,129.356,,A,Normal value,0,Units,2,Two,2015,
DATAFLOW,OECD.SDD.STES:DSD_STES@DF_FINMARK(4.0),Financial market,I,CHE,Switzerland,M,Monthly,SHARE,Share prices,IX,Index,_Z,Not applicable,_Z,Not applicable,_Z,Not applicable,_Z,Not applicable,N,National,2023-03,,124.77,,A,Normal value,0,Units,2,Two,2015,
DATAFLOW,OECD.SDD.STES:DSD_STES@DF_FINMARK(4.0),Financial market,I,CHE,Switzerland,M,Monthly,SHARE,Share prices,IX,Index,_Z,Not applicable,_Z,Not applicable,_Z,Not applicable,_Z,Not applicable,N,National,2023-02,,128.4929,,A,Normal value,0,Units,2,Two,2015,
DATAFLOW,OECD.SDD.STES:DSD_STES@DF_FINMARK(4.0),Financial market,I,CHE,Switzerland,M,Monthly,SHARE,Share prices,IX,Index,_Z,Not applicable,_Z,Not applicable,_Z,Not applicable,_Z,Not applicable,N,National,2023-01,,128.1785,,A,Normal value,0,Units,2,Two,2015,
DATAFLOW,OECD.SDD.STES:DSD_STES@DF_FINMARK(4.0),Financial market,I,CHE,Switzerland,M,Monthly,SHARE,Share prices,IX,Index,_Z,Not applicable,_Z,Not applicable,_Z,Not applicable,_Z,Not applicable,N,National,2022-12,,124.1206,,A,Normal value,0,Units,2,Two,2015,
DATAFLOW,OECD.SDD.STES:DSD_STES@DF_FINMARK(4.0),Financial market,I,CHE,Switzerland,M,Monthly,SHARE,Share prices,IX,Index,_Z,Not applicable,_Z,Not applicable,_Z,Not applicable,_Z,Not applicable,N,National,2022-11,,124.7747,,A,Normal value,0,Units,2,Two,2015,
DATAFLOW,OECD.SDD.STES:DSD_STES@DF_FINMARK(4.0),Financial market,I,CHE,Switzerland,M,Monthly,SHARE,Share prices,IX,Index,_Z,Not applicable,_Z,Not applicable,_Z,Not applicable,_Z,Not applicable,N,National,2022-10,,119.1282,,A,Normal value,0,Units,2,Two,2015,
DATAFLOW,OECD.SDD.STES:DSD_STES@DF_FINMARK(4.0),Financial market,I,CHE,Switzerland,M,Monthly,SHARE,Share prices,IX,Index,_Z,Not applicable,_Z,Not applicable,_Z,Not applicable,_Z,Not applicable,N,National,2022-09,,120.4906,,A,Normal value,0,Units,2,Two,2015,
DATAFLOW,OECD.SDD.STES:DSD_STES@DF_FINMARK(4.0),Financial market,I,CHE,Switzerland,M,Monthly,SHARE,Share prices,IX,Index,_Z,Not applicable,_Z,Not applicable,_Z,Not applicable,_Z,Not applicable,N,National,2022-08,,127.5997,,A,Normal value,0,Units,2,Two,2015,
DATAFLOW,OECD.SDD.STES:DSD_STES@DF_FINMARK(4.0),Financial market,I,CHE,Switzerland,M,Monthly,SHARE,Share prices,IX,Index,_Z,Not applicable,_Z,Not applicable,_Z,Not applicable,_Z,Not applicable,N,National,2022-07,,126.2662,,A,Normal value,0,Units,2,Two,2015,
DATAFLOW,OECD.SDD.STES:DSD_STES@DF_FINMARK(4.0),Financial market,I,CHE,Switzerland,M,Monthly,SHARE,Share prices,IX,Index,_Z,Not applicable,_Z,Not applicable,_Z,Not applicable,_Z,Not applicable,N,National,2022-06,,125.3428,,A,Normal value,0,Units,2,Two,2015,
DATAFLOW,OECD.SDD.STES:DSD_STES@DF_FINMARK(4.0),Financial market,I,CHE,Switzerland,M,Monthly,SHARE,Share prices,IX,Index,_Z,Not applicable,_Z,Not applicable,_Z,Not applicable,_Z,Not applicable,N,National,2022-05,,133.0707,,A,Normal value,0,Units,2,Two,2015,
DATAFLOW,OECD.SDD.STES:DSD_STES@DF_FINMARK(4.0),Financial market,I,CHE,Switzerland,M,Monthly,SHARE,Share prices,IX,Index,_Z,Not applicable,_Z,Not applicable,_Z,Not applicable,_Z,Not applicable,N,National,2022-04,,141.1853,,A,Normal value,0,Units,2,Two,2015,
DATAFLOW,OECD.SDD.STES:DSD_STES@DF_FINMARK(4.0),Financial market,I,CHE,Switzerland,M,Monthly,SHARE,Share prices,IX,Index,_Z,Not applicable,_Z,Not applicable,_Z,Not applicable,_Z,Not applicable,N,National,2022-03,,136.7586,,A,Normal value,0,Units,2,Two,2015,
DATAFLOW,OECD.SDD.STES:DSD_STES@DF_FINMARK(4.0),Financial market,I,CHE,Switzerland,M,Monthly,SHARE,Share prices,IX,Index,_Z,Not applicable,_Z,Not applicable,_Z,Not applicable,_Z,Not applicable,N,National,2022-02,,139.8382,,A,Normal value,0,Units,2,Two,2015,
DATAFLOW,OECD.SDD.STES:DSD_STES@DF_FINMARK(4.0),Financial market,I,CHE,Switzerland,M,Monthly,SHARE,Share prices,IX,Index,_Z,Not applicable,_Z,Not applicable,_Z,Not applicable,_Z,Not applicable,N,National,2022-01,,144.9727,,A,Normal value,0,Units,2,Two,2015,
DATAFLOW,OECD.SDD.STES:DSD_STES@DF_FINMARK(4.0),Financial market,I,CHE,Switzerland,M,Monthly,SHARE,Share prices,IX,Index,_Z,Not applicable,_Z,Not applicable,_Z,Not applicable,_Z,Not applicable,N,National,2021-12,,147.2311,,A,Normal value,0,Units,2,Two,2015,
DATAFLOW,OECD.SDD.STES:DSD_STES@DF_FINMARK(4.0),Financial market,I,CHE,Switzerland,M,Monthly,SHARE,Share prices,IX,Index,_Z,Not applicable,_Z,Not applicable,_Z,Not applicable,_Z,Not applicable,N,National,2021-11,,145.5422,,A,Normal value,0,Units,2,Two,2015,
DATAFLOW,OECD.SDD.STES:DSD_STES@DF_FINMARK(4.0),Financial market,I,CHE,Switzerland,M,Monthly,SHARE,Share prices,IX,Index,_Z,Not applicable,_Z,Not applicable,_Z,Not applicable,_Z,Not applicable,N,National,2021-10,,139.8037,,A,Normal value,0,Units,2,Two,2015,
DATAFLOW,OECD.SDD.STES:DSD_STES@DF_FINMARK(4.0),Financial market,I,CHE,Switzerland,M,Monthly,SHARE,Share prices,IX,Index,_Z,Not applicable,_Z,Not applicable,_Z,Not applicable,_Z,Not applicable,N,National,2021-09,,141.6515,,A,Normal value,0,Units,2,Two,2015,
DATAFLOW,OECD.SDD.STES:DSD_STES@DF_FINMARK(4.0),Financial market,I,CHE,Switzerland,M,Monthly,SHARE,Share prices,IX,Index,_Z,Not applicable,_Z,Not applicable,_Z,Not applicable,_Z,Not applicable,N,National,2021-08,,144.9178,,A,Normal value,0,Units,2,Two,2015,
DATAFLOW,OECD.SDD.STES:DSD_STES@DF_FINMARK(4.0),Financial market,I,CHE,Switzerland,M,Monthly,SHARE,Share prices,IX,Index,_Z,Not applicable,_Z,Not applicable,_Z,Not applicable,_Z,Not applicable,N,National,2021-07,,141.1449,,A,Normal value,0,Units,2,Two,2015,
DATAFLOW,OECD.SDD.STES:DSD_STES@DF_FINMARK(4.0),Financial market,I,CHE,Switzerland,M,Monthly,SHARE,Share prices,IX,Index,_Z,Not applicable,_Z,Not applicable,_Z,Not applicable,_Z,Not applicable,N,National,2021-06,,138.8929,,A,Normal value,0,Units,2,Two,2015,
DATAFLOW,OECD.SDD.STES:DSD_STES@DF_FINMARK(4.0),Financial market,I,CHE,Switzerland,M,Monthly,SHARE,Share prices,IX,Index,_Z,Not applicable,_Z,Not applicable,_Z,Not applicable,_Z,Not applicable,N,National,2021-05,,131.188,,A,Normal value,0,Units,2,Two,2015,
DATAFLOW,OECD.SDD.STES:DSD_STES@DF_FINMARK(4.0),Financial market,I,CHE,Switzerland,M,Monthly,SHARE,Share prices,IX,Index,_Z,Not applicable,_Z,Not applicable,_Z,Not applicable,_Z,Not applicable,N,National,2021-04,,131.3461,,A,Normal value,0,Units,2,Two,2015,
DATAFLOW,OECD.SDD.STES:DSD_STES@DF_FINMARK(4.0),Financial market,I,CHE,Switzerland,M,Monthly,SHARE,Share prices,IX,Index,_Z,Not applicable,_Z,Not applicable,_Z,Not applicable,_Z,Not applicable,N,National,2021-03,,127.8918,,A,Normal value,0,Units,2,Two,2015,
DATAFLOW,OECD.SDD.STES:DSD_STES@DF_FINMARK(4.0),Financial market,I,CHE,Switzerland,M,Monthly,SHARE,Share prices,IX,Index,_Z,Not applicable,_Z,Not applicable,_Z,Not applicable,_Z,Not applicable,N,National,2021-02,,125.8398,,A,Normal value,0,Units,2,Two,2015,
DATAFLOW,OECD.SDD.STES:DSD_STES@DF_FINMARK(4.0),Financial market,I,CHE,Switzerland,M,Monthly,SHARE,Share prices,IX,Index,_Z,Not applicable,_Z,Not applicable,_Z,Not applicable,_Z,Not applicable,N,National,2021-01,,126.0927,,A,Normal value,0,Units,2,Two,2015,
DATAFLOW,OECD.SDD.STES:DSD_STES@DF_FINMARK(4.0),Financial market,I,CHE,Switzerland,M,Monthly,SHARE,Share prices,IX,Index,_Z,Not applicable,_Z,Not applicable,_Z,Not applicable,_Z,Not applicable,N,National,2020-12,,121.9143,,A,Normal value,0,Units,2,Two,2015,
DATAFLOW,OECD.SDD.STES:DSD_STES@DF_FINMARK(4.0),Financial market,I,CAN,Canada,M,Monthly,SHARE,Share prices,IX,Index,_Z,Not applicable,_Z,Not applicable,_Z,Not applicable,_Z,Not applicable,N,National,2025-12,,220.1099,,A,Normal value,0,Units,2,Two,2015,
DATAFLOW,OECD.SDD.STES:DSD_STES@DF_FINMARK(4.0),Financial market,I,CAN,Canada,M,Monthly,SHARE,Share prices,IX,Index,_Z,Not applicable,_Z,Not applicable,_Z,Not applicable,_Z,Not applicable,N,National,2025-11,,211.936,,A,Normal value,0,Units,2,Two,2015,
DATAFLOW,OECD.SDD.STES:DSD_STES@DF_FINMARK(4.0),Financial market,I,CAN,Canada,M,Monthly,SHARE,Share prices,IX,Index,_Z,Not applicable,_Z,Not applicable,_Z,Not applicable,_Z,Not applicable,N,National,2025-10,,210.9657,,A,Normal value,0,Units,2,Two,2015,
DATAFLOW,OECD.SDD.STES:DSD_STES@DF_FINMARK(4.0),Financial market,I,CAN,Canada,M,Monthly,SHARE,Share prices,IX,Index,_Z,Not applicable,_Z,Not applicable,_Z,Not applicable,_Z,Not applicable,N,National,2025-09,,204.8339,,A,Normal value,0,Units,2,Two,2015,
DATAFLOW,OECD.SDD.STES:DSD_STES@DF_FINMARK(4.0),Financial market,I,CAN,Canada,M,Monthly,SHARE,Share prices,IX,Index,_Z,Not applicable,_Z,Not applicable,_Z,Not applicable,_Z,Not applicable,N,National,2025-08,,194.7787,,A,Normal value,0,Units,2,Two,2015,
DATAFLOW,OECD.SDD.STES:DSD_STES@DF_FINMARK(4.0),Financial market,I,CAN,Canada,M,Monthly,SHARE,Share prices,IX,Index,_Z,Not applicable,_Z,Not applicable,_Z,Not applicable,_Z,Not applicable,N,National,2025-07,,189.6443,,A,Normal value,0,Units,2,Two,2015,
DATAFLOW,OECD.SDD.STES:DSD_STES@DF_FINMARK(4.0),Financial market,I,CAN,Canada,M,Monthly,SHARE,Share prices,IX,Index,_Z,Not applicable,_Z,Not applicable,_Z,Not applicable,_Z,Not applicable,N,National,2025-06,,185.0524,,A,Normal value,0,Units,2,Two,2015,
DATAFLOW,OECD.SDD.STES:DSD_STES@DF_FINMARK(4.0),Financial market,I,CAN,Canada,M,Monthly,SHARE,Share prices,IX,Index,_Z,Not applicable,_Z,Not applicable,_Z,Not applicable,_Z,Not applicable,N,National,2025-05,,179.0564,,A,Normal value,0,Units,2,Two,2015,
DATAFLOW,OECD.SDD.STES:DSD_STES@DF_FINMARK(4.0),Financial market,I,CAN,Canada,M,Monthly,SHARE,Share prices,IX,Index,_Z,Not applicable,_Z,Not applicable,_Z,Not applicable,_Z,Not applicable,N,National,2025-04,,168.241,,A,Normal value,0,Units,2,Two,2015,
DATAFLOW,OECD.SDD.STES:DSD_STES@DF_FINMARK(4.0),Financial market,I,CAN,Canada,M,Monthly,SHARE,Share prices,IX,Index,_Z,Not applicable,_Z,Not applicable,_Z,Not applicable,_Z,Not applicable,N,National,2025-03,,172.9629,,A,Normal value,0,Units,2,Two,2015,
DATAFLOW,OECD.SDD.STES:DSD_STES@DF_FINMARK(4.0),Financial market,I,CAN,Canada,M,Monthly,SHARE,Share prices,IX,Index,_Z,Not applicable,_Z,Not applicable,_Z,Not applicable,_Z,Not applicable,N,National,2025-02,,177.3922,,A,Normal value,0,Units,2,Two,2015,
DATAFLOW,OECD.SDD.STES:DSD_STES@DF_FINMARK(4.0),Financial market,I,CAN,Canada,M,Monthly,SHARE,Share prices,IX,Index,_Z,Not applicable,_Z,Not applicable,_Z,Not applicable,_Z,Not applicable,N,National,2025-01,,175.119,,A,Normal value,0,Units,2,Two,2015,
DATAFLOW,OECD.SDD.STES:DSD_STES@DF_FINMARK(4.0),Financial market,I,CAN,Canada,M,Monthly,SHARE,Share prices,IX,Index,_Z,Not applicable,_Z,Not applicable,_Z,Not applicable,_Z,Not applicable,N,National,2024-12,,175.2943,,A,Normal value,0,Units,2,Two,2015,
DATAFLOW,OECD.SDD.STES:DSD_STES@DF_FINMARK(4.0),Financial market,I,CAN,Canada,M,Monthly,SHARE,Share prices,IX,Index,_Z,Not applicable,_Z,Not applicable,_Z,Not applicable,_Z,Not applicable,N,National,2024-11,,174.3944,,A,Normal value,0,Units,2,Two,2015,
DATAFLOW,OECD.SDD.STES:DSD_STES@DF_FINMARK(4.0),Financial market,I,CAN,Canada,M,Monthly,SHARE,Share prices,IX,Index,_Z,Not applicable,_Z,Not applicable,_Z,Not applicable,_Z,Not applicable,N,National,2024-10,,170.148,,A,Normal value,0,Units,2,Two,2015,
DATAFLOW,OECD.SDD.STES:DSD_STES@DF_FINMARK(4.0),Financial market,I,CAN,Canada,M,Monthly,SHARE,Share prices,IX,Index,_Z,Not applicable,_Z,Not applicable,_Z,Not applicable,_Z,Not applicable,N,National,2024-09,,164.0318,,A,Normal value,0,Units,2,Two,2015,
DATAFLOW,OECD.SDD.STES:DSD_STES@DF_FINMARK(4.0),Financial market,I,CAN,Canada,M,Monthly,SHARE,Share prices,IX,Index,_Z,Not applicable,_Z,Not applicable,_Z,Not applicable,_Z,Not applicable,N,National,2024-08,,158.9263,,A,Normal value,0,Units,2,Two,2015,
DATAFLOW,OECD.SDD.STES:DSD_STES@DF_FINMARK(4.0),Financial market,I,CAN,Canada,M,Monthly,SHARE,Share prices,IX,Index,_Z,Not applicable,_Z,Not applicable,_Z,Not applicable,_Z,Not applicable,N,National,2024-07,,157.2388,,A,Normal value,0,Units,2,Two,2015,
DATAFLOW,OECD.SDD.STES:DSD_STES@DF_FINMARK(4.0),Financial market,I,CAN,Canada,M,Monthly,SHARE,Share prices,IX,Index,_Z,Not applicable,_Z,Not applicable,_Z,Not applicable,_Z,Not applicable,N,National,2024-06,,152.3224,,A,Normal value,0,Units,2,Two,2015,
DATAFLOW,OECD.SDD.STES:DSD_STES@DF_FINMARK(4.0),Financial market,I,CAN,Canada,M,Monthly,SHARE,Share prices,IX,Index,_Z,Not applicable,_Z,Not applicable,_Z,Not applicable,_Z,Not applicable,N,National,2024-05,,155.011,,A,Normal value,0,Units,2,Two,2015,
DATAFLOW,OECD.SDD.STES:DSD_STES@DF_FINMARK(4.0),Financial market,I,CAN,Canada,M,Monthly,SHARE,Share prices,IX,Index,_Z,Not applicable,_Z,Not applicable,_Z,Not applicable,_Z,Not applicable,N,National,2024-04,,153.2408,,A,Normal value,0,Units,2,Two,2015,
DATAFLOW,OECD.SDD.STES:DSD_STES@DF_FINMARK(4.0),Financial market,I,CAN,Canada,M,Monthly,SHARE,Share prices,IX,Index,_Z,Not applicable,_Z,Not applicable,_Z,Not applicable,_Z,Not applicable,N,National,2024-03,,152.4622,,A,Normal value,0,Units,2,Two,2015,
DATAFLOW,OECD.SDD.STES:DSD_STES@DF_FINMARK(4.0),Financial market,I,CAN,Canada,M,Monthly,SHARE,Share prices,IX,Index,_Z,Not applicable,_Z,Not applicable,_Z,Not applicable,_Z,Not applicable,N,National,2024-02,,147.3095,,A,Normal value,0,Units,2,Two,2015,
DATAFLOW,OECD.SDD.STES:DSD_STES@DF_FINMARK(4.0),Financial market,I,CAN,Canada,M,Monthly,SHARE,Share prices,IX,Index,_Z,Not applicable,_Z,Not applicable,_Z,Not applicable,_Z,Not applicable,N,National,2024-01,,146.2804,,A,Normal value,0,Units,2,Two,2015,
DATAFLOW,OECD.SDD.STES:DSD_STES@DF_FINMARK(4.0),Financial market,I,CAN,Canada,M,Monthly,SHARE,Share prices,IX,Index,_Z,Not applicable,_Z,Not applicable,_Z,Not applicable,_Z,Not applicable,N,National,2023-12,,143.7925,,A,Normal value,0,Units,2,Two,2015,
DATAFLOW,OECD.SDD.STES:DSD_STES@DF_FINMARK(4.0),Financial market,I,CAN,Canada,M,Monthly,SHARE,Share prices,IX,Index,_Z,Not applicable,_Z,Not applicable,_Z,Not applicable,_Z,Not applicable,N,National,2023-11,,138.7668,,A,Normal value,0,Units,2,Two,2015,
DATAFLOW,OECD.SDD.STES:DSD_STES@DF_FINMARK(4.0),Financial market,I,CAN,Canada,M,Monthly,SHARE,Share prices,IX,Index,_Z,Not applicable,_Z,Not applicable,_Z,Not applicable,_Z,Not applicable,N,National,2023-10,,133.9453,,A,Normal value,0,Units,2,Two,2015,
DATAFLOW,OECD.SDD.STES:DSD_STES@DF_FINMARK(4.0),Financial market,I,CAN,Canada,M,Monthly,SHARE,Share prices,IX,Index,_Z,Not applicable,_Z,Not applicable,_Z,Not applicable,_Z,Not applicable,N,National,2023-09,,140.2214,,A,Normal value,0,Units,2,Two,2015,
DATAFLOW,OECD.SDD.STES:DSD_STES@DF_FINMARK(4.0),Financial market,I,CAN,Canada,M,Monthly,SHARE,Share prices,IX,Index,_Z,Not applicable,_Z,Not applicable,_Z,Not applicable,_Z,Not applicable,N,National,2023-08,,140.1464,,A,Normal value,0,Units,2,Two,2015,
DATAFLOW,OECD.SDD.STES:DSD_STES@DF_FINMARK(4.0),Financial market,I,CAN,Canada,M,Monthly,SHARE,Share prices,IX,Index,_Z,Not applicable,_Z,Not applicable,_Z,Not applicable,_Z,Not applicable,N,National,2023-07,,141.3794,,A,Normal value,0,Units,2,Two,2015,
DATAFLOW,OECD.SDD.STES:DSD_STES@DF_FINMARK(4.0),Financial market,I,CAN,Canada,M,Monthly,SHARE,Share prices,IX,Index,_Z,Not applicable,_Z,Not applicable,_Z,Not applicable,_Z,Not applicable,N,National,2023-06,,138.5384,,A,Normal value,0,Units,2,Two,2015,
DATAFLOW,OECD.SDD.STES:DSD_STES@DF_FINMARK(4.0),Financial market,I,CAN,Canada,M,Monthly,SHARE,Share prices,IX,Index,_Z,Not applicable,_Z,Not applicable,_Z,Not applicable,_Z,Not applicable,N,National,2023-05,,141.2347,,A,Normal value,0,Units,2,Two,2015,
DATAFLOW,OECD.SDD.STES:DSD_STES@DF_FINMARK(4.0),Financial market,I,CAN,Canada,M,Monthly,SHARE,Share prices,IX,Index,_Z,Not applicable,_Z,Not applicable,_Z,Not applicable,_Z,Not applicable,N,National,2023-04,,142.7487,,A,Normal value,0,Units,2,Two,2015,
DATAFLOW,OECD.SDD.STES:DSD_STES@DF_FINMARK(4.0),Financial market,I,CAN,Canada,M,Monthly,SHARE,Share prices,IX,Index,_Z,Not applicable,_Z,Not applicable,_Z,Not applicable,_Z,Not applicable,N,National,2023-03,,138.4465,,A,Normal value,0,Units,2,Two,2015,
DATAFLOW,OECD.SDD.STES:DSD_STES@DF_FINMARK(4.0),Financial market,I,CAN,Canada,M,Monthly,SHARE,Share prices,IX,Index,_Z,Not applicable,_Z,Not applicable,_Z,Not applicable,_Z,Not applicable,N,National,2023-02,,143.1723,,A,Normal value,0,Units,2,Two,2015,
DATAFLOW,OECD.SDD.STES:DSD_STES@DF_FINMARK(4.0),Financial market,I,CAN,Canada,M,Monthly,SHARE,Share prices,IX,Index,_Z,Not applicable,_Z,Not applicable,_Z,Not applicable,_Z,Not applicable,N,National,2023-01,,140.9926,,A,Normal value,0,Units,2,Two,2015,
DATAFLOW,OECD.SDD.STES:DSD_STES@DF_FINMARK(4.0),Financial market,I,CAN,Canada,M,Monthly,SHARE,Share prices,IX,Index,_Z,Not applicable,_Z,Not applicable,_Z,Not applicable,_Z,Not applicable,N,National,2022-12,,137.6451,,A,Normal value,0,Units,2,Two,2015,
DATAFLOW,OECD.SDD.STES:DSD_STES@DF_FINMARK(4.0),Financial market,I,CAN,Canada,M,Monthly,SHARE,Share prices,IX,Index,_Z,Not applicable,_Z,Not applicable,_Z,Not applicable,_Z,Not applicable,N,National,2022-11,,138.8564,,A,Normal value,0,Units,2,Two,2015,
DATAFLOW,OECD.SDD.STES:DSD_STES@DF_FINMARK(4.0),Financial market,I,CAN,Canada,M,Monthly,SHARE,Share prices,IX,Index,_Z,Not applicable,_Z,Not applicable,_Z,Not applicable,_Z,Not applicable,N,National,2022-10,,131.5332,,A,Normal value,0,Units,2,Two,2015,
DATAFLOW,OECD.SDD.STES:DSD_STES@DF_FINMARK(4.0),Financial market,I,CAN,Canada,M,Monthly,SHARE,Share prices,IX,Index,_Z,Not applicable,_Z,Not applicable,_Z,Not applicable,_Z,Not applicable,N,National,2022-09,,133.5429,,A,Normal value,0,Units,2,Two,2015,
DATAFLOW,OECD.SDD.STES:DSD_STES@DF_FINMARK(4.0),Financial market,I,CAN,Canada,M,Monthly,SHARE,Share prices,IX,Index,_Z,Not applicable,_Z,Not applicable,_Z,Not applicable,_Z,Not applicable,N,National,2022-08,,138.5578,,A,Normal value,0,Units,2,Two,2015,
DATAFLOW,OECD.SDD.STES:DSD_STES@DF_FINMARK(4.0),Financial market,I,CAN,Canada,M,Monthly,SHARE,Share prices,IX,Index,_Z,Not applicable,_Z,Not applicable,_Z,Not applicable,_Z,Not applicable,N,National,2022-07,,131.9919,,A,Normal value,0,Units,2,Two,2015,
DATAFLOW,OECD.SDD.STES:DSD_STES@DF_FINMARK(4.0),Financial market,I,CAN,Canada,M,Monthly,SHARE,Share prices,IX,Index,_Z,Not applicable,_Z,Not applicable,_Z,Not applicable,_Z,Not applicable,N,National,2022-06,,137.703,,A,Normal value,0,Units,2,Two,2015,
DATAFLOW,OECD.SDD.STES:DSD_STES@DF_FINMARK(4.0),Financial market,I,CAN,Canada,M,Monthly,SHARE,Share prices,IX,Index,_Z,Not applicable,_Z,Not applicable,_Z,Not applicable,_Z,Not applicable,N,National,2022-05,,142.2092,,A,Normal value,0,Units,2,Two,2015,
DATAFLOW,OECD.SDD.STES:DSD_STES@DF_FINMARK(4.0),Financial market,I,CAN,Canada,M,Monthly,SHARE,Share prices,IX,Index,_Z,Not applicable,_Z,Not applicable,_Z,Not applicable,_Z,Not applicable,N,National,2022-04,,150.6322,,A,Normal value,0,Units,2,Two,2015,
DATAFLOW,OECD.SDD.STES:DSD_STES@DF_FINMARK(4.0),Financial market,I,CAN,Canada,M,Monthly,SHARE,Share prices,IX,Index,_Z,Not applicable,_Z,Not applicable,_Z,Not applicable,_Z,Not applicable,N,National,2022-03,,150.8203,,A,Normal value,0,Units,2,Two,2015,
DATAFLOW,OECD.SDD.STES:DSD_STES@DF_FINMARK(4.0),Financial market,I,CAN,Canada,M,Monthly,SHARE,Share prices,IX,Index,_Z,Not applicable,_Z,Not applicable,_Z,Not applicable,_Z,Not applicable,N,National,2022-02,,147.9952,,A,Normal value,0,Units,2,Two,2015,
DATAFLOW,OECD.SDD.STES:DSD_STES@DF_FINMARK(4.0),Financial market,I,CAN,Canada,M,Monthly,SHARE,Share prices,IX,Index,_Z,Not applicable,_Z,Not applicable,_Z,Not applicable,_Z,Not applicable,N,National,2022-01,,146.7475,,A,Normal value,0,Units,2,Two,2015,
DATAFLOW,OECD.SDD.STES:DSD_STES@DF_FINMARK(4.0),Financial market,I,CAN,Canada,M,Monthly,SHARE,Share prices,IX,Index,_Z,Not applicable,_Z,Not applicable,_Z,Not applicable,_Z,Not applicable,N,National,2021-12,,146.0664,,A,Normal value,0,Units,2,Two,2015,
DATAFLOW,OECD.SDD.STES:DSD_STES@DF_FINMARK(4.0),Financial market,I,CAN,Canada,M,Monthly,SHARE,Share prices,IX,Index,_Z,Not applicable,_Z,Not applicable,_Z,Not applicable,_Z,Not applicable,N,National,2021-11,,149.5152,,A,Normal value,0,Units,2,Two,2015,
DATAFLOW,OECD.SDD.STES:DSD_STES@DF_FINMARK(4.0),Financial market,I,CAN,Canada,M,Monthly,SHARE,Share prices,IX,Index,_Z,Not applicable,_Z,Not applicable,_Z,Not applicable,_Z,Not applicable,N,National,2021-10,,144.7816,,A,Normal value,0,Units,2,Two,2015,
DATAFLOW,OECD.SDD.STES:DSD_STES@DF_FINMARK(4.0),Financial market,I,CAN,Canada,M,Monthly,SHARE,Share prices,IX,Index,_Z,Not applicable,_Z,Not applicable,_Z,Not applicable,_Z,Not applicable,N,National,2021-09,,143.1405,,A,Normal value,0,Units,2,Two,2015,
DATAFLOW,OECD.SDD.STES:DSD_STES@DF_FINMARK(4.0),Financial market,I,CAN,Canada,M,Monthly,SHARE,Share prices,IX,Index,_Z,Not applicable,_Z,Not applicable,_Z,Not applicable,_Z,Not applicable,N,National,2021-08,,142.6497,,A,Normal value,0,Units,2,Two,2015,
DATAFLOW,OECD.SDD.STES:DSD_STES@DF_FINMARK(4.0),Financial market,I,CAN,Canada,M,Monthly,SHARE,Share prices,IX,Index,_Z,Not applicable,_Z,Not applicable,_Z,Not applicable,_Z,Not applicable,N,National,2021-07,,140.6317,,A,Normal value,0,Units,2,Two,2015,
DATAFLOW,OECD.SDD.STES:DSD_STES@DF_FINMARK(4.0),Financial market,I,CAN,Canada,M,Monthly,SHARE,Share prices,IX,Index,_Z,Not applicable,_Z,Not applicable,_Z,Not applicable,_Z,Not applicable,N,National,2021-06,,140.2464,,A,Normal value,0,Units,2,Two,2015,
DATAFLOW,OECD.SDD.STES:DSD_STES@DF_FINMARK(4.0),Financial market,I,CAN,Canada,M,Monthly,SHARE,Share prices,IX,Index,_Z,Not applicable,_Z,Not applicable,_Z,Not applicable,_Z,Not applicable,N,National,2021-05,,135.6217,,A,Normal value,0,Units,2,Two,2015,
DATAFLOW,OECD.SDD.STES:DSD_STES@DF_FINMARK(4.0),Financial market,I,CAN,Canada,M,Monthly,SHARE,Share prices,IX,Index,_Z,Not applicable,_Z,Not applicable,_Z,Not applicable,_Z,Not applicable,N,National,2021-04,,133.6261,,A,Normal value,0,Units,2,Two,2015,
DATAFLOW,OECD.SDD.STES:DSD_STES@DF_FINMARK(4.0),Financial market,I,CAN,Canada,M,Monthly,SHARE,Share prices,IX,Index,_Z,Not applicable,_Z,Not applicable,_Z,Not applicable,_Z,Not applicable,N,National,2021-03,,130.1205,,A,Normal value,0,Units,2,Two,2015,
DATAFLOW,OECD.SDD.STES:DSD_STES@DF_FINMARK(4.0),Financial market,I,CAN,Canada,M,Monthly,SHARE,Share prices,IX,Index,_Z,Not applicable,_Z,Not applicable,_Z,Not applicable,_Z,Not applicable,N,National,2021-02,,127.3483,,A,Normal value,0,Units,2,Two,2015,
DATAFLOW,OECD.SDD.STES:DSD_STES@DF_FINMARK(4.0),Financial market,I,CAN,Canada,M,Monthly,SHARE,Share prices,IX,Index,_Z,Not applicable,_Z,Not applicable,_Z,Not applicable,_Z,Not applicable,N,National,2021-01,,124.2181,,A,Normal value,0,Units,2,Two,2015,
DATAFLOW,OECD.SDD.STES:DSD_STES@DF_FINMARK(4.0),Financial market,I,CAN,Canada,M,Monthly,SHARE,Share prices,IX,Index,_Z,Not applicable,_Z,Not applicable,_Z,Not applicable,_Z,Not applicable,N,National,2020-12,,122.2525,,A,Normal value,0,Units,2,Two,2015,
DATAFLOW,OECD.SDD.STES:DSD_STES@DF_FINMARK(4.0),Financial market,I,ITA,Italy,M,Monthly,SHARE,Share prices,IX,Index,_Z,Not applicable,_Z,Not applicable,_Z,Not applicable,_Z,Not applicable,N,National,2025-12,,199.3578,,A,Normal value,0,Units,2,Two,2015,
DATAFLOW,OECD.SDD.STES:DSD_STES@DF_FINMARK(4.0),Financial market,I,ITA,Italy,M,Monthly,SHARE,Share prices,IX,Index,_Z,Not applicable,_Z,Not applicable,_Z,Not applicable,_Z,Not applicable,N,National,2025-11,,196.4551,,A,Normal value,0,Units,2,Two,2015,
DATAFLOW,OECD.SDD.STES:DSD_STES@DF_FINMARK(4.0),Financial market,I,ITA,Italy,M,Monthly,SHARE,Share prices,IX,Index,_Z,Not applicable,_Z,Not applicable,_Z,Not applicable,_Z,Not applicable,N,National,2025-10,,193.7639,,A,Normal value,0,Units,2,Two,2015,
DATAFLOW,OECD.SDD.STES:DSD_STES@DF_FINMARK(4.0),Financial market,I,ITA,Italy,M,Monthly,SHARE,Share prices,IX,Index,_Z,Not applicable,_Z,Not applicable,_Z,Not applicable,_Z,Not applicable,N,National,2025-09,,191.7961,,A,Normal value,0,Units,2,Two,2015,
DATAFLOW,OECD.SDD.STES:DSD_STES@DF_FINMARK(4.0),Financial market,I,ITA,Italy,M,Monthly,SHARE,Share prices,IX,Index,_Z,Not applicable,_Z,Not applicable,_Z,Not applicable,_Z,Not applicable,N,National,2025-08,,190.8445,,A,Normal value,0,Units,2,Two,2015,
DATAFLOW,OECD.SDD.STES:DSD_STES@DF_FINMARK(4.0),Financial market,I,ITA,Italy,M,Monthly,SHARE,Share prices,IX,Index,_Z,Not applicable,_Z,Not applicable,_Z,Not applicable,_Z,Not applicable,N,National,2025-07,,184.4923,,A,Normal value,0,Units,2,Two,2015,
DATAFLOW,OECD.SDD.STES:DSD_STES@DF_FINMARK(4.0),Financial market,I,ITA,Italy,M,Monthly,SHARE,Share prices,IX,Index,_Z,Not applicable,_Z,Not applicable,_Z,Not applicable,_Z,Not applicable,N,National,2025-06,,182.021,,A,Normal value,0,Units,2,Two,2015,
DATAFLOW,OECD.SDD.STES:DSD_STES@DF_FINMARK(4.0),Financial market,I,ITA,Italy,M,Monthly,SHARE,Share prices,IX,Index,_Z,Not applicable,_Z,Not applicable,_Z,Not applicable,_Z,Not applicable,N,National,2025-05,,181.3935,,A,Normal value,0,Units,2,Two,2015,
DATAFLOW,OECD.SDD.STES:DSD_STES@DF_FINMARK(4.0),Financial market,I,ITA,Italy,M,Monthly,SHARE,Share prices,IX,Index,_Z,Not applicable,_Z,Not applicable,_Z,Not applicable,_Z,Not applicable,N,National,2025-04,,164.7654,,A,Normal value,0,Units,2,Two,2015,
DATAFLOW,OECD.SDD.STES:DSD_STES@DF_FINMARK(4.0),Financial market,I,ITA,Italy,M,Monthly,SHARE,Share prices,IX,Index,_Z,Not applicable,_Z,Not applicable,_Z,Not applicable,_Z,Not applicable,N,National,2025-03,,176.642,,A,Normal value,0,Units,2,Two,2015,
DATAFLOW,OECD.SDD.STES:DSD_STES@DF_FINMARK(4.0),Financial market,I,ITA,Italy,M,Monthly,SHARE,Share prices,IX,Index,_Z,Not applicable,_Z,Not applicable,_Z,Not applicable,_Z,Not applicable,N,National,2025-02,,173.6601,,A,Normal value,0,Units,2,Two,2015,
DATAFLOW,OECD.SDD.STES:DSD_STES@DF_FINMARK(4.0),Financial market,I,ITA,Italy,M,Monthly,SHARE,Share prices,IX,Index,_Z,Not applicable,_Z,Not applicable,_Z,Not applicable,_Z,Not applicable,N,National,2025-01,,164.1782,,A,Normal value,0,Units,2,Two,2015,
DATAFLOW,OECD.SDD.STES:DSD_STES@DF_FINMARK(4.0),Financial market,I,ITA,Italy,M,Monthly,SHARE,Share prices,IX,Index,_Z,Not applicable,_Z,Not applicable,_Z,Not applicable,_Z,Not applicable,N,National,2024-12,,158.9811,,A,Normal value,0,Units,2,Two,2015,
DATAFLOW,OECD.SDD.STES:DSD_STES@DF_FINMARK(4.0),Financial market,I,SWE,Sweden,M,Monthly,SHARE,Share prices,IX,Index,_Z,Not applicable,_Z,Not applicable,_Z,Not applicable,_Z,Not applicable,N,National,2021-08,,192.8342,,A,Normal value,0,Units,2,Two,2015,
DATAFLOW,OECD.SDD.STES:DSD_STES@DF_FINMARK(4.0),Financial market,I,ITA,Italy,M,Monthly,SHARE,Share prices,IX,Index,_Z,Not applicable,_Z,Not applicable,_Z,Not applicable,_Z,Not applicable,N,National,2024-11,,156.7988,,A,Normal value,0,Units,2,Two,2015,
DATAFLOW,OECD.SDD.STES:DSD_STES@DF_FINMARK(4.0),Financial market,I,ITA,Italy,M,Monthly,SHARE,Share prices,IX,Index,_Z,Not applicable,_Z,Not applicable,_Z,Not applicable,_Z,Not applicable,N,National,2024-10,,159.2491,,A,Normal value,0,Units,2,Two,2015,
DATAFLOW,OECD.SDD.STES:DSD_STES@DF_FINMARK(4.0),Financial market,I,ITA,Italy,M,Monthly,SHARE,Share prices,IX,Index,_Z,Not applicable,_Z,Not applicable,_Z,Not applicable,_Z,Not applicable,N,National,2024-09,,157.084,,A,Normal value,0,Units,2,Two,2015,
DATAFLOW,OECD.SDD.STES:DSD_STES@DF_FINMARK(4.0),Financial market,I,ITA,Italy,M,Monthly,SHARE,Share prices,IX,Index,_Z,Not applicable,_Z,Not applicable,_Z,Not applicable,_Z,Not applicable,N,National,2024-08,,153.2224,,A,Normal value,0,Units,2,Two,2015,
DATAFLOW,OECD.SDD.STES:DSD_STES@DF_FINMARK(4.0),Financial market,I,ITA,Italy,M,Monthly,SHARE,Share prices,IX,Index,_Z,Not applicable,_Z,Not applicable,_Z,Not applicable,_Z,Not applicable,N,National,2024-07,,159.401,,A,Normal value,0,Units,2,Two,2015,
DATAFLOW,OECD.SDD.STES:DSD_STES@DF_FINMARK(4.0),Financial market,I,ITA,Italy,M,Monthly,SHARE,Share prices,IX,Index,_Z,Not applicable,_Z,Not applicable,_Z,Not applicable,_Z,Not applicable,N,National,2024-06,,158.7248,,A,Normal value,0,Units,2,Two,2015,
DATAFLOW,OECD.SDD.STES:DSD_STES@DF_FINMARK(4.0),Financial market,I,ITA,Italy,M,Monthly,SHARE,Share prices,IX,Index,_Z,Not applicable,_Z,Not applicable,_Z,Not applicable,_Z,Not applicable,N,National,2024-05,,161.6059,,A,Normal value,0,Units,2,Two,2015,
DATAFLOW,OECD.SDD.STES:DSD_STES@DF_FINMARK(4.0),Financial market,I,ITA,Italy,M,Monthly,SHARE,Share prices,IX,Index,_Z,Not applicable,_Z,Not applicable,_Z,Not applicable,_Z,Not applicable,N,National,2024-04,,159.9303,,A,Normal value,0,Units,2,Two,2015,
DATAFLOW,OECD.SDD.STES:DSD_STES@DF_FINMARK(4.0),Financial market,I,ITA,Italy,M,Monthly,SHARE,Share prices,IX,Index,_Z,Not applicable,_Z,Not applicable,_Z,Not applicable,_Z,Not applicable,N,National,2024-03,,159.6998,,A,Normal value,0,Units,2,Two,2015,
DATAFLOW,OECD.SDD.STES:DSD_STES@DF_FINMARK(4.0),Financial market,I,ITA,Italy,M,Monthly,SHARE,Share prices,IX,Index,_Z,Not applicable,_Z,Not applicable,_Z,Not applicable,_Z,Not applicable,N,National,2024-02,,150.4004,,A,Normal value,0,Units,2,Two,2015,
DATAFLOW,OECD.SDD.STES:DSD_STES@DF_FINMARK(4.0),Financial market,I,ITA,Italy,M,Monthly,SHARE,Share prices,IX,Index,_Z,Not applicable,_Z,Not applicable,_Z,Not applicable,_Z,Not applicable,N,National,2024-01,,144.8665,,A,Normal value,0,Units,2,Two,2015,
DATAFLOW,OECD.SDD.STES:DSD_STES@DF_FINMARK(4.0),Financial market,I,ITA,Italy,M,Monthly,SHARE,Share prices,IX,Index,_Z,Not applicable,_Z,Not applicable,_Z,Not applicable,_Z,Not applicable,N,National,2023-12,,144.4868,,A,Normal value,0,Units,2,Two,2015,
DATAFLOW,OECD.SDD.STES:DSD_STES@DF_FINMARK(4.0),Financial market,I,ITA,Italy,M,Monthly,SHARE,Share prices,IX,Index,_Z,Not applicable,_Z,Not applicable,_Z,Not applicable,_Z,Not applicable,N,National,2023-11,,138.2434,,A,Normal value,0,Units,2,Two,2015,
DATAFLOW,OECD.SDD.STES:DSD_STES@DF_FINMARK(4.0),Financial market,I,ITA,Italy,M,Monthly,SHARE,Share prices,IX,Index,_Z,Not applicable,_Z,Not applicable,_Z,Not applicable,_Z,Not applicable,N,National,2023-10,,132.4709,,A,Normal value,0,Units,2,Two,2015,
DATAFLOW,OECD.SDD.STES:DSD_STES@DF_FINMARK(4.0),Financial market,I,ITA,Italy,M,Monthly,SHARE,Share prices,IX,Index,_Z,Not applicable,_Z,Not applicable,_Z,Not applicable,_Z,Not applicable,N,National,2023-09,,136.4983,,A,Normal value,0,Units,2,Two,2015,
DATAFLOW,OECD.SDD.STES:DSD_STES@DF_FINMARK(4.0),Financial market,I,ITA,Italy,M,Monthly,SHARE,Share prices,IX,Index,_Z,Not applicable,_Z,Not applicable,_Z,Not applicable,_Z,Not applicable,N,National,2023-08,,136.7439,,A,Normal value,0,Units,2,Two,2015,
DATAFLOW,OECD.SDD.STES:DSD_STES@DF_FINMARK(4.0),Financial market,I,ITA,Italy,M,Monthly,SHARE,Share prices,IX,Index,_Z,Not applicable,_Z,Not applicable,_Z,Not applicable,_Z,Not applicable,N,National,2023-07,,137.6898,,A,Normal value,0,Units,2,Two,2015,
DATAFLOW,OECD.SDD.STES:DSD_STES@DF_FINMARK(4.0),Financial market,I,ITA,Italy,M,Monthly,SHARE,Share prices,IX,Index,_Z,Not applicable,_Z,Not applicable,_Z,Not applicable,_Z,Not applicable,N,National,2023-06,,133.0548,,A,Normal value,0,Units,2,Two,2015,
DATAFLOW,OECD.SDD.STES:DSD_STES@DF_FINMARK(4.0),Financial market,I,ITA,Italy,M,Monthly,SHARE,Share prices,IX,Index,_Z,Not applicable,_Z,Not applicable,_Z,Not applicable,_Z,Not applicable,N,National,2023-05,,131.7025,,A,Normal value,0,Units,2,Two,2015,
DATAFLOW,OECD.SDD.STES:DSD_STES@DF_FINMARK(4.0),Financial market,I,ITA,Italy,M,Monthly,SHARE,Share prices,IX,Index,_Z,Not applicable,_Z,Not applicable,_Z,Not applicable,_Z,Not applicable,N,National,2023-04,,133.6525,,A,Normal value,0,Units,2,Two,2015,
DATAFLOW,OECD.SDD.STES:DSD_STES@DF_FINMARK(4.0),Financial market,I,ITA,Italy,M,Monthly,SHARE,Share prices,IX,Index,_Z,Not applicable,_Z,Not applicable,_Z,Not applicable,_Z,Not applicable,N,National,2023-03,,130.9807,,A,Normal value,0,Units,2,Two,2015,
DATAFLOW,OECD.SDD.STES:DSD_STES@DF_FINMARK(4.0),Financial market,I,ITA,Italy,M,Monthly,SHARE,Share prices,IX,Index,_Z,Not applicable,_Z,Not applicable,_Z,Not applicable,_Z,Not applicable,N,National,2023-02,,133.6055,,A,Normal value,0,Units,2,Two,2015,
DATAFLOW,OECD.SDD.STES:DSD_STES@DF_FINMARK(4.0),Financial market,I,ITA,Italy,M,Monthly,SHARE,Share prices,IX,Index,_Z,Not applicable,_Z,Not applicable,_Z,Not applicable,_Z,Not applicable,N,National,2023-01,,126.079,,A,Normal value,0,Units,2,Two,2015,
DATAFLOW,OECD.SDD.STES:DSD_STES@DF_FINMARK(4.0),Financial market,I,ITA,Italy,M,Monthly,SHARE,Share prices,IX,Index,_Z,Not applicable,_Z,Not applicable,_Z,Not applicable,_Z,Not applicable,N,National,2022-12,,119.5285,,A,Normal value,0,Units,2,Two,2015,
DATAFLOW,OECD.SDD.STES:DSD_STES@DF_FINMARK(4.0),Financial market,I,ITA,Italy,M,Monthly,SHARE,Share prices,IX,Index,_Z,Not applicable,_Z,Not applicable,_Z,Not applicable,_Z,Not applicable,N,National,2022-11,,119.3889,,A,Normal value,0,Units,2,Two,2015,
DATAFLOW,OECD.SDD.STES:DSD_STES@DF_FINMARK(4.0),Financial market,I,ITA,Italy,M,Monthly,SHARE,Share prices,IX,Index,_Z,Not applicable,_Z,Not applicable,_Z,Not applicable,_Z,Not applicable,N,National,2022-10,,107.31,,A,Normal value,0,Units,2,Two,2015,
DATAFLOW,OECD.SDD.STES:DSD_STES@DF_FINMARK(4.0),Financial market,I,ITA,Italy,M,Monthly,SHARE,Share prices,IX,Index,_Z,Not applicable,_Z,Not applicable,_Z,Not applicable,_Z,Not applicable,N,National,2022-09,,108.3944,,A,Normal value,0,Units,2,Two,2015,
DATAFLOW,OECD.SDD.STES:DSD_STES@DF_FINMARK(4.0),Financial market,I,ITA,Italy,M,Monthly,SHARE,Share prices,IX,Index,_Z,Not applicable,_Z,Not applicable,_Z,Not applicable,_Z,Not applicable,N,National,2022-08,,114.0206,,A,Normal value,0,Units,2,Two,2015,
DATAFLOW,OECD.SDD.STES:DSD_STES@DF_FINMARK(4.0),Financial market,I,ITA,Italy,M,Monthly,SHARE,Share prices,IX,Index,_Z,Not applicable,_Z,Not applicable,_Z,Not applicable,_Z,Not applicable,N,National,2022-07,,108.6661,,A,Normal value,0,Units,2,Two,2015,
DATAFLOW,OECD.SDD.STES:DSD_STES@DF_FINMARK(4.0),Financial market,I,ITA,Italy,M,Monthly,SHARE,Share prices,IX,Index,_Z,Not applicable,_Z,Not applicable,_Z,Not applicable,_Z,Not applicable,N,National,2022-06,,114.6664,,A,Normal value,0,Units,2,Two,2015,
DATAFLOW,OECD.SDD.STES:DSD_STES@DF_FINMARK(4.0),Financial market,I,ITA,Italy,M,Monthly,SHARE,Share prices,IX,Index,_Z,Not applicable,_Z,Not applicable,_Z,Not applicable,_Z,Not applicable,N,National,2022-05,,120.8748,,A,Normal value,0,Units,2,Two,2015,
DATAFLOW,OECD.SDD.STES:DSD_STES@DF_FINMARK(4.0),Financial market,I,ITA,Italy,M,Monthly,SHARE,Share prices,IX,Index,_Z,Not applicable,_Z,Not applicable,_Z,Not applicable,_Z,Not applicable,N,National,2022-04,,123.9399,,A,Normal value,0,Units,2,Two,2015,
DATAFLOW,OECD.SDD.STES:DSD_STES@DF_FINMARK(4.0),Financial market,I,ITA,Italy,M,Monthly,SHARE,Share prices,IX,Index,_Z,Not applicable,_Z,Not applicable,_Z,Not applicable,_Z,Not applicable,N,National,2022-03,,120.8968,,A,Normal value,0,Units,2,Two,2015,
DATAFLOW,OECD.SDD.STES:DSD_STES@DF_FINMARK(4.0),Financial market,I,ITA,Italy,M,Monthly,SHARE,Share prices,IX,Index,_Z,Not applicable,_Z,Not applicable,_Z,Not applicable,_Z,Not applicable,N,National,2022-02,,131.2328,,A,Normal value,0,Units,2,Two,2015,
DATAFLOW,OECD.SDD.STES:DSD_STES@DF_FINMARK(4.0),Financial market,I,ITA,Italy,M,Monthly,SHARE,Share prices,IX,Index,_Z,Not applicable,_Z,Not applicable,_Z,Not applicable,_Z,Not applicable,N,National,2022-01,,136.2078,,A,Normal value,0,Units,2,Two,2015,
DATAFLOW,OECD.SDD.STES:DSD_STES@DF_FINMARK(4.0),Financial market,I,ITA,Italy,M,Monthly,SHARE,Share prices,IX,Index,_Z,Not applicable,_Z,Not applicable,_Z,Not applicable,_Z,Not applicable,N,National,2021-12,,134.3038,,A,Normal value,0,Units,2,Two,2015,
DATAFLOW,OECD.SDD.STES:DSD_STES@DF_FINMARK(4.0),Financial market,I,ITA,Italy,M,Monthly,SHARE,Share prices,IX,Index,_Z,Not applicable,_Z,Not applicable,_Z,Not applicable,_Z,Not applicable,N,National,2021-11,,134.0943,,A,Normal value,0,Units,2,Two,2015,
DATAFLOW,OECD.SDD.STES:DSD_STES@DF_FINMARK(4.0),Financial market,I,ITA,Italy,M,Monthly,SHARE,Share prices,IX,Index,_Z,Not applicable,_Z,Not applicable,_Z,Not applicable,_Z,Not applicable,N,National,2021-10,,125.1156,,A,Normal value,0,Units,2,Two,2015,
DATAFLOW,OECD.SDD.STES:DSD_STES@DF_FINMARK(4.0),Financial market,I,ITA,Italy,M,Monthly,SHARE,Share prices,IX,Index,_Z,Not applicable,_Z,Not applicable,_Z,Not applicable,_Z,Not applicable,N,National,2021-09,,123.9819,,A,Normal value,0,Units,2,Two,2015,
DATAFLOW,OECD.SDD.STES:DSD_STES@DF_FINMARK(4.0),Financial market,I,ITA,Italy,M,Monthly,SHARE,Share prices,IX,Index,_Z,Not applicable,_Z,Not applicable,_Z,Not applicable,_Z,Not applicable,N,National,2021-08,,124.2969,,A,Normal value,0,Units,2,Two,2015,
DATAFLOW,OECD.SDD.STES:DSD_STES@DF_FINMARK(4.0),Financial market,I,ITA,Italy,M,Monthly,SHARE,Share prices,IX,Index,_Z,Not applicable,_Z,Not applicable,_Z,Not applicable,_Z,Not applicable,N,National,2021-07,,121.4321,,A,Normal value,0,Units,2,Two,2015,
DATAFLOW,OECD.SDD.STES:DSD_STES@DF_FINMARK(4.0),Financial market,I,ITA,Italy,M,Monthly,SHARE,Share prices,IX,Index,_Z,Not applicable,_Z,Not applicable,_Z,Not applicable,_Z,Not applicable,N,National,2021-06,,124.3777,,A,Normal value,0,Units,2,Two,2015,
DATAFLOW,OECD.SDD.STES:DSD_STES@DF_FINMARK(4.0),Financial market,I,ITA,Italy,M,Monthly,SHARE,Share prices,IX,Index,_Z,Not applicable,_Z,Not applicable,_Z,Not applicable,_Z,Not applicable,N,National,2021-05,,119.9991,,A,Normal value,0,Units,2,Two,2015,
DATAFLOW,OECD.SDD.STES:DSD_STES@DF_FINMARK(4.0),Financial market,I,ITA,Italy,M,Monthly,SHARE,Share prices,IX,Index,_Z,Not applicable,_Z,Not applicable,_Z,Not applicable,_Z,Not applicable,N,National,2021-04,,119.0042,,A,Normal value,0,Units,2,Two,2015,
DATAFLOW,OECD.SDD.STES:DSD_STES@DF_FINMARK(4.0),Financial market,I,ITA,Italy,M,Monthly,SHARE,Share prices,IX,Index,_Z,Not applicable,_Z,Not applicable,_Z,Not applicable,_Z,Not applicable,N,National,2021-03,,115.5682,,A,Normal value,0,Units,2,Two,2015,
DATAFLOW,OECD.SDD.STES:DSD_STES@DF_FINMARK(4.0),Financial market,I,ITA,Italy,M,Monthly,SHARE,Share prices,IX,Index,_Z,Not applicable,_Z,Not applicable,_Z,Not applicable,_Z,Not applicable,N,National,2021-02,,111.1628,,A,Normal value,0,Units,2,Two,2015,
DATAFLOW,OECD.SDD.STES:DSD_STES@DF_FINMARK(4.0),Financial market,I,ITA,Italy,M,Monthly,SHARE,Share prices,IX,Index,_Z,Not applicable,_Z,Not applicable,_Z,Not applicable,_Z,Not applicable,N,National,2021-01,,107.783,,A,Normal value,0,Units,2,Two,2015,
DATAFLOW,OECD.SDD.STES:DSD_STES@DF_FINMARK(4.0),Financial market,I,ITA,Italy,M,Monthly,SHARE,Share prices,IX,Index,_Z,Not applicable,_Z,Not applicable,_Z,Not applicable,_Z,Not applicable,N,National,2020-12,,106.2241,,A,Normal value,0,Units,2,Two,2015,
DATAFLOW,OECD.SDD.STES:DSD_STES@DF_FINMARK(4.0),Financial market,I,SWE,Sweden,M,Monthly,SHARE,Share prices,IX,Index,_Z,Not applicable,_Z,Not applicable,_Z,Not applicable,_Z,Not applicable,N,National,2021-04,,174.1068,,A,Normal value,0,Units,2,Two,2015,
DATAFLOW,OECD.SDD.STES:DSD_STES@DF_FINMARK(4.0),Financial market,I,SWE,Sweden,M,Monthly,SHARE,Share prices,IX,Index,_Z,Not applicable,_Z,Not applicable,_Z,Not applicable,_Z,Not applicable,N,National,2021-03,,165.4887,,A,Normal value,0,Units,2,Two,2015,
DATAFLOW,OECD.SDD.STES:DSD_STES@DF_FINMARK(4.0),Financial market,I,SWE,Sweden,M,Monthly,SHARE,Share prices,IX,Index,_Z,Not applicable,_Z,Not applicable,_Z,Not applicable,_Z,Not applicable,N,National,2021-02,,157.5254,,A,Normal value,0,Units,2,Two,2015,
DATAFLOW,OECD.SDD.STES:DSD_STES@DF_FINMARK(4.0),Financial market,I,SWE,Sweden,M,Monthly,SHARE,Share prices,IX,Index,_Z,Not applicable,_Z,Not applicable,_Z,Not applicable,_Z,Not applicable,N,National,2021-01,,152.8859,,A,Normal value,0,Units,2,Two,2015,
DATAFLOW,OECD.SDD.STES:DSD_STES@DF_FINMARK(4.0),Financial market,I,SWE,Sweden,M,Monthly,SHARE,Share prices,IX,Index,_Z,Not applicable,_Z,Not applicable,_Z,Not applicable,_Z,Not applicable,N,National,2020-12,,147.1665,,A,Normal value,0,Units,2,Two,2015,
DATAFLOW,OECD.SDD.STES:DSD_STES@DF_FINMARK(4.0),Financial market,I,FRA,France,M,Monthly,SHARE,Share prices,IX,Index,_Z,Not applicable,_Z,Not applicable,_Z,Not applicable,_Z,Not applicable,N,National,2025-12,,161.3472,,A,Normal value,0,Units,2,Two,2015,
DATAFLOW,OECD.SDD.STES:DSD_STES@DF_FINMARK(4.0),Financial market,I,FRA,France,M,Monthly,SHARE,Share prices,IX,Index,_Z,Not applicable,_Z,Not applicable,_Z,Not applicable,_Z,Not applicable,N,National,2025-11,,160.3944,,A,Normal value,0,Units,2,Two,2015,
DATAFLOW,OECD.SDD.STES:DSD_STES@DF_FINMARK(4.0),Financial market,I,FRA,France,M,Monthly,SHARE,Share prices,IX,Index,_Z,Not applicable,_Z,Not applicable,_Z,Not applicable,_Z,Not applicable,N,National,2025-10,,161.4461,,A,Normal value,0,Units,2,Two,2015,
DATAFLOW,OECD.SDD.STES:DSD_STES@DF_FINMARK(4.0),Financial market,I,FRA,France,M,Monthly,SHARE,Share prices,IX,Index,_Z,Not applicable,_Z,Not applicable,_Z,Not applicable,_Z,Not applicable,N,National,2025-09,,155.6485,,A,Normal value,0,Units,2,Two,2015,
DATAFLOW,OECD.SDD.STES:DSD_STES@DF_FINMARK(4.0),Financial market,I,FRA,France,M,Monthly,SHARE,Share prices,IX,Index,_Z,Not applicable,_Z,Not applicable,_Z,Not applicable,_Z,Not applicable,N,National,2025-08,,155.8396,,A,Normal value,0,Units,2,Two,2015,
DATAFLOW,OECD.SDD.STES:DSD_STES@DF_FINMARK(4.0),Financial market,I,FRA,France,M,Monthly,SHARE,Share prices,IX,Index,_Z,Not applicable,_Z,Not applicable,_Z,Not applicable,_Z,Not applicable,N,National,2025-07,,155.8944,,A,Normal value,0,Units,2,Two,2015,
DATAFLOW,OECD.SDD.STES:DSD_STES@DF_FINMARK(4.0),Financial market,I,FRA,France,M,Monthly,SHARE,Share prices,IX,Index,_Z,Not applicable,_Z,Not applicable,_Z,Not applicable,_Z,Not applicable,N,National,2025-06,,153.8434,,A,Normal value,0,Units,2,Two,2015,
DATAFLOW,OECD.SDD.STES:DSD_STES@DF_FINMARK(4.0),Financial market,I,FRA,France,M,Monthly,SHARE,Share prices,IX,Index,_Z,Not applicable,_Z,Not applicable,_Z,Not applicable,_Z,Not applicable,N,National,2025-05,,155.6845,,A,Normal value,0,Units,2,Two,2015,
DATAFLOW,OECD.SDD.STES:DSD_STES@DF_FINMARK(4.0),Financial market,I,FRA,France,M,Monthly,SHARE,Share prices,IX,Index,_Z,Not applicable,_Z,Not applicable,_Z,Not applicable,_Z,Not applicable,N,National,2025-04,,146.9537,,A,Normal value,0,Units,2,Two,2015,
DATAFLOW,OECD.SDD.STES:DSD_STES@DF_FINMARK(4.0),Financial market,I,FRA,France,M,Monthly,SHARE,Share prices,IX,Index,_Z,Not applicable,_Z,Not applicable,_Z,Not applicable,_Z,Not applicable,N,National,2025-03,,160.1264,,A,Normal value,0,Units,2,Two,2015,
DATAFLOW,OECD.SDD.STES:DSD_STES@DF_FINMARK(4.0),Financial market,I,FRA,France,M,Monthly,SHARE,Share prices,IX,Index,_Z,Not applicable,_Z,Not applicable,_Z,Not applicable,_Z,Not applicable,N,National,2025-02,,160.0125,,A,Normal value,0,Units,2,Two,2015,
DATAFLOW,OECD.SDD.STES:DSD_STES@DF_FINMARK(4.0),Financial market,I,FRA,France,M,Monthly,SHARE,Share prices,IX,Index,_Z,Not applicable,_Z,Not applicable,_Z,Not applicable,_Z,Not applicable,N,National,2025-01,,151.8135,,A,Normal value,0,Units,2,Two,2015,
DATAFLOW,OECD.SDD.STES:DSD_STES@DF_FINMARK(4.0),Financial market,I,FRA,France,M,Monthly,SHARE,Share prices,IX,Index,_Z,Not applicable,_Z,Not applicable,_Z,Not applicable,_Z,Not applicable,N,National,2024-12,,146.197,,A,Normal value,0,Units,2,Two,2015,
DATAFLOW,OECD.SDD.STES:DSD_STES@DF_FINMARK(4.0),Financial market,I,FRA,France,M,Monthly,SHARE,Share prices,IX,Index,_Z,Not applicable,_Z,Not applicable,_Z,Not applicable,_Z,Not applicable,N,National,2024-11,,145.2974,,A,Normal value,0,Units,2,Two,2015,
DATAFLOW,OECD.SDD.STES:DSD_STES@DF_FINMARK(4.0),Financial market,I,FRA,France,M,Monthly,SHARE,Share prices,IX,Index,_Z,Not applicable,_Z,Not applicable,_Z,Not applicable,_Z,Not applicable,N,National,2024-10,,150.0533,,A,Normal value,0,Units,2,Two,2015,
DATAFLOW,OECD.SDD.STES:DSD_STES@DF_FINMARK(4.0),Financial market,I,FRA,France,M,Monthly,SHARE,Share prices,IX,Index,_Z,Not applicable,_Z,Not applicable,_Z,Not applicable,_Z,Not applicable,N,National,2024-09,,149.9538,,A,Normal value,0,Units,2,Two,2015,
DATAFLOW,OECD.SDD.STES:DSD_STES@DF_FINMARK(4.0),Financial market,I,FRA,France,M,Monthly,SHARE,Share prices,IX,Index,_Z,Not applicable,_Z,Not applicable,_Z,Not applicable,_Z,Not applicable,N,National,2024-08,,147.7044,,A,Normal value,0,Units,2,Two,2015,
DATAFLOW,OECD.SDD.STES:DSD_STES@DF_FINMARK(4.0),Financial market,I,FRA,France,M,Monthly,SHARE,Share prices,IX,Index,_Z,Not applicable,_Z,Not applicable,_Z,Not applicable,_Z,Not applicable,N,National,2024-07,,150.8303,,A,Normal value,0,Units,2,Two,2015,
DATAFLOW,OECD.SDD.STES:DSD_STES@DF_FINMARK(4.0),Financial market,I,FRA,France,M,Monthly,SHARE,Share prices,IX,Index,_Z,Not applicable,_Z,Not applicable,_Z,Not applicable,_Z,Not applicable,N,National,2024-06,,154.1965,,A,Normal value,0,Units,2,Two,2015,
DATAFLOW,OECD.SDD.STES:DSD_STES@DF_FINMARK(4.0),Financial market,I,FRA,France,M,Monthly,SHARE,Share prices,IX,Index,_Z,Not applicable,_Z,Not applicable,_Z,Not applicable,_Z,Not applicable,N,National,2024-05,,161.4058,,A,Normal value,0,Units,2,Two,2015,
DATAFLOW,OECD.SDD.STES:DSD_STES@DF_FINMARK(4.0),Financial market,I,FRA,France,M,Monthly,SHARE,Share prices,IX,Index,_Z,Not applicable,_Z,Not applicable,_Z,Not applicable,_Z,Not applicable,N,National,2024-04,,160.2584,,A,Normal value,0,Units,2,Two,2015,
DATAFLOW,OECD.SDD.STES:DSD_STES@DF_FINMARK(4.0),Financial market,I,FRA,France,M,Monthly,SHARE,Share prices,IX,Index,_Z,Not applicable,_Z,Not applicable,_Z,Not applicable,_Z,Not applicable,N,National,2024-03,,160.8532,,A,Normal value,0,Units,2,Two,2015,
DATAFLOW,OECD.SDD.STES:DSD_STES@DF_FINMARK(4.0),Financial market,I,FRA,France,M,Monthly,SHARE,Share prices,IX,Index,_Z,Not applicable,_Z,Not applicable,_Z,Not applicable,_Z,Not applicable,N,National,2024-02,,154.375,,A,Normal value,0,Units,2,Two,2015,
DATAFLOW,OECD.SDD.STES:DSD_STES@DF_FINMARK(4.0),Financial market,I,FRA,France,M,Monthly,SHARE,Share prices,IX,Index,_Z,Not applicable,_Z,Not applicable,_Z,Not applicable,_Z,Not applicable,N,National,2024-01,,149.1633,,A,Normal value,0,Units,2,Two,2015,
DATAFLOW,OECD.SDD.STES:DSD_STES@DF_FINMARK(4.0),Financial market,I,FRA,France,M,Monthly,SHARE,Share prices,IX,Index,_Z,Not applicable,_Z,Not applicable,_Z,Not applicable,_Z,Not applicable,N,National,2023-12,,150.0132,,A,Normal value,0,Units,2,Two,2015,
DATAFLOW,OECD.SDD.STES:DSD_STES@DF_FINMARK(4.0),Financial market,I,FRA,France,M,Monthly,SHARE,Share prices,IX,Index,_Z,Not applicable,_Z,Not applicable,_Z,Not applicable,_Z,Not applicable,N,National,2023-11,,142.87,,A,Normal value,0,Units,2,Two,2015,
DATAFLOW,OECD.SDD.STES:DSD_STES@DF_FINMARK(4.0),Financial market,I,FRA,France,M,Monthly,SHARE,Share prices,IX,Index,_Z,Not applicable,_Z,Not applicable,_Z,Not applicable,_Z,Not applicable,N,National,2023-10,,139.0498,,A,Normal value,0,Units,2,Two,2015,
DATAFLOW,OECD.SDD.STES:DSD_STES@DF_FINMARK(4.0),Financial market,I,FRA,France,M,Monthly,SHARE,Share prices,IX,Index,_Z,Not applicable,_Z,Not applicable,_Z,Not applicable,_Z,Not applicable,N,National,2023-09,,144.7303,,A,Normal value,0,Units,2,Two,2015,
DATAFLOW,OECD.SDD.STES:DSD_STES@DF_FINMARK(4.0),Financial market,I,FRA,France,M,Monthly,SHARE,Share prices,IX,Index,_Z,Not applicable,_Z,Not applicable,_Z,Not applicable,_Z,Not applicable,N,National,2023-08,,146.1968,,A,Normal value,0,Units,2,Two,2015,
DATAFLOW,OECD.SDD.STES:DSD_STES@DF_FINMARK(4.0),Financial market,I,FRA,France,M,Monthly,SHARE,Share prices,IX,Index,_Z,Not applicable,_Z,Not applicable,_Z,Not applicable,_Z,Not applicable,N,National,2023-07,,147.224,,A,Normal value,0,Units,2,Two,2015,
DATAFLOW,OECD.SDD.STES:DSD_STES@DF_FINMARK(4.0),Financial market,I,FRA,France,M,Monthly,SHARE,Share prices,IX,Index,_Z,Not applicable,_Z,Not applicable,_Z,Not applicable,_Z,Not applicable,N,National,2023-06,,145.6694,,A,Normal value,0,Units,2,Two,2015,
DATAFLOW,OECD.SDD.STES:DSD_STES@DF_FINMARK(4.0),Financial market,I,FRA,France,M,Monthly,SHARE,Share prices,IX,Index,_Z,Not applicable,_Z,Not applicable,_Z,Not applicable,_Z,Not applicable,N,National,2023-05,,147.7678,,A,Normal value,0,Units,2,Two,2015,
DATAFLOW,OECD.SDD.STES:DSD_STES@DF_FINMARK(4.0),Financial market,I,FRA,France,M,Monthly,SHARE,Share prices,IX,Index,_Z,Not applicable,_Z,Not applicable,_Z,Not applicable,_Z,Not applicable,N,National,2023-04,,149.3531,,A,Normal value,0,Units,2,Two,2015,
DATAFLOW,OECD.SDD.STES:DSD_STES@DF_FINMARK(4.0),Financial market,I,FRA,France,M,Monthly,SHARE,Share prices,IX,Index,_Z,Not applicable,_Z,Not applicable,_Z,Not applicable,_Z,Not applicable,N,National,2023-03,,144.2838,,A,Normal value,0,Units,2,Two,2015,
DATAFLOW,OECD.SDD.STES:DSD_STES@DF_FINMARK(4.0),Financial market,I,FRA,France,M,Monthly,SHARE,Share prices,IX,Index,_Z,Not applicable,_Z,Not applicable,_Z,Not applicable,_Z,Not applicable,N,National,2023-02,,145.8957,,A,Normal value,0,Units,2,Two,2015,
DATAFLOW,OECD.SDD.STES:DSD_STES@DF_FINMARK(4.0),Financial market,I,FRA,France,M,Monthly,SHARE,Share prices,IX,Index,_Z,Not applicable,_Z,Not applicable,_Z,Not applicable,_Z,Not applicable,N,National,2023-01,,140.3376,,A,Normal value,0,Units,2,Two,2015,
DATAFLOW,OECD.SDD.STES:DSD_STES@DF_FINMARK(4.0),Financial market,I,FRA,France,M,Monthly,SHARE,Share prices,IX,Index,_Z,Not applicable,_Z,Not applicable,_Z,Not applicable,_Z,Not applicable,N,National,2022-12,,133.3017,,A,Normal value,0,Units,2,Two,2015,
DATAFLOW,OECD.SDD.STES:DSD_STES@DF_FINMARK(4.0),Financial market,I,FRA,France,M,Monthly,SHARE,Share prices,IX,Index,_Z,Not applicable,_Z,Not applicable,_Z,Not applicable,_Z,Not applicable,N,National,2022-11,,132.5722,,A,Normal value,0,Units,2,Two,2015,
DATAFLOW,OECD.SDD.STES:DSD_STES@DF_FINMARK(4.0),Financial market,I,FRA,France,M,Monthly,SHARE,Share prices,IX,Index,_Z,Not applicable,_Z,Not applicable,_Z,Not applicable,_Z,Not applicable,N,National,2022-10,,122.0579,,A,Normal value,0,Units,2,Two,2015,
DATAFLOW,OECD.SDD.STES:DSD_STES@DF_FINMARK(4.0),Financial market,I,FRA,France,M,Monthly,SHARE,Share prices,IX,Index,_Z,Not applicable,_Z,Not applicable,_Z,Not applicable,_Z,Not applicable,N,National,2022-09,,122.3563,,A,Normal value,0,Units,2,Two,2015,
DATAFLOW,OECD.SDD.STES:DSD_STES@DF_FINMARK(4.0),Financial market,I,FRA,France,M,Monthly,SHARE,Share prices,IX,Index,_Z,Not applicable,_Z,Not applicable,_Z,Not applicable,_Z,Not applicable,N,National,2022-08,,131.2108,,A,Normal value,0,Units,2,Two,2015,
DATAFLOW,OECD.SDD.STES:DSD_STES@DF_FINMARK(4.0),Financial market,I,FRA,France,M,Monthly,SHARE,Share prices,IX,Index,_Z,Not applicable,_Z,Not applicable,_Z,Not applicable,_Z,Not applicable,N,National,2022-07,,124.4334,,A,Normal value,0,Units,2,Two,2015,
DATAFLOW,OECD.SDD.STES:DSD_STES@DF_FINMARK(4.0),Financial market,I,FRA,France,M,Monthly,SHARE,Share prices,IX,Index,_Z,Not applicable,_Z,Not applicable,_Z,Not applicable,_Z,Not applicable,N,National,2022-06,,125.5763,,A,Normal value,0,Units,2,Two,2015,
DATAFLOW,OECD.SDD.STES:DSD_STES@DF_FINMARK(4.0),Financial market,I,FRA,France,M,Monthly,SHARE,Share prices,IX,Index,_Z,Not applicable,_Z,Not applicable,_Z,Not applicable,_Z,Not applicable,N,National,2022-05,,129.9798,,A,Normal value,0,Units,2,Two,2015,
DATAFLOW,OECD.SDD.STES:DSD_STES@DF_FINMARK(4.0),Financial market,I,FRA,France,M,Monthly,SHARE,Share prices,IX,Index,_Z,Not applicable,_Z,Not applicable,_Z,Not applicable,_Z,Not applicable,N,National,2022-04,,134.1757,,A,Normal value,0,Units,2,Two,2015,
DATAFLOW,OECD.SDD.STES:DSD_STES@DF_FINMARK(4.0),Financial market,I,FRA,France,M,Monthly,SHARE,Share prices,IX,Index,_Z,Not applicable,_Z,Not applicable,_Z,Not applicable,_Z,Not applicable,N,National,2022-03,,131.8352,,A,Normal value,0,Units,2,Two,2015,
DATAFLOW,OECD.SDD.STES:DSD_STES@DF_FINMARK(4.0),Financial market,I,FRA,France,M,Monthly,SHARE,Share prices,IX,Index,_Z,Not applicable,_Z,Not applicable,_Z,Not applicable,_Z,Not applicable,N,National,2022-02,,141.0797,,A,Normal value,0,Units,2,Two,2015,
DATAFLOW,OECD.SDD.STES:DSD_STES@DF_FINMARK(4.0),Financial market,I,FRA,France,M,Monthly,SHARE,Share prices,IX,Index,_Z,Not applicable,_Z,Not applicable,_Z,Not applicable,_Z,Not applicable,N,National,2022-01,,145.4614,,A,Normal value,0,Units,2,Two,2015,
DATAFLOW,OECD.SDD.STES:DSD_STES@DF_FINMARK(4.0),Financial market,I,FRA,France,M,Monthly,SHARE,Share prices,IX,Index,_Z,Not applicable,_Z,Not applicable,_Z,Not applicable,_Z,Not applicable,N,National,2021-12,,143.102,,A,Normal value,0,Units,2,Two,2015,
DATAFLOW,OECD.SDD.STES:DSD_STES@DF_FINMARK(4.0),Financial market,I,FRA,France,M,Monthly,SHARE,Share prices,IX,Index,_Z,Not applicable,_Z,Not applicable,_Z,Not applicable,_Z,Not applicable,N,National,2021-11,,144.1086,,A,Normal value,0,Units,2,Two,2015,
DATAFLOW,OECD.SDD.STES:DSD_STES@DF_FINMARK(4.0),Financial market,I,FRA,France,M,Monthly,SHARE,Share prices,IX,Index,_Z,Not applicable,_Z,Not applicable,_Z,Not applicable,_Z,Not applicable,N,National,2021-10,,137.3855,,A,Normal value,0,Units,2,Two,2015,
DATAFLOW,OECD.SDD.STES:DSD_STES@DF_FINMARK(4.0),Financial market,I,FRA,France,M,Monthly,SHARE,Share prices,IX,Index,_Z,Not applicable,_Z,Not applicable,_Z,Not applicable,_Z,Not applicable,N,National,2021-09,,137.2517,,A,Normal value,0,Units,2,Two,2015,
DATAFLOW,OECD.SDD.STES:DSD_STES@DF_FINMARK(4.0),Financial market,I,FRA,France,M,Monthly,SHARE,Share prices,IX,Index,_Z,Not applicable,_Z,Not applicable,_Z,Not applicable,_Z,Not applicable,N,National,2021-08,,139.0517,,A,Normal value,0,Units,2,Two,2015,
DATAFLOW,OECD.SDD.STES:DSD_STES@DF_FINMARK(4.0),Financial market,I,FRA,France,M,Monthly,SHARE,Share prices,IX,Index,_Z,Not applicable,_Z,Not applicable,_Z,Not applicable,_Z,Not applicable,N,National,2021-07,,134.6109,,A,Normal value,0,Units,2,Two,2015,
DATAFLOW,OECD.SDD.STES:DSD_STES@DF_FINMARK(4.0),Financial market,I,FRA,France,M,Monthly,SHARE,Share prices,IX,Index,_Z,Not applicable,_Z,Not applicable,_Z,Not applicable,_Z,Not applicable,N,National,2021-06,,135.7465,,A,Normal value,0,Units,2,Two,2015,
DATAFLOW,OECD.SDD.STES:DSD_STES@DF_FINMARK(4.0),Financial market,I,FRA,France,M,Monthly,SHARE,Share prices,IX,Index,_Z,Not applicable,_Z,Not applicable,_Z,Not applicable,_Z,Not applicable,N,National,2021-05,,131.5994,,A,Normal value,0,Units,2,Two,2015,
DATAFLOW,OECD.SDD.STES:DSD_STES@DF_FINMARK(4.0),Financial market,I,FRA,France,M,Monthly,SHARE,Share prices,IX,Index,_Z,Not applicable,_Z,Not applicable,_Z,Not applicable,_Z,Not applicable,N,National,2021-04,,129.032,,A,Normal value,0,Units,2,Two,2015,
DATAFLOW,OECD.SDD.STES:DSD_STES@DF_FINMARK(4.0),Financial market,I,FRA,France,M,Monthly,SHARE,Share prices,IX,Index,_Z,Not applicable,_Z,Not applicable,_Z,Not applicable,_Z,Not applicable,N,National,2021-03,,124.0897,,A,Normal value,0,Units,2,Two,2015,
DATAFLOW,OECD.SDD.STES:DSD_STES@DF_FINMARK(4.0),Financial market,I,FRA,France,M,Monthly,SHARE,Share prices,IX,Index,_Z,Not applicable,_Z,Not applicable,_Z,Not applicable,_Z,Not applicable,N,National,2021-02,,119.2072,,A,Normal value,0,Units,2,Two,2015,
DATAFLOW,OECD.SDD.STES:DSD_STES@DF_FINMARK(4.0),Financial market,I,FRA,France,M,Monthly,SHARE,Share prices,IX,Index,_Z,Not applicable,_Z,Not applicable,_Z,Not applicable,_Z,Not applicable,N,National,2021-01,,116.961,,A,Normal value,0,Units,2,Two,2015,
DATAFLOW,OECD.SDD.STES:DSD_STES@DF_FINMARK(4.0),Financial market,I,FRA,France,M,Monthly,SHARE,Share prices,IX,Index,_Z,Not applicable,_Z,Not applicable,_Z,Not applicable,_Z,Not applicable,N,National,2020-12,,115.7445,,A,Normal value,0,Units,2,Two,2015,
DATAFLOW,OECD.SDD.STES:DSD_STES@DF_FINMARK(4.0),Financial market,I,IRL,Ireland,M,Monthly,SHARE,Share prices,IX,Index,_Z,Not applicable,_Z,Not applicable,_Z,Not applicable,_Z,Not applicable,N,National,2025-12,,208.4055,,A,Normal value,0,Units,2,Two,2015,
DATAFLOW,OECD.SDD.STES:DSD_STES@DF_FINMARK(4.0),Financial market,I,IRL,Ireland,M,Monthly,SHARE,Share prices,IX,Index,_Z,Not applicable,_Z,Not applicable,_Z,Not applicable,_Z,Not applicable,N,National,2025-11,,198.4441,,A,Normal value,0,Units,2,Two,2015,
DATAFLOW,OECD.SDD.STES:DSD_STES@DF_FINMARK(4.0),Financial market,I,IRL,Ireland,M,Monthly,SHARE,Share prices,IX,Index,_Z,Not applicable,_Z,Not applicable,_Z,Not applicable,_Z,Not applicable,N,National,2025-10,,188.405,,A,Normal value,0,Units,2,Two,2015,
DATAFLOW,OECD.SDD.STES:DSD_STES@DF_FINMARK(4.0),Financial market,I,IRL,Ireland,M,Monthly,SHARE,Share prices,IX,Index,_Z,Not applicable,_Z,Not applicable,_Z,Not applicable,_Z,Not applicable,N,National,2025-09,,182.8895,,A,Normal value,0,Units,2,Two,2015,
DATAFLOW,OECD.SDD.STES:DSD_STES@DF_FINMARK(4.0),Financial market,I,IRL,Ireland,M,Monthly,SHARE,Share prices,IX,Index,_Z,Not applicable,_Z,Not applicable,_Z,Not applicable,_Z,Not applicable,N,National,2025-08,,185.5277,,A,Normal value,0,Units,2,Two,2015,
DATAFLOW,OECD.SDD.STES:DSD_STES@DF_FINMARK(4.0),Financial market,I,IRL,Ireland,M,Monthly,SHARE,Share prices,IX,Index,_Z,Not applicable,_Z,Not applicable,_Z,Not applicable,_Z,Not applicable,N,National,2025-07,,183.501,,A,Normal value,0,Units,2,Two,2015,
DATAFLOW,OECD.SDD.STES:DSD_STES@DF_FINMARK(4.0),Financial market,I,IRL,Ireland,M,Monthly,SHARE,Share prices,IX,Index,_Z,Not applicable,_Z,Not applicable,_Z,Not applicable,_Z,Not applicable,N,National,2025-06,,184.0845,,A,Normal value,0,Units,2,Two,2015,
DATAFLOW,OECD.SDD.STES:DSD_STES@DF_FINMARK(4.0),Financial market,I,IRL,Ireland,M,Monthly,SHARE,Share prices,IX,Index,_Z,Not applicable,_Z,Not applicable,_Z,Not applicable,_Z,Not applicable,N,National,2025-05,,178.703,,A,Normal value,0,Units,2,Two,2015,
DATAFLOW,OECD.SDD.STES:DSD_STES@DF_FINMARK(4.0),Financial market,I,IRL,Ireland,M,Monthly,SHARE,Share prices,IX,Index,_Z,Not applicable,_Z,Not applicable,_Z,Not applicable,_Z,Not applicable,N,National,2025-04,,161.0014,,A,Normal value,0,Units,2,Two,2015,
DATAFLOW,OECD.SDD.STES:DSD_STES@DF_FINMARK(4.0),Financial market,I,IRL,Ireland,M,Monthly,SHARE,Share prices,IX,Index,_Z,Not applicable,_Z,Not applicable,_Z,Not applicable,_Z,Not applicable,N,National,2025-03,,174.5375,,A,Normal value,0,Units,2,Two,2015,
DATAFLOW,OECD.SDD.STES:DSD_STES@DF_FINMARK(4.0),Financial market,I,IRL,Ireland,M,Monthly,SHARE,Share prices,IX,Index,_Z,Not applicable,_Z,Not applicable,_Z,Not applicable,_Z,Not applicable,N,National,2025-02,,168.0536,,A,Normal value,0,Units,2,Two,2015,
DATAFLOW,OECD.SDD.STES:DSD_STES@DF_FINMARK(4.0),Financial market,I,IRL,Ireland,M,Monthly,SHARE,Share prices,IX,Index,_Z,Not applicable,_Z,Not applicable,_Z,Not applicable,_Z,Not applicable,N,National,2025-01,,158.7686,,A,Normal value,0,Units,2,Two,2015,
DATAFLOW,OECD.SDD.STES:DSD_STES@DF_FINMARK(4.0),Financial market,I,IRL,Ireland,M,Monthly,SHARE,Share prices,IX,Index,_Z,Not applicable,_Z,Not applicable,_Z,Not applicable,_Z,Not applicable,N,National,2024-12,,156.6284,,A,Normal value,0,Units,2,Two,2015,
DATAFLOW,OECD.SDD.STES:DSD_STES@DF_FINMARK(4.0),Financial market,I,IRL,Ireland,M,Monthly,SHARE,Share prices,IX,Index,_Z,Not applicable,_Z,Not applicable,_Z,Not applicable,_Z,Not applicable,N,National,2024-11,,156.4688,,A,Normal value,0,Units,2,Two,2015,
DATAFLOW,OECD.SDD.STES:DSD_STES@DF_FINMARK(4.0),Financial market,I,IRL,Ireland,M,Monthly,SHARE,Share prices,IX,Index,_Z,Not applicable,_Z,Not applicable,_Z,Not applicable,_Z,Not applicable,N,National,2024-10,,156.8604,,A,Normal value,0,Units,2,Two,2015,
DATAFLOW,OECD.SDD.STES:DSD_STES@DF_FINMARK(4.0),Financial market,I,IRL,Ireland,M,Monthly,SHARE,Share prices,IX,Index,_Z,Not applicable,_Z,Not applicable,_Z,Not applicable,_Z,Not applicable,N,National,2024-09,,158.1058,,A,Normal value,0,Units,2,Two,2015,
DATAFLOW,OECD.SDD.STES:DSD_STES@DF_FINMARK(4.0),Financial market,I,IRL,Ireland,M,Monthly,SHARE,Share prices,IX,Index,_Z,Not applicable,_Z,Not applicable,_Z,Not applicable,_Z,Not applicable,N,National,2024-08,,152.5013,,A,Normal value,0,Units,2,Two,2015,
DATAFLOW,OECD.SDD.STES:DSD_STES@DF_FINMARK(4.0),Financial market,I,IRL,Ireland,M,Monthly,SHARE,Share prices,IX,Index,_Z,Not applicable,_Z,Not applicable,_Z,Not applicable,_Z,Not applicable,N,National,2024-07,,154.2585,,A,Normal value,0,Units,2,Two,2015,
DATAFLOW,OECD.SDD.STES:DSD_STES@DF_FINMARK(4.0),Financial market,I,IRL,Ireland,M,Monthly,SHARE,Share prices,IX,Index,_Z,Not applicable,_Z,Not applicable,_Z,Not applicable,_Z,Not applicable,N,National,2024-06,,154.7253,,A,Normal value,0,Units,2,Two,2015,
DATAFLOW,OECD.SDD.STES:DSD_STES@DF_FINMARK(4.0),Financial market,I,IRL,Ireland,M,Monthly,SHARE,Share prices,IX,Index,_Z,Not applicable,_Z,Not applicable,_Z,Not applicable,_Z,Not applicable,N,National,2024-05,,161.3655,,A,Normal value,0,Units,2,Two,2015,
DATAFLOW,OECD.SDD.STES:DSD_STES@DF_FINMARK(4.0),Financial market,I,IRL,Ireland,M,Monthly,SHARE,Share prices,IX,Index,_Z,Not applicable,_Z,Not applicable,_Z,Not applicable,_Z,Not applicable,N,National,2024-04,,160.6151,,A,Normal value,0,Units,2,Two,2015,
DATAFLOW,OECD.SDD.STES:DSD_STES@DF_FINMARK(4.0),Financial market,I,IRL,Ireland,M,Monthly,SHARE,Share prices,IX,Index,_Z,Not applicable,_Z,Not applicable,_Z,Not applicable,_Z,Not applicable,N,National,2024-03,,157.2155,,A,Normal value,0,Units,2,Two,2015,
DATAFLOW,OECD.SDD.STES:DSD_STES@DF_FINMARK(4.0),Financial market,I,IRL,Ireland,M,Monthly,SHARE,Share prices,IX,Index,_Z,Not applicable,_Z,Not applicable,_Z,Not applicable,_Z,Not applicable,N,National,2024-02,,150.5079,,A,Normal value,0,Units,2,Two,2015,
DATAFLOW,OECD.SDD.STES:DSD_STES@DF_FINMARK(4.0),Financial market,I,IRL,Ireland,M,Monthly,SHARE,Share prices,IX,Index,_Z,Not applicable,_Z,Not applicable,_Z,Not applicable,_Z,Not applicable,N,National,2024-01,,141.2485,,A,Normal value,0,Units,2,Two,2015,
DATAFLOW,OECD.SDD.STES:DSD_STES@DF_FINMARK(4.0),Financial market,I,IRL,Ireland,M,Monthly,SHARE,Share prices,IX,Index,_Z,Not applicable,_Z,Not applicable,_Z,Not applicable,_Z,Not applicable,N,National,2023-12,,139.0048,,A,Normal value,0,Units,2,Two,2015,
DATAFLOW,OECD.SDD.STES:DSD_STES@DF_FINMARK(4.0),Financial market,I,IRL,Ireland,M,Monthly,SHARE,Share prices,IX,Index,_Z,Not applicable,_Z,Not applicable,_Z,Not applicable,_Z,Not applicable,N,National,2023-11,,132.0993,,A,Normal value,0,Units,2,Two,2015,
DATAFLOW,OECD.SDD.STES:DSD_STES@DF_FINMARK(4.0),Financial market,I,IRL,Ireland,M,Monthly,SHARE,Share prices,IX,Index,_Z,Not applicable,_Z,Not applicable,_Z,Not applicable,_Z,Not applicable,N,National,2023-10,,130.4257,,A,Normal value,0,Units,2,Two,2015,
DATAFLOW,OECD.SDD.STES:DSD_STES@DF_FINMARK(4.0),Financial market,I,IRL,Ireland,M,Monthly,SHARE,Share prices,IX,Index,_Z,Not applicable,_Z,Not applicable,_Z,Not applicable,_Z,Not applicable,N,National,2023-09,,138.3604,,A,Normal value,0,Units,2,Two,2015,
DATAFLOW,OECD.SDD.STES:DSD_STES@DF_FINMARK(4.0),Financial market,I,IRL,Ireland,M,Monthly,SHARE,Share prices,IX,Index,_Z,Not applicable,_Z,Not applicable,_Z,Not applicable,_Z,Not applicable,N,National,2023-08,,142.7062,,A,Normal value,0,Units,2,Two,2015,
DATAFLOW,OECD.SDD.STES:DSD_STES@DF_FINMARK(4.0),Financial market,I,IRL,Ireland,M,Monthly,SHARE,Share prices,IX,Index,_Z,Not applicable,_Z,Not applicable,_Z,Not applicable,_Z,Not applicable,N,National,2023-07,,141.9964,,A,Normal value,0,Units,2,Two,2015,
DATAFLOW,OECD.SDD.STES:DSD_STES@DF_FINMARK(4.0),Financial market,I,IRL,Ireland,M,Monthly,SHARE,Share prices,IX,Index,_Z,Not applicable,_Z,Not applicable,_Z,Not applicable,_Z,Not applicable,N,National,2023-06,,138.5497,,A,Normal value,0,Units,2,Two,2015,
DATAFLOW,OECD.SDD.STES:DSD_STES@DF_FINMARK(4.0),Financial market,I,IRL,Ireland,M,Monthly,SHARE,Share prices,IX,Index,_Z,Not applicable,_Z,Not applicable,_Z,Not applicable,_Z,Not applicable,N,National,2023-05,,137.6014,,A,Normal value,0,Units,2,Two,2015,
DATAFLOW,OECD.SDD.STES:DSD_STES@DF_FINMARK(4.0),Financial market,I,IRL,Ireland,M,Monthly,SHARE,Share prices,IX,Index,_Z,Not applicable,_Z,Not applicable,_Z,Not applicable,_Z,Not applicable,N,National,2023-04,,134.2026,,A,Normal value,0,Units,2,Two,2015,
DATAFLOW,OECD.SDD.STES:DSD_STES@DF_FINMARK(4.0),Financial market,I,IRL,Ireland,M,Monthly,SHARE,Share prices,IX,Index,_Z,Not applicable,_Z,Not applicable,_Z,Not applicable,_Z,Not applicable,N,National,2023-03,,133.3748,,A,Normal value,0,Units,2,Two,2015,
DATAFLOW,OECD.SDD.STES:DSD_STES@DF_FINMARK(4.0),Financial market,I,IRL,Ireland,M,Monthly,SHARE,Share prices,IX,Index,_Z,Not applicable,_Z,Not applicable,_Z,Not applicable,_Z,Not applicable,N,National,2023-02,,130.6121,,A,Normal value,0,Units,2,Two,2015,
DATAFLOW,OECD.SDD.STES:DSD_STES@DF_FINMARK(4.0),Financial market,I,IRL,Ireland,M,Monthly,SHARE,Share prices,IX,Index,_Z,Not applicable,_Z,Not applicable,_Z,Not applicable,_Z,Not applicable,N,National,2023-01,,124.7267,,A,Normal value,0,Units,2,Two,2015,
DATAFLOW,OECD.SDD.STES:DSD_STES@DF_FINMARK(4.0),Financial market,I,IRL,Ireland,M,Monthly,SHARE,Share prices,IX,Index,_Z,Not applicable,_Z,Not applicable,_Z,Not applicable,_Z,Not applicable,N,National,2022-12,,115.886,,A,Normal value,0,Units,2,Two,2015,
DATAFLOW,OECD.SDD.STES:DSD_STES@DF_FINMARK(4.0),Financial market,I,IRL,Ireland,M,Monthly,SHARE,Share prices,IX,Index,_Z,Not applicable,_Z,Not applicable,_Z,Not applicable,_Z,Not applicable,N,National,2022-11,,115.7001,,A,Normal value,0,Units,2,Two,2015,
DATAFLOW,OECD.SDD.STES:DSD_STES@DF_FINMARK(4.0),Financial market,I,IRL,Ireland,M,Monthly,SHARE,Share prices,IX,Index,_Z,Not applicable,_Z,Not applicable,_Z,Not applicable,_Z,Not applicable,N,National,2022-10,,107.1108,,A,Normal value,0,Units,2,Two,2015,
DATAFLOW,OECD.SDD.STES:DSD_STES@DF_FINMARK(4.0),Financial market,I,IRL,Ireland,M,Monthly,SHARE,Share prices,IX,Index,_Z,Not applicable,_Z,Not applicable,_Z,Not applicable,_Z,Not applicable,N,National,2022-09,,108.4118,,A,Normal value,0,Units,2,Two,2015,
DATAFLOW,OECD.SDD.STES:DSD_STES@DF_FINMARK(4.0),Financial market,I,IRL,Ireland,M,Monthly,SHARE,Share prices,IX,Index,_Z,Not applicable,_Z,Not applicable,_Z,Not applicable,_Z,Not applicable,N,National,2022-08,,113.362,,A,Normal value,0,Units,2,Two,2015,
DATAFLOW,OECD.SDD.STES:DSD_STES@DF_FINMARK(4.0),Financial market,I,IRL,Ireland,M,Monthly,SHARE,Share prices,IX,Index,_Z,Not applicable,_Z,Not applicable,_Z,Not applicable,_Z,Not applicable,N,National,2022-07,,103.7954,,A,Normal value,0,Units,2,Two,2015,
DATAFLOW,OECD.SDD.STES:DSD_STES@DF_FINMARK(4.0),Financial market,I,IRL,Ireland,M,Monthly,SHARE,Share prices,IX,Index,_Z,Not applicable,_Z,Not applicable,_Z,Not applicable,_Z,Not applicable,N,National,2022-06,,107.7457,,A,Normal value,0,Units,2,Two,2015,
DATAFLOW,OECD.SDD.STES:DSD_STES@DF_FINMARK(4.0),Financial market,I,IRL,Ireland,M,Monthly,SHARE,Share prices,IX,Index,_Z,Not applicable,_Z,Not applicable,_Z,Not applicable,_Z,Not applicable,N,National,2022-05,,114.8374,,A,Normal value,0,Units,2,Two,2015,
DATAFLOW,OECD.SDD.STES:DSD_STES@DF_FINMARK(4.0),Financial market,I,IRL,Ireland,M,Monthly,SHARE,Share prices,IX,Index,_Z,Not applicable,_Z,Not applicable,_Z,Not applicable,_Z,Not applicable,N,National,2022-04,,116.1255,,A,Normal value,0,Units,2,Two,2015,
DATAFLOW,OECD.SDD.STES:DSD_STES@DF_FINMARK(4.0),Financial market,I,IRL,Ireland,M,Monthly,SHARE,Share prices,IX,Index,_Z,Not applicable,_Z,Not applicable,_Z,Not applicable,_Z,Not applicable,N,National,2022-03,,116.2953,,A,Normal value,0,Units,2,Two,2015,
DATAFLOW,OECD.SDD.STES:DSD_STES@DF_FINMARK(4.0),Financial market,I,IRL,Ireland,M,Monthly,SHARE,Share prices,IX,Index,_Z,Not applicable,_Z,Not applicable,_Z,Not applicable,_Z,Not applicable,N,National,2022-02,,132.0411,,A,Normal value,0,Units,2,Two,2015,
DATAFLOW,OECD.SDD.STES:DSD_STES@DF_FINMARK(4.0),Financial market,I,IRL,Ireland,M,Monthly,SHARE,Share prices,IX,Index,_Z,Not applicable,_Z,Not applicable,_Z,Not applicable,_Z,Not applicable,N,National,2022-01,,135.0468,,A,Normal value,0,Units,2,Two,2015,
DATAFLOW,OECD.SDD.STES:DSD_STES@DF_FINMARK(4.0),Financial market,I,IRL,Ireland,M,Monthly,SHARE,Share prices,IX,Index,_Z,Not applicable,_Z,Not applicable,_Z,Not applicable,_Z,Not applicable,N,National,2021-12,,132.0034,,A,Normal value,0,Units,2,Two,2015,
DATAFLOW,OECD.SDD.STES:DSD_STES@DF_FINMARK(4.0),Financial market,I,IRL,Ireland,M,Monthly,SHARE,Share prices,IX,Index,_Z,Not applicable,_Z,Not applicable,_Z,Not applicable,_Z,Not applicable,N,National,2021-11,,134.4549,,A,Normal value,0,Units,2,Two,2015,
DATAFLOW,OECD.SDD.STES:DSD_STES@DF_FINMARK(4.0),Financial market,I,IRL,Ireland,M,Monthly,SHARE,Share prices,IX,Index,_Z,Not applicable,_Z,Not applicable,_Z,Not applicable,_Z,Not applicable,N,National,2021-10,,136.2437,,A,Normal value,0,Units,2,Two,2015,
DATAFLOW,OECD.SDD.STES:DSD_STES@DF_FINMARK(4.0),Financial market,I,IRL,Ireland,M,Monthly,SHARE,Share prices,IX,Index,_Z,Not applicable,_Z,Not applicable,_Z,Not applicable,_Z,Not applicable,N,National,2021-09,,140.1569,,A,Normal value,0,Units,2,Two,2015,
DATAFLOW,OECD.SDD.STES:DSD_STES@DF_FINMARK(4.0),Financial market,I,IRL,Ireland,M,Monthly,SHARE,Share prices,IX,Index,_Z,Not applicable,_Z,Not applicable,_Z,Not applicable,_Z,Not applicable,N,National,2021-08,,139.4252,,A,Normal value,0,Units,2,Two,2015,
DATAFLOW,OECD.SDD.STES:DSD_STES@DF_FINMARK(4.0),Financial market,I,IRL,Ireland,M,Monthly,SHARE,Share prices,IX,Index,_Z,Not applicable,_Z,Not applicable,_Z,Not applicable,_Z,Not applicable,N,National,2021-07,,132.0859,,A,Normal value,0,Units,2,Two,2015,
DATAFLOW,OECD.SDD.STES:DSD_STES@DF_FINMARK(4.0),Financial market,I,IRL,Ireland,M,Monthly,SHARE,Share prices,IX,Index,_Z,Not applicable,_Z,Not applicable,_Z,Not applicable,_Z,Not applicable,N,National,2021-06,,133.1114,,A,Normal value,0,Units,2,Two,2015,
DATAFLOW,OECD.SDD.STES:DSD_STES@DF_FINMARK(4.0),Financial market,I,IRL,Ireland,M,Monthly,SHARE,Share prices,IX,Index,_Z,Not applicable,_Z,Not applicable,_Z,Not applicable,_Z,Not applicable,N,National,2021-05,,131.3565,,A,Normal value,0,Units,2,Two,2015,
DATAFLOW,OECD.SDD.STES:DSD_STES@DF_FINMARK(4.0),Financial market,I,IRL,Ireland,M,Monthly,SHARE,Share prices,IX,Index,_Z,Not applicable,_Z,Not applicable,_Z,Not applicable,_Z,Not applicable,N,National,2021-04,,130.4378,,A,Normal value,0,Units,2,Two,2015,
DATAFLOW,OECD.SDD.STES:DSD_STES@DF_FINMARK(4.0),Financial market,I,IRL,Ireland,M,Monthly,SHARE,Share prices,IX,Index,_Z,Not applicable,_Z,Not applicable,_Z,Not applicable,_Z,Not applicable,N,National,2021-03,,127.619,,A,Normal value,0,Units,2,Two,2015,
DATAFLOW,OECD.SDD.STES:DSD_STES@DF_FINMARK(4.0),Financial market,I,IRL,Ireland,M,Monthly,SHARE,Share prices,IX,Index,_Z,Not applicable,_Z,Not applicable,_Z,Not applicable,_Z,Not applicable,N,National,2021-02,,118.1912,,A,Normal value,0,Units,2,Two,2015,
DATAFLOW,OECD.SDD.STES:DSD_STES@DF_FINMARK(4.0),Financial market,I,IRL,Ireland,M,Monthly,SHARE,Share prices,IX,Index,_Z,Not applicable,_Z,Not applicable,_Z,Not applicable,_Z,Not applicable,N,National,2021-01,,119.8988,,A,Normal value,0,Units,2,Two,2015,
DATAFLOW,OECD.SDD.STES:DSD_STES@DF_FINMARK(4.0),Financial market,I,IRL,Ireland,M,Monthly,SHARE,Share prices,IX,Index,_Z,Not applicable,_Z,Not applicable,_Z,Not applicable,_Z,Not applicable,N,National,2020-12,,119.3606,,A,Normal value,0,Units,2,Two,2015,
DATAFLOW,OECD.SDD.STES:DSD_STES@DF_FINMARK(4.0),Financial market,I,CHE,Switzerland,M,Monthly,SHARE,Share prices,IX,Index,_Z,Not applicable,_Z,Not applicable,_Z,Not applicable,_Z,Not applicable,N,National,2025-12,,145.776,,A,Normal value,0,Units,2,Two,2015,
DATAFLOW,OECD.SDD.STES:DSD_STES@DF_FINMARK(4.0),Financial market,I,CHE,Switzerland,M,Monthly,SHARE,Share prices,IX,Index,_Z,Not applicable,_Z,Not applicable,_Z,Not applicable,_Z,Not applicable,N,National,2025-11,,140.7223,,A,Normal value,0,Units,2,Two,2015,
DATAFLOW,OECD.SDD.STES:DSD_STES@DF_FINMARK(4.0),Financial market,I,CHE,Switzerland,M,Monthly,SHARE,Share prices,IX,Index,_Z,Not applicable,_Z,Not applicable,_Z,Not applicable,_Z,Not applicable,N,National,2025-10,,139.9774,,A,Normal value,0,Units,2,Two,2015,
DATAFLOW,OECD.SDD.STES:DSD_STES@DF_FINMARK(4.0),Financial market,I,CHE,Switzerland,M,Monthly,SHARE,Share prices,IX,Index,_Z,Not applicable,_Z,Not applicable,_Z,Not applicable,_Z,Not applicable,N,National,2025-09,,136.66,,A,Normal value,0,Units,2,Two,2015,
DATAFLOW,OECD.SDD.STES:DSD_STES@DF_FINMARK(4.0),Financial market,I,CHE,Switzerland,M,Monthly,SHARE,Share prices,IX,Index,_Z,Not applicable,_Z,Not applicable,_Z,Not applicable,_Z,Not applicable,N,National,2025-08,,136.0834,,A,Normal value,0,Units,2,Two,2015,
DATAFLOW,OECD.SDD.STES:DSD_STES@DF_FINMARK(4.0),Financial market,I,CHE,Switzerland,M,Monthly,SHARE,Share prices,IX,Index,_Z,Not applicable,_Z,Not applicable,_Z,Not applicable,_Z,Not applicable,N,National,2025-07,,135.3702,,A,Normal value,0,Units,2,Two,2015,
DATAFLOW,OECD.SDD.STES:DSD_STES@DF_FINMARK(4.0),Financial market,I,CHE,Switzerland,M,Monthly,SHARE,Share prices,IX,Index,_Z,Not applicable,_Z,Not applicable,_Z,Not applicable,_Z,Not applicable,N,National,2025-06,,136.009,,A,Normal value,0,Units,2,Two,2015,
DATAFLOW,OECD.SDD.STES:DSD_STES@DF_FINMARK(4.0),Financial market,I,CHE,Switzerland,M,Monthly,SHARE,Share prices,IX,Index,_Z,Not applicable,_Z,Not applicable,_Z,Not applicable,_Z,Not applicable,N,National,2025-05,,136.6428,,A,Normal value,0,Units,2,Two,2015,
DATAFLOW,OECD.SDD.STES:DSD_STES@DF_FINMARK(4.0),Financial market,I,CHE,Switzerland,M,Monthly,SHARE,Share prices,IX,Index,_Z,Not applicable,_Z,Not applicable,_Z,Not applicable,_Z,Not applicable,N,National,2025-04,,130.0846,,A,Normal value,0,Units,2,Two,2015,
DATAFLOW,OECD.SDD.STES:DSD_STES@DF_FINMARK(4.0),Financial market,I,CHE,Switzerland,M,Monthly,SHARE,Share prices,IX,Index,_Z,Not applicable,_Z,Not applicable,_Z,Not applicable,_Z,Not applicable,N,National,2025-03,,143.33,,A,Normal value,0,Units,2,Two,2015,
DATAFLOW,OECD.SDD.STES:DSD_STES@DF_FINMARK(4.0),Financial market,I,CHE,Switzerland,M,Monthly,SHARE,Share prices,IX,Index,_Z,Not applicable,_Z,Not applicable,_Z,Not applicable,_Z,Not applicable,N,National,2025-02,,142.1624,,A,Normal value,0,Units,2,Two,2015,
DATAFLOW,OECD.SDD.STES:DSD_STES@DF_FINMARK(4.0),Financial market,I,CHE,Switzerland,M,Monthly,SHARE,Share prices,IX,Index,_Z,Not applicable,_Z,Not applicable,_Z,Not applicable,_Z,Not applicable,N,National,2025-01,,134.2456,,A,Normal value,0,Units,2,Two,2015,
DATAFLOW,OECD.SDD.STES:DSD_STES@DF_FINMARK(4.0),Financial market,I,CHE,Switzerland,M,Monthly,SHARE,Share prices,IX,Index,_Z,Not applicable,_Z,Not applicable,_Z,Not applicable,_Z,Not applicable,N,National,2024-12,,130.0368,,A,Normal value,0,Units,2,Two,2015,
DATAFLOW,OECD.SDD.STES:DSD_STES@DF_FINMARK(4.0),Financial market,I,CHE,Switzerland,M,Monthly,SHARE,Share prices,IX,Index,_Z,Not applicable,_Z,Not applicable,_Z,Not applicable,_Z,Not applicable,N,National,2024-11,,131.0088,,A,Normal value,0,Units,2,Two,2015,
DATAFLOW,OECD.SDD.STES:DSD_STES@DF_FINMARK(4.0),Financial market,I,CHE,Switzerland,M,Monthly,SHARE,Share prices,IX,Index,_Z,Not applicable,_Z,Not applicable,_Z,Not applicable,_Z,Not applicable,N,National,2024-10,,135.3966,,A,Normal value,0,Units,2,Two,2015,
DATAFLOW,OECD.SDD.STES:DSD_STES@DF_FINMARK(4.0),Financial market,I,CHE,Switzerland,M,Monthly,SHARE,Share prices,IX,Index,_Z,Not applicable,_Z,Not applicable,_Z,Not applicable,_Z,Not applicable,N,National,2024-09,,134.6938,,A,Normal value,0,Units,2,Two,2015,
DATAFLOW,OECD.SDD.STES:DSD_STES@DF_FINMARK(4.0),Financial market,I,CHE,Switzerland,M,Monthly,SHARE,Share prices,IX,Index,_Z,Not applicable,_Z,Not applicable,_Z,Not applicable,_Z,Not applicable,N,National,2024-08,,134.9096,,A,Normal value,0,Units,2,Two,2015,
DATAFLOW,OECD.SDD.STES:DSD_STES@DF_FINMARK(4.0),Financial market,I,CHE,Switzerland,M,Monthly,SHARE,Share prices,IX,Index,_Z,Not applicable,_Z,Not applicable,_Z,Not applicable,_Z,Not applicable,N,National,2024-07,,135.7491,,A,Normal value,0,Units,2,Two,2015,
DATAFLOW,OECD.SDD.STES:DSD_STES@DF_FINMARK(4.0),Financial market,I,CHE,Switzerland,M,Monthly,SHARE,Share prices,IX,Index,_Z,Not applicable,_Z,Not applicable,_Z,Not applicable,_Z,Not applicable,N,National,2024-06,,134.5432,,A,Normal value,0,Units,2,Two,2015,
DATAFLOW,OECD.SDD.STES:DSD_STES@DF_FINMARK(4.0),Financial market,I,CHE,Switzerland,M,Monthly,SHARE,Share prices,IX,Index,_Z,Not applicable,_Z,Not applicable,_Z,Not applicable,_Z,Not applicable,N,National,2024-05,,131.6923,,A,Normal value,0,Units,2,Two,2015,
DATAFLOW,OECD.SDD.STES:DSD_STES@DF_FINMARK(4.0),Financial market,I,CHE,Switzerland,M,Monthly,SHARE,Share prices,IX,Index,_Z,Not applicable,_Z,Not applicable,_Z,Not applicable,_Z,Not applicable,N,National,2024-04,,128.2352,,A,Normal value,0,Units,2,Two,2015,
DATAFLOW,OECD.SDD.STES:DSD_STES@DF_FINMARK(4.0),Financial market,I,CHE,Switzerland,M,Monthly,SHARE,Share prices,IX,Index,_Z,Not applicable,_Z,Not applicable,_Z,Not applicable,_Z,Not applicable,N,National,2024-03,,130.5809,,A,Normal value,0,Units,2,Two,2015,
DATAFLOW,OECD.SDD.STES:DSD_STES@DF_FINMARK(4.0),Financial market,I,CHE,Switzerland,M,Monthly,SHARE,Share prices,IX,Index,_Z,Not applicable,_Z,Not applicable,_Z,Not applicable,_Z,Not applicable,N,National,2024-02,,127.3455,,A,Normal value,0,Units,2,Two,2015,
DATAFLOW,OECD.SDD.STES:DSD_STES@DF_FINMARK(4.0),Financial market,I,CHE,Switzerland,M,Monthly,SHARE,Share prices,IX,Index,_Z,Not applicable,_Z,Not applicable,_Z,Not applicable,_Z,Not applicable,N,National,2024-01,,126.2462,,A,Normal value,0,Units,2,Two,2015,
DATAFLOW,OECD.SDD.STES:DSD_STES@DF_FINMARK(4.0),Financial market,I,CHE,Switzerland,M,Monthly,SHARE,Share prices,IX,Index,_Z,Not applicable,_Z,Not applicable,_Z,Not applicable,_Z,Not applicable,N,National,2023-12,,125.1536,,A,Normal value,0,Units,2,Two,2015,
DATAFLOW,OECD.SDD.STES:DSD_STES@DF_FINMARK(4.0),Financial market,I,CHE,Switzerland,M,Monthly,SHARE,Share prices,IX,Index,_Z,Not applicable,_Z,Not applicable,_Z,Not applicable,_Z,Not applicable,N,National,2023-11,,121.103,,A,Normal value,0,Units,2,Two,2015,
DATAFLOW,OECD.SDD.STES:DSD_STES@DF_FINMARK(4.0),Financial market,I,CHE,Switzerland,M,Monthly,SHARE,Share prices,IX,Index,_Z,Not applicable,_Z,Not applicable,_Z,Not applicable,_Z,Not applicable,N,National,2023-10,,120.3097,,A,Normal value,0,Units,2,Two,2015,
DATAFLOW,OECD.SDD.STES:DSD_STES@DF_FINMARK(4.0),Financial market,I,CHE,Switzerland,M,Monthly,SHARE,Share prices,IX,Index,_Z,Not applicable,_Z,Not applicable,_Z,Not applicable,_Z,Not applicable,N,National,2023-09,,124.8924,,A,Normal value,0,Units,2,Two,2015,
DATAFLOW,OECD.SDD.STES:DSD_STES@DF_FINMARK(4.0),Financial market,I,SWE,Sweden,M,Monthly,SHARE,Share prices,IX,Index,_Z,Not applicable,_Z,Not applicable,_Z,Not applicable,_Z,Not applicable,N,National,2025-12,,199.468,,A,Normal value,0,Units,2,Two,2015,
DATAFLOW,OECD.SDD.STES:DSD_STES@DF_FINMARK(4.0),Financial market,I,SWE,Sweden,M,Monthly,SHARE,Share prices,IX,Index,_Z,Not applicable,_Z,Not applicable,_Z,Not applicable,_Z,Not applicable,N,National,2025-11,,195.9086,,A,Normal value,0,Units,2,Two,2015,
DATAFLOW,OECD.SDD.STES:DSD_STES@DF_FINMARK(4.0),Financial market,I,SWE,Sweden,M,Monthly,SHARE,Share prices,IX,Index,_Z,Not applicable,_Z,Not applicable,_Z,Not applicable,_Z,Not applicable,N,National,2025-10,,196.5773,,A,Normal value,0,Units,2,Two,2015,
DATAFLOW,OECD.SDD.STES:DSD_STES@DF_FINMARK(4.0),Financial market,I,SWE,Sweden,M,Monthly,SHARE,Share prices,IX,Index,_Z,Not applicable,_Z,Not applicable,_Z,Not applicable,_Z,Not applicable,N,National,2025-09,,190.1212,,A,Normal value,0,Units,2,Two,2015,
DATAFLOW,OECD.SDD.STES:DSD_STES@DF_FINMARK(4.0),Financial market,I,SWE,Sweden,M,Monthly,SHARE,Share prices,IX,Index,_Z,Not applicable,_Z,Not applicable,_Z,Not applicable,_Z,Not applicable,N,National,2025-08,,190.5145,,A,Normal value,0,Units,2,Two,2015,
DATAFLOW,OECD.SDD.STES:DSD_STES@DF_FINMARK(4.0),Financial market,I,SWE,Sweden,M,Monthly,SHARE,Share prices,IX,Index,_Z,Not applicable,_Z,Not applicable,_Z,Not applicable,_Z,Not applicable,N,National,2025-07,,188.7997,,A,Normal value,0,Units,2,Two,2015,
DATAFLOW,OECD.SDD.STES:DSD_STES@DF_FINMARK(4.0),Financial market,I,SWE,Sweden,M,Monthly,SHARE,Share prices,IX,Index,_Z,Not applicable,_Z,Not applicable,_Z,Not applicable,_Z,Not applicable,N,National,2025-06,,183.4396,,A,Normal value,0,Units,2,Two,2015,
DATAFLOW,OECD.SDD.STES:DSD_STES@DF_FINMARK(4.0),Financial market,I,SWE,Sweden,M,Monthly,SHARE,Share prices,IX,Index,_Z,Not applicable,_Z,Not applicable,_Z,Not applicable,_Z,Not applicable,N,National,2025-05,,184.831,,A,Normal value,0,Units,2,Two,2015,
DATAFLOW,OECD.SDD.STES:DSD_STES@DF_FINMARK(4.0),Financial market,I,SWE,Sweden,M,Monthly,SHARE,Share prices,IX,Index,_Z,Not applicable,_Z,Not applicable,_Z,Not applicable,_Z,Not applicable,N,National,2025-04,,174.1727,,A,Normal value,0,Units,2,Two,2015,
DATAFLOW,OECD.SDD.STES:DSD_STES@DF_FINMARK(4.0),Financial market,I,SWE,Sweden,M,Monthly,SHARE,Share prices,IX,Index,_Z,Not applicable,_Z,Not applicable,_Z,Not applicable,_Z,Not applicable,N,National,2025-03,,193.9681,,A,Normal value,0,Units,2,Two,2015,
DATAFLOW,OECD.SDD.STES:DSD_STES@DF_FINMARK(4.0),Financial market,I,SWE,Sweden,M,Monthly,SHARE,Share prices,IX,Index,_Z,Not applicable,_Z,Not applicable,_Z,Not applicable,_Z,Not applicable,N,National,2025-02,,200.9652,,A,Normal value,0,Units,2,Two,2015,
DATAFLOW,OECD.SDD.STES:DSD_STES@DF_FINMARK(4.0),Financial market,I,SWE,Sweden,M,Monthly,SHARE,Share prices,IX,Index,_Z,Not applicable,_Z,Not applicable,_Z,Not applicable,_Z,Not applicable,N,National,2025-01,,191.7702,,A,Normal value,0,Units,2,Two,2015,
DATAFLOW,OECD.SDD.STES:DSD_STES@DF_FINMARK(4.0),Financial market,I,SWE,Sweden,M,Monthly,SHARE,Share prices,IX,Index,_Z,Not applicable,_Z,Not applicable,_Z,Not applicable,_Z,Not applicable,N,National,2024-12,,188.616,,A,Normal value,0,Units,2,Two,2015,
DATAFLOW,OECD.SDD.STES:DSD_STES@DF_FINMARK(4.0),Financial market,I,SWE,Sweden,M,Monthly,SHARE,Share prices,IX,Index,_Z,Not applicable,_Z,Not applicable,_Z,Not applicable,_Z,Not applicable,N,National,2024-11,,187.6598,,A,Normal value,0,Units,2,Two,2015,
DATAFLOW,OECD.SDD.STES:DSD_STES@DF_FINMARK(4.0),Financial market,I,SWE,Sweden,M,Monthly,SHARE,Share prices,IX,Index,_Z,Not applicable,_Z,Not applicable,_Z,Not applicable,_Z,Not applicable,N,National,2024-10,,193.2994,,A,Normal value,0,Units,2,Two,2015,
DATAFLOW,OECD.SDD.STES:DSD_STES@DF_FINMARK(4.0),Financial market,I,SWE,Sweden,M,Monthly,SHARE,Share prices,IX,Index,_Z,Not applicable,_Z,Not applicable,_Z,Not applicable,_Z,Not applicable,N,National,2024-09,,192.4789,,A,Normal value,0,Units,2,Two,2015,
DATAFLOW,OECD.SDD.STES:DSD_STES@DF_FINMARK(4.0),Financial market,I,SWE,Sweden,M,Monthly,SHARE,Share prices,IX,Index,_Z,Not applicable,_Z,Not applicable,_Z,Not applicable,_Z,Not applicable,N,National,2024-08,,188.636,,A,Normal value,0,Units,2,Two,2015,
DATAFLOW,OECD.SDD.STES:DSD_STES@DF_FINMARK(4.0),Financial market,I,SWE,Sweden,M,Monthly,SHARE,Share prices,IX,Index,_Z,Not applicable,_Z,Not applicable,_Z,Not applicable,_Z,Not applicable,N,National,2024-07,,193.0478,,A,Normal value,0,Units,2,Two,2015,
DATAFLOW,OECD.SDD.STES:DSD_STES@DF_FINMARK(4.0),Financial market,I,SWE,Sweden,M,Monthly,SHARE,Share prices,IX,Index,_Z,Not applicable,_Z,Not applicable,_Z,Not applicable,_Z,Not applicable,N,National,2024-06,,191.0335,,A,Normal value,0,Units,2,Two,2015,
DATAFLOW,OECD.SDD.STES:DSD_STES@DF_FINMARK(4.0),Financial market,I,SWE,Sweden,M,Monthly,SHARE,Share prices,IX,Index,_Z,Not applicable,_Z,Not applicable,_Z,Not applicable,_Z,Not applicable,N,National,2024-05,,191.848,,A,Normal value,0,Units,2,Two,2015,
DATAFLOW,OECD.SDD.STES:DSD_STES@DF_FINMARK(4.0),Financial market,I,SWE,Sweden,M,Monthly,SHARE,Share prices,IX,Index,_Z,Not applicable,_Z,Not applicable,_Z,Not applicable,_Z,Not applicable,N,National,2024-04,,185.1783,,A,Normal value,0,Units,2,Two,2015,
DATAFLOW,OECD.SDD.STES:DSD_STES@DF_FINMARK(4.0),Financial market,I,SWE,Sweden,M,Monthly,SHARE,Share prices,IX,Index,_Z,Not applicable,_Z,Not applicable,_Z,Not applicable,_Z,Not applicable,N,National,2024-03,,185.0666,,A,Normal value,0,Units,2,Two,2015,
DATAFLOW,OECD.SDD.STES:DSD_STES@DF_FINMARK(4.0),Financial market,I,SWE,Sweden,M,Monthly,SHARE,Share prices,IX,Index,_Z,Not applicable,_Z,Not applicable,_Z,Not applicable,_Z,Not applicable,N,National,2024-02,,175.5322,,A,Normal value,0,Units,2,Two,2015,
DATAFLOW,OECD.SDD.STES:DSD_STES@DF_FINMARK(4.0),Financial market,I,SWE,Sweden,M,Monthly,SHARE,Share prices,IX,Index,_Z,Not applicable,_Z,Not applicable,_Z,Not applicable,_Z,Not applicable,N,National,2024-01,,170.9087,,A,Normal value,0,Units,2,Two,2015,
DATAFLOW,OECD.SDD.STES:DSD_STES@DF_FINMARK(4.0),Financial market,I,SWE,Sweden,M,Monthly,SHARE,Share prices,IX,Index,_Z,Not applicable,_Z,Not applicable,_Z,Not applicable,_Z,Not applicable,N,National,2023-12,,170.5992,,A,Normal value,0,Units,2,Two,2015,
DATAFLOW,OECD.SDD.STES:DSD_STES@DF_FINMARK(4.0),Financial market,I,SWE,Sweden,M,Monthly,SHARE,Share prices,IX,Index,_Z,Not applicable,_Z,Not applicable,_Z,Not applicable,_Z,Not applicable,N,National,2023-11,,156.9824,,A,Normal value,0,Units,2,Two,2015,
DATAFLOW,OECD.SDD.STES:DSD_STES@DF_FINMARK(4.0),Financial market,I,SWE,Sweden,M,Monthly,SHARE,Share prices,IX,Index,_Z,Not applicable,_Z,Not applicable,_Z,Not applicable,_Z,Not applicable,N,National,2023-10,,151.0074,,A,Normal value,0,Units,2,Two,2015,
DATAFLOW,OECD.SDD.STES:DSD_STES@DF_FINMARK(4.0),Financial market,I,SWE,Sweden,M,Monthly,SHARE,Share prices,IX,Index,_Z,Not applicable,_Z,Not applicable,_Z,Not applicable,_Z,Not applicable,N,National,2023-09,,155.8644,,A,Normal value,0,Units,2,Two,2015,
DATAFLOW,OECD.SDD.STES:DSD_STES@DF_FINMARK(4.0),Financial market,I,SWE,Sweden,M,Monthly,SHARE,Share prices,IX,Index,_Z,Not applicable,_Z,Not applicable,_Z,Not applicable,_Z,Not applicable,N,National,2023-08,,157.7769,,A,Normal value,0,Units,2,Two,2015,
DATAFLOW,OECD.SDD.STES:DSD_STES@DF_FINMARK(4.0),Financial market,I,SWE,Sweden,M,Monthly,SHARE,Share prices,IX,Index,_Z,Not applicable,_Z,Not applicable,_Z,Not applicable,_Z,Not applicable,N,National,2023-07,,162.0011,,A,Normal value,0,Units,2,Two,2015,
DATAFLOW,OECD.SDD.STES:DSD_STES@DF_FINMARK(4.0),Financial market,I,SWE,Sweden,M,Monthly,SHARE,Share prices,IX,Index,_Z,Not applicable,_Z,Not applicable,_Z,Not applicable,_Z,Not applicable,N,National,2023-06,,163.5982,,A,Normal value,0,Units,2,Two,2015,
DATAFLOW,OECD.SDD.STES:DSD_STES@DF_FINMARK(4.0),Financial market,I,SWE,Sweden,M,Monthly,SHARE,Share prices,IX,Index,_Z,Not applicable,_Z,Not applicable,_Z,Not applicable,_Z,Not applicable,N,National,2023-05,,163.0691,,A,Normal value,0,Units,2,Two,2015,
DATAFLOW,OECD.SDD.STES:DSD_STES@DF_FINMARK(4.0),Financial market,I,SWE,Sweden,M,Monthly,SHARE,Share prices,IX,Index,_Z,Not applicable,_Z,Not applicable,_Z,Not applicable,_Z,Not applicable,N,National,2023-04,,163.4484,,A,Normal value,0,Units,2,Two,2015,
DATAFLOW,OECD.SDD.STES:DSD_STES@DF_FINMARK(4.0),Financial market,I,SWE,Sweden,M,Monthly,SHARE,Share prices,IX,Index,_Z,Not applicable,_Z,Not applicable,_Z,Not applicable,_Z,Not applicable,N,National,2023-03,,159.6634,,A,Normal value,0,Units,2,Two,2015,
DATAFLOW,OECD.SDD.STES:DSD_STES@DF_FINMARK(4.0),Financial market,I,SWE,Sweden,M,Monthly,SHARE,Share prices,IX,Index,_Z,Not applicable,_Z,Not applicable,_Z,Not applicable,_Z,Not applicable,N,National,2023-02,,166.4409,,A,Normal value,0,Units,2,Two,2015,
DATAFLOW,OECD.SDD.STES:DSD_STES@DF_FINMARK(4.0),Financial market,I,SWE,Sweden,M,Monthly,SHARE,Share prices,IX,Index,_Z,Not applicable,_Z,Not applicable,_Z,Not applicable,_Z,Not applicable,N,National,2023-01,,161.6478,,A,Normal value,0,Units,2,Two,2015,
DATAFLOW,OECD.SDD.STES:DSD_STES@DF_FINMARK(4.0),Financial market,I,SWE,Sweden,M,Monthly,SHARE,Share prices,IX,Index,_Z,Not applicable,_Z,Not applicable,_Z,Not applicable,_Z,Not applicable,N,National,2022-12,,153.9939,,A,Normal value,0,Units,2,Two,2015,
DATAFLOW,OECD.SDD.STES:DSD_STES@DF_FINMARK(4.0),Financial market,I,SWE,Sweden,M,Monthly,SHARE,Share prices,IX,Index,_Z,Not applicable,_Z,Not applicable,_Z,Not applicable,_Z,Not applicable,N,National,2022-11,,152.8121,,A,Normal value,0,Units,2,Two,2015,
DATAFLOW,OECD.SDD.STES:DSD_STES@DF_FINMARK(4.0),Financial market,I,SWE,Sweden,M,Monthly,SHARE,Share prices,IX,Index,_Z,Not applicable,_Z,Not applicable,_Z,Not applicable,_Z,Not applicable,N,National,2022-10,,139.9538,,A,Normal value,0,Units,2,Two,2015,
DATAFLOW,OECD.SDD.STES:DSD_STES@DF_FINMARK(4.0),Financial market,I,SWE,Sweden,M,Monthly,SHARE,Share prices,IX,Index,_Z,Not applicable,_Z,Not applicable,_Z,Not applicable,_Z,Not applicable,N,National,2022-09,,141.8523,,A,Normal value,0,Units,2,Two,2015,
DATAFLOW,OECD.SDD.STES:DSD_STES@DF_FINMARK(4.0),Financial market,I,SWE,Sweden,M,Monthly,SHARE,Share prices,IX,Index,_Z,Not applicable,_Z,Not applicable,_Z,Not applicable,_Z,Not applicable,N,National,2022-08,,154.483,,A,Normal value,0,Units,2,Two,2015,
DATAFLOW,OECD.SDD.STES:DSD_STES@DF_FINMARK(4.0),Financial market,I,SWE,Sweden,M,Monthly,SHARE,Share prices,IX,Index,_Z,Not applicable,_Z,Not applicable,_Z,Not applicable,_Z,Not applicable,N,National,2022-07,,149.1848,,A,Normal value,0,Units,2,Two,2015,
DATAFLOW,OECD.SDD.STES:DSD_STES@DF_FINMARK(4.0),Financial market,I,SWE,Sweden,M,Monthly,SHARE,Share prices,IX,Index,_Z,Not applicable,_Z,Not applicable,_Z,Not applicable,_Z,Not applicable,N,National,2022-06,,150.1031,,A,Normal value,0,Units,2,Two,2015,
DATAFLOW,OECD.SDD.STES:DSD_STES@DF_FINMARK(4.0),Financial market,I,SWE,Sweden,M,Monthly,SHARE,Share prices,IX,Index,_Z,Not applicable,_Z,Not applicable,_Z,Not applicable,_Z,Not applicable,N,National,2022-05,,156.5891,,A,Normal value,0,Units,2,Two,2015,
DATAFLOW,OECD.SDD.STES:DSD_STES@DF_FINMARK(4.0),Financial market,I,SWE,Sweden,M,Monthly,SHARE,Share prices,IX,Index,_Z,Not applicable,_Z,Not applicable,_Z,Not applicable,_Z,Not applicable,N,National,2022-04,,168.8944,,A,Normal value,0,Units,2,Two,2015,
DATAFLOW,OECD.SDD.STES:DSD_STES@DF_FINMARK(4.0),Financial market,I,SWE,Sweden,M,Monthly,SHARE,Share prices,IX,Index,_Z,Not applicable,_Z,Not applicable,_Z,Not applicable,_Z,Not applicable,N,National,2022-03,,167.5349,,A,Normal value,0,Units,2,Two,2015,
DATAFLOW,OECD.SDD.STES:DSD_STES@DF_FINMARK(4.0),Financial market,I,SWE,Sweden,M,Monthly,SHARE,Share prices,IX,Index,_Z,Not applicable,_Z,Not applicable,_Z,Not applicable,_Z,Not applicable,N,National,2022-02,,175.8017,,A,Normal value,0,Units,2,Two,2015,
DATAFLOW,OECD.SDD.STES:DSD_STES@DF_FINMARK(4.0),Financial market,I,SWE,Sweden,M,Monthly,SHARE,Share prices,IX,Index,_Z,Not applicable,_Z,Not applicable,_Z,Not applicable,_Z,Not applicable,N,National,2022-01,,188.9853,,A,Normal value,0,Units,2,Two,2015,
DATAFLOW,OECD.SDD.STES:DSD_STES@DF_FINMARK(4.0),Financial market,I,SWE,Sweden,M,Monthly,SHARE,Share prices,IX,Index,_Z,Not applicable,_Z,Not applicable,_Z,Not applicable,_Z,Not applicable,N,National,2021-12,,194.6928,,A,Normal value,0,Units,2,Two,2015,
DATAFLOW,OECD.SDD.STES:DSD_STES@DF_FINMARK(4.0),Financial market,I,SWE,Sweden,M,Monthly,SHARE,Share prices,IX,Index,_Z,Not applicable,_Z,Not applicable,_Z,Not applicable,_Z,Not applicable,N,National,2021-11,,195.2358,,A,Normal value,0,Units,2,Two,2015,
DATAFLOW,OECD.SDD.STES:DSD_STES@DF_FINMARK(4.0),Financial market,I,SWE,Sweden,M,Monthly,SHARE,Share prices,IX,Index,_Z,Not applicable,_Z,Not applicable,_Z,Not applicable,_Z,Not applicable,N,National,2021-10,,184.3419,,A,Normal value,0,Units,2,Two,2015,
DATAFLOW,OECD.SDD.STES:DSD_STES@DF_FINMARK(4.0),Financial market,I,SWE,Sweden,M,Monthly,SHARE,Share prices,IX,Index,_Z,Not applicable,_Z,Not applicable,_Z,Not applicable,_Z,Not applicable,N,National,2021-09,,187.7037,,A,Normal value,0,Units,2,Two,2015,
